
Graduation_Project.elf:     file format elf32-avr

Sections:
Idx Name          Size      VMA       LMA       File off  Algn
  0 .text         0000325e  00000000  00000000  00000094  2**1
                  CONTENTS, ALLOC, LOAD, READONLY, CODE
  1 .data         0000007c  00800060  0000325e  000032f2  2**0
                  CONTENTS, ALLOC, LOAD, DATA
  2 .bss          00000004  008000dc  008000dc  0000336e  2**0
                  ALLOC
  3 .stab         00002bf8  00000000  00000000  00003370  2**2
                  CONTENTS, READONLY, DEBUGGING
  4 .stabstr      00000e45  00000000  00000000  00005f68  2**0
                  CONTENTS, READONLY, DEBUGGING
  5 .debug_aranges 00000140  00000000  00000000  00006dad  2**0
                  CONTENTS, READONLY, DEBUGGING
  6 .debug_pubnames 00000170  00000000  00000000  00006eed  2**0
                  CONTENTS, READONLY, DEBUGGING
  7 .debug_info   00001c49  00000000  00000000  0000705d  2**0
                  CONTENTS, READONLY, DEBUGGING
  8 .debug_abbrev 00000eeb  00000000  00000000  00008ca6  2**0
                  CONTENTS, READONLY, DEBUGGING
  9 .debug_line   00000dad  00000000  00000000  00009b91  2**0
                  CONTENTS, READONLY, DEBUGGING
 10 .debug_frame  00000160  00000000  00000000  0000a940  2**2
                  CONTENTS, READONLY, DEBUGGING
 11 .debug_str    0000028d  00000000  00000000  0000aaa0  2**0
                  CONTENTS, READONLY, DEBUGGING
 12 .debug_loc    000007ce  00000000  00000000  0000ad2d  2**0
                  CONTENTS, READONLY, DEBUGGING
 13 .debug_ranges 00000050  00000000  00000000  0000b4fb  2**0
                  CONTENTS, READONLY, DEBUGGING

Disassembly of section .text:

00000000 <__vectors>:
       0:	0c 94 2a 00 	jmp	0x54	; 0x54 <__ctors_end>
       4:	0c 94 47 00 	jmp	0x8e	; 0x8e <__bad_interrupt>
       8:	0c 94 47 00 	jmp	0x8e	; 0x8e <__bad_interrupt>
       c:	0c 94 47 00 	jmp	0x8e	; 0x8e <__bad_interrupt>
      10:	0c 94 47 00 	jmp	0x8e	; 0x8e <__bad_interrupt>
      14:	0c 94 47 00 	jmp	0x8e	; 0x8e <__bad_interrupt>
      18:	0c 94 47 00 	jmp	0x8e	; 0x8e <__bad_interrupt>
      1c:	0c 94 47 00 	jmp	0x8e	; 0x8e <__bad_interrupt>
      20:	0c 94 47 00 	jmp	0x8e	; 0x8e <__bad_interrupt>
      24:	0c 94 47 00 	jmp	0x8e	; 0x8e <__bad_interrupt>
      28:	0c 94 47 00 	jmp	0x8e	; 0x8e <__bad_interrupt>
      2c:	0c 94 47 00 	jmp	0x8e	; 0x8e <__bad_interrupt>
      30:	0c 94 47 00 	jmp	0x8e	; 0x8e <__bad_interrupt>
      34:	0c 94 47 00 	jmp	0x8e	; 0x8e <__bad_interrupt>
      38:	0c 94 47 00 	jmp	0x8e	; 0x8e <__bad_interrupt>
      3c:	0c 94 47 00 	jmp	0x8e	; 0x8e <__bad_interrupt>
      40:	0c 94 47 00 	jmp	0x8e	; 0x8e <__bad_interrupt>
      44:	0c 94 47 00 	jmp	0x8e	; 0x8e <__bad_interrupt>
      48:	0c 94 47 00 	jmp	0x8e	; 0x8e <__bad_interrupt>
      4c:	0c 94 47 00 	jmp	0x8e	; 0x8e <__bad_interrupt>
      50:	0c 94 47 00 	jmp	0x8e	; 0x8e <__bad_interrupt>

00000054 <__ctors_end>:
      54:	11 24       	eor	r1, r1
      56:	1f be       	out	0x3f, r1	; 63
      58:	cf e5       	ldi	r28, 0x5F	; 95
      5a:	d8 e0       	ldi	r29, 0x08	; 8
      5c:	de bf       	out	0x3e, r29	; 62
      5e:	cd bf       	out	0x3d, r28	; 61

00000060 <__do_copy_data>:
      60:	10 e0       	ldi	r17, 0x00	; 0
      62:	a0 e6       	ldi	r26, 0x60	; 96
      64:	b0 e0       	ldi	r27, 0x00	; 0
      66:	ee e5       	ldi	r30, 0x5E	; 94
      68:	f2 e3       	ldi	r31, 0x32	; 50
      6a:	02 c0       	rjmp	.+4      	; 0x70 <.do_copy_data_start>

0000006c <.do_copy_data_loop>:
      6c:	05 90       	lpm	r0, Z+
      6e:	0d 92       	st	X+, r0

00000070 <.do_copy_data_start>:
      70:	ac 3d       	cpi	r26, 0xDC	; 220
      72:	b1 07       	cpc	r27, r17
      74:	d9 f7       	brne	.-10     	; 0x6c <.do_copy_data_loop>

00000076 <__do_clear_bss>:
      76:	10 e0       	ldi	r17, 0x00	; 0
      78:	ac ed       	ldi	r26, 0xDC	; 220
      7a:	b0 e0       	ldi	r27, 0x00	; 0
      7c:	01 c0       	rjmp	.+2      	; 0x80 <.do_clear_bss_start>

0000007e <.do_clear_bss_loop>:
      7e:	1d 92       	st	X+, r1

00000080 <.do_clear_bss_start>:
      80:	a0 3e       	cpi	r26, 0xE0	; 224
      82:	b1 07       	cpc	r27, r17
      84:	e1 f7       	brne	.-8      	; 0x7e <.do_clear_bss_loop>
      86:	0e 94 e9 18 	call	0x31d2	; 0x31d2 <main>
      8a:	0c 94 2d 19 	jmp	0x325a	; 0x325a <_exit>

0000008e <__bad_interrupt>:
      8e:	0c 94 00 00 	jmp	0	; 0x0 <__vectors>

00000092 <__fixunssfsi>:
      92:	ef 92       	push	r14
      94:	ff 92       	push	r15
      96:	0f 93       	push	r16
      98:	1f 93       	push	r17
      9a:	7b 01       	movw	r14, r22
      9c:	8c 01       	movw	r16, r24
      9e:	20 e0       	ldi	r18, 0x00	; 0
      a0:	30 e0       	ldi	r19, 0x00	; 0
      a2:	40 e0       	ldi	r20, 0x00	; 0
      a4:	5f e4       	ldi	r21, 0x4F	; 79
      a6:	0e 94 49 03 	call	0x692	; 0x692 <__gesf2>
      aa:	88 23       	and	r24, r24
      ac:	8c f0       	brlt	.+34     	; 0xd0 <__fixunssfsi+0x3e>
      ae:	c8 01       	movw	r24, r16
      b0:	b7 01       	movw	r22, r14
      b2:	20 e0       	ldi	r18, 0x00	; 0
      b4:	30 e0       	ldi	r19, 0x00	; 0
      b6:	40 e0       	ldi	r20, 0x00	; 0
      b8:	5f e4       	ldi	r21, 0x4F	; 79
      ba:	0e 94 c1 01 	call	0x382	; 0x382 <__subsf3>
      be:	0e 94 a9 03 	call	0x752	; 0x752 <__fixsfsi>
      c2:	9b 01       	movw	r18, r22
      c4:	ac 01       	movw	r20, r24
      c6:	20 50       	subi	r18, 0x00	; 0
      c8:	30 40       	sbci	r19, 0x00	; 0
      ca:	40 40       	sbci	r20, 0x00	; 0
      cc:	50 48       	sbci	r21, 0x80	; 128
      ce:	06 c0       	rjmp	.+12     	; 0xdc <__fixunssfsi+0x4a>
      d0:	c8 01       	movw	r24, r16
      d2:	b7 01       	movw	r22, r14
      d4:	0e 94 a9 03 	call	0x752	; 0x752 <__fixsfsi>
      d8:	9b 01       	movw	r18, r22
      da:	ac 01       	movw	r20, r24
      dc:	b9 01       	movw	r22, r18
      de:	ca 01       	movw	r24, r20
      e0:	1f 91       	pop	r17
      e2:	0f 91       	pop	r16
      e4:	ff 90       	pop	r15
      e6:	ef 90       	pop	r14
      e8:	08 95       	ret

000000ea <_fpadd_parts>:
      ea:	a0 e0       	ldi	r26, 0x00	; 0
      ec:	b0 e0       	ldi	r27, 0x00	; 0
      ee:	eb e7       	ldi	r30, 0x7B	; 123
      f0:	f0 e0       	ldi	r31, 0x00	; 0
      f2:	0c 94 f6 18 	jmp	0x31ec	; 0x31ec <__prologue_saves__>
      f6:	dc 01       	movw	r26, r24
      f8:	2b 01       	movw	r4, r22
      fa:	fa 01       	movw	r30, r20
      fc:	9c 91       	ld	r25, X
      fe:	92 30       	cpi	r25, 0x02	; 2
     100:	08 f4       	brcc	.+2      	; 0x104 <_fpadd_parts+0x1a>
     102:	39 c1       	rjmp	.+626    	; 0x376 <_fpadd_parts+0x28c>
     104:	eb 01       	movw	r28, r22
     106:	88 81       	ld	r24, Y
     108:	82 30       	cpi	r24, 0x02	; 2
     10a:	08 f4       	brcc	.+2      	; 0x10e <_fpadd_parts+0x24>
     10c:	33 c1       	rjmp	.+614    	; 0x374 <_fpadd_parts+0x28a>
     10e:	94 30       	cpi	r25, 0x04	; 4
     110:	69 f4       	brne	.+26     	; 0x12c <_fpadd_parts+0x42>
     112:	84 30       	cpi	r24, 0x04	; 4
     114:	09 f0       	breq	.+2      	; 0x118 <_fpadd_parts+0x2e>
     116:	2f c1       	rjmp	.+606    	; 0x376 <_fpadd_parts+0x28c>
     118:	11 96       	adiw	r26, 0x01	; 1
     11a:	9c 91       	ld	r25, X
     11c:	11 97       	sbiw	r26, 0x01	; 1
     11e:	89 81       	ldd	r24, Y+1	; 0x01
     120:	98 17       	cp	r25, r24
     122:	09 f4       	brne	.+2      	; 0x126 <_fpadd_parts+0x3c>
     124:	28 c1       	rjmp	.+592    	; 0x376 <_fpadd_parts+0x28c>
     126:	a3 ec       	ldi	r26, 0xC3	; 195
     128:	b0 e0       	ldi	r27, 0x00	; 0
     12a:	25 c1       	rjmp	.+586    	; 0x376 <_fpadd_parts+0x28c>
     12c:	84 30       	cpi	r24, 0x04	; 4
     12e:	09 f4       	brne	.+2      	; 0x132 <_fpadd_parts+0x48>
     130:	21 c1       	rjmp	.+578    	; 0x374 <_fpadd_parts+0x28a>
     132:	82 30       	cpi	r24, 0x02	; 2
     134:	a9 f4       	brne	.+42     	; 0x160 <_fpadd_parts+0x76>
     136:	92 30       	cpi	r25, 0x02	; 2
     138:	09 f0       	breq	.+2      	; 0x13c <_fpadd_parts+0x52>
     13a:	1d c1       	rjmp	.+570    	; 0x376 <_fpadd_parts+0x28c>
     13c:	9a 01       	movw	r18, r20
     13e:	ad 01       	movw	r20, r26
     140:	88 e0       	ldi	r24, 0x08	; 8
     142:	ea 01       	movw	r28, r20
     144:	09 90       	ld	r0, Y+
     146:	ae 01       	movw	r20, r28
     148:	e9 01       	movw	r28, r18
     14a:	09 92       	st	Y+, r0
     14c:	9e 01       	movw	r18, r28
     14e:	81 50       	subi	r24, 0x01	; 1
     150:	c1 f7       	brne	.-16     	; 0x142 <_fpadd_parts+0x58>
     152:	e2 01       	movw	r28, r4
     154:	89 81       	ldd	r24, Y+1	; 0x01
     156:	11 96       	adiw	r26, 0x01	; 1
     158:	9c 91       	ld	r25, X
     15a:	89 23       	and	r24, r25
     15c:	81 83       	std	Z+1, r24	; 0x01
     15e:	08 c1       	rjmp	.+528    	; 0x370 <_fpadd_parts+0x286>
     160:	92 30       	cpi	r25, 0x02	; 2
     162:	09 f4       	brne	.+2      	; 0x166 <_fpadd_parts+0x7c>
     164:	07 c1       	rjmp	.+526    	; 0x374 <_fpadd_parts+0x28a>
     166:	12 96       	adiw	r26, 0x02	; 2
     168:	2d 90       	ld	r2, X+
     16a:	3c 90       	ld	r3, X
     16c:	13 97       	sbiw	r26, 0x03	; 3
     16e:	eb 01       	movw	r28, r22
     170:	8a 81       	ldd	r24, Y+2	; 0x02
     172:	9b 81       	ldd	r25, Y+3	; 0x03
     174:	14 96       	adiw	r26, 0x04	; 4
     176:	ad 90       	ld	r10, X+
     178:	bd 90       	ld	r11, X+
     17a:	cd 90       	ld	r12, X+
     17c:	dc 90       	ld	r13, X
     17e:	17 97       	sbiw	r26, 0x07	; 7
     180:	ec 80       	ldd	r14, Y+4	; 0x04
     182:	fd 80       	ldd	r15, Y+5	; 0x05
     184:	0e 81       	ldd	r16, Y+6	; 0x06
     186:	1f 81       	ldd	r17, Y+7	; 0x07
     188:	91 01       	movw	r18, r2
     18a:	28 1b       	sub	r18, r24
     18c:	39 0b       	sbc	r19, r25
     18e:	b9 01       	movw	r22, r18
     190:	37 ff       	sbrs	r19, 7
     192:	04 c0       	rjmp	.+8      	; 0x19c <_fpadd_parts+0xb2>
     194:	66 27       	eor	r22, r22
     196:	77 27       	eor	r23, r23
     198:	62 1b       	sub	r22, r18
     19a:	73 0b       	sbc	r23, r19
     19c:	60 32       	cpi	r22, 0x20	; 32
     19e:	71 05       	cpc	r23, r1
     1a0:	0c f0       	brlt	.+2      	; 0x1a4 <_fpadd_parts+0xba>
     1a2:	61 c0       	rjmp	.+194    	; 0x266 <_fpadd_parts+0x17c>
     1a4:	12 16       	cp	r1, r18
     1a6:	13 06       	cpc	r1, r19
     1a8:	6c f5       	brge	.+90     	; 0x204 <_fpadd_parts+0x11a>
     1aa:	37 01       	movw	r6, r14
     1ac:	48 01       	movw	r8, r16
     1ae:	06 2e       	mov	r0, r22
     1b0:	04 c0       	rjmp	.+8      	; 0x1ba <_fpadd_parts+0xd0>
     1b2:	96 94       	lsr	r9
     1b4:	87 94       	ror	r8
     1b6:	77 94       	ror	r7
     1b8:	67 94       	ror	r6
     1ba:	0a 94       	dec	r0
     1bc:	d2 f7       	brpl	.-12     	; 0x1b2 <_fpadd_parts+0xc8>
     1be:	21 e0       	ldi	r18, 0x01	; 1
     1c0:	30 e0       	ldi	r19, 0x00	; 0
     1c2:	40 e0       	ldi	r20, 0x00	; 0
     1c4:	50 e0       	ldi	r21, 0x00	; 0
     1c6:	04 c0       	rjmp	.+8      	; 0x1d0 <_fpadd_parts+0xe6>
     1c8:	22 0f       	add	r18, r18
     1ca:	33 1f       	adc	r19, r19
     1cc:	44 1f       	adc	r20, r20
     1ce:	55 1f       	adc	r21, r21
     1d0:	6a 95       	dec	r22
     1d2:	d2 f7       	brpl	.-12     	; 0x1c8 <_fpadd_parts+0xde>
     1d4:	21 50       	subi	r18, 0x01	; 1
     1d6:	30 40       	sbci	r19, 0x00	; 0
     1d8:	40 40       	sbci	r20, 0x00	; 0
     1da:	50 40       	sbci	r21, 0x00	; 0
     1dc:	2e 21       	and	r18, r14
     1de:	3f 21       	and	r19, r15
     1e0:	40 23       	and	r20, r16
     1e2:	51 23       	and	r21, r17
     1e4:	21 15       	cp	r18, r1
     1e6:	31 05       	cpc	r19, r1
     1e8:	41 05       	cpc	r20, r1
     1ea:	51 05       	cpc	r21, r1
     1ec:	21 f0       	breq	.+8      	; 0x1f6 <_fpadd_parts+0x10c>
     1ee:	21 e0       	ldi	r18, 0x01	; 1
     1f0:	30 e0       	ldi	r19, 0x00	; 0
     1f2:	40 e0       	ldi	r20, 0x00	; 0
     1f4:	50 e0       	ldi	r21, 0x00	; 0
     1f6:	79 01       	movw	r14, r18
     1f8:	8a 01       	movw	r16, r20
     1fa:	e6 28       	or	r14, r6
     1fc:	f7 28       	or	r15, r7
     1fe:	08 29       	or	r16, r8
     200:	19 29       	or	r17, r9
     202:	3c c0       	rjmp	.+120    	; 0x27c <_fpadd_parts+0x192>
     204:	23 2b       	or	r18, r19
     206:	d1 f1       	breq	.+116    	; 0x27c <_fpadd_parts+0x192>
     208:	26 0e       	add	r2, r22
     20a:	37 1e       	adc	r3, r23
     20c:	35 01       	movw	r6, r10
     20e:	46 01       	movw	r8, r12
     210:	06 2e       	mov	r0, r22
     212:	04 c0       	rjmp	.+8      	; 0x21c <_fpadd_parts+0x132>
     214:	96 94       	lsr	r9
     216:	87 94       	ror	r8
     218:	77 94       	ror	r7
     21a:	67 94       	ror	r6
     21c:	0a 94       	dec	r0
     21e:	d2 f7       	brpl	.-12     	; 0x214 <_fpadd_parts+0x12a>
     220:	21 e0       	ldi	r18, 0x01	; 1
     222:	30 e0       	ldi	r19, 0x00	; 0
     224:	40 e0       	ldi	r20, 0x00	; 0
     226:	50 e0       	ldi	r21, 0x00	; 0
     228:	04 c0       	rjmp	.+8      	; 0x232 <_fpadd_parts+0x148>
     22a:	22 0f       	add	r18, r18
     22c:	33 1f       	adc	r19, r19
     22e:	44 1f       	adc	r20, r20
     230:	55 1f       	adc	r21, r21
     232:	6a 95       	dec	r22
     234:	d2 f7       	brpl	.-12     	; 0x22a <_fpadd_parts+0x140>
     236:	21 50       	subi	r18, 0x01	; 1
     238:	30 40       	sbci	r19, 0x00	; 0
     23a:	40 40       	sbci	r20, 0x00	; 0
     23c:	50 40       	sbci	r21, 0x00	; 0
     23e:	2a 21       	and	r18, r10
     240:	3b 21       	and	r19, r11
     242:	4c 21       	and	r20, r12
     244:	5d 21       	and	r21, r13
     246:	21 15       	cp	r18, r1
     248:	31 05       	cpc	r19, r1
     24a:	41 05       	cpc	r20, r1
     24c:	51 05       	cpc	r21, r1
     24e:	21 f0       	breq	.+8      	; 0x258 <_fpadd_parts+0x16e>
     250:	21 e0       	ldi	r18, 0x01	; 1
     252:	30 e0       	ldi	r19, 0x00	; 0
     254:	40 e0       	ldi	r20, 0x00	; 0
     256:	50 e0       	ldi	r21, 0x00	; 0
     258:	59 01       	movw	r10, r18
     25a:	6a 01       	movw	r12, r20
     25c:	a6 28       	or	r10, r6
     25e:	b7 28       	or	r11, r7
     260:	c8 28       	or	r12, r8
     262:	d9 28       	or	r13, r9
     264:	0b c0       	rjmp	.+22     	; 0x27c <_fpadd_parts+0x192>
     266:	82 15       	cp	r24, r2
     268:	93 05       	cpc	r25, r3
     26a:	2c f0       	brlt	.+10     	; 0x276 <_fpadd_parts+0x18c>
     26c:	1c 01       	movw	r2, r24
     26e:	aa 24       	eor	r10, r10
     270:	bb 24       	eor	r11, r11
     272:	65 01       	movw	r12, r10
     274:	03 c0       	rjmp	.+6      	; 0x27c <_fpadd_parts+0x192>
     276:	ee 24       	eor	r14, r14
     278:	ff 24       	eor	r15, r15
     27a:	87 01       	movw	r16, r14
     27c:	11 96       	adiw	r26, 0x01	; 1
     27e:	9c 91       	ld	r25, X
     280:	d2 01       	movw	r26, r4
     282:	11 96       	adiw	r26, 0x01	; 1
     284:	8c 91       	ld	r24, X
     286:	98 17       	cp	r25, r24
     288:	09 f4       	brne	.+2      	; 0x28c <_fpadd_parts+0x1a2>
     28a:	45 c0       	rjmp	.+138    	; 0x316 <_fpadd_parts+0x22c>
     28c:	99 23       	and	r25, r25
     28e:	39 f0       	breq	.+14     	; 0x29e <_fpadd_parts+0x1b4>
     290:	a8 01       	movw	r20, r16
     292:	97 01       	movw	r18, r14
     294:	2a 19       	sub	r18, r10
     296:	3b 09       	sbc	r19, r11
     298:	4c 09       	sbc	r20, r12
     29a:	5d 09       	sbc	r21, r13
     29c:	06 c0       	rjmp	.+12     	; 0x2aa <_fpadd_parts+0x1c0>
     29e:	a6 01       	movw	r20, r12
     2a0:	95 01       	movw	r18, r10
     2a2:	2e 19       	sub	r18, r14
     2a4:	3f 09       	sbc	r19, r15
     2a6:	40 0b       	sbc	r20, r16
     2a8:	51 0b       	sbc	r21, r17
     2aa:	57 fd       	sbrc	r21, 7
     2ac:	08 c0       	rjmp	.+16     	; 0x2be <_fpadd_parts+0x1d4>
     2ae:	11 82       	std	Z+1, r1	; 0x01
     2b0:	33 82       	std	Z+3, r3	; 0x03
     2b2:	22 82       	std	Z+2, r2	; 0x02
     2b4:	24 83       	std	Z+4, r18	; 0x04
     2b6:	35 83       	std	Z+5, r19	; 0x05
     2b8:	46 83       	std	Z+6, r20	; 0x06
     2ba:	57 83       	std	Z+7, r21	; 0x07
     2bc:	1d c0       	rjmp	.+58     	; 0x2f8 <_fpadd_parts+0x20e>
     2be:	81 e0       	ldi	r24, 0x01	; 1
     2c0:	81 83       	std	Z+1, r24	; 0x01
     2c2:	33 82       	std	Z+3, r3	; 0x03
     2c4:	22 82       	std	Z+2, r2	; 0x02
     2c6:	88 27       	eor	r24, r24
     2c8:	99 27       	eor	r25, r25
     2ca:	dc 01       	movw	r26, r24
     2cc:	82 1b       	sub	r24, r18
     2ce:	93 0b       	sbc	r25, r19
     2d0:	a4 0b       	sbc	r26, r20
     2d2:	b5 0b       	sbc	r27, r21
     2d4:	84 83       	std	Z+4, r24	; 0x04
     2d6:	95 83       	std	Z+5, r25	; 0x05
     2d8:	a6 83       	std	Z+6, r26	; 0x06
     2da:	b7 83       	std	Z+7, r27	; 0x07
     2dc:	0d c0       	rjmp	.+26     	; 0x2f8 <_fpadd_parts+0x20e>
     2de:	22 0f       	add	r18, r18
     2e0:	33 1f       	adc	r19, r19
     2e2:	44 1f       	adc	r20, r20
     2e4:	55 1f       	adc	r21, r21
     2e6:	24 83       	std	Z+4, r18	; 0x04
     2e8:	35 83       	std	Z+5, r19	; 0x05
     2ea:	46 83       	std	Z+6, r20	; 0x06
     2ec:	57 83       	std	Z+7, r21	; 0x07
     2ee:	82 81       	ldd	r24, Z+2	; 0x02
     2f0:	93 81       	ldd	r25, Z+3	; 0x03
     2f2:	01 97       	sbiw	r24, 0x01	; 1
     2f4:	93 83       	std	Z+3, r25	; 0x03
     2f6:	82 83       	std	Z+2, r24	; 0x02
     2f8:	24 81       	ldd	r18, Z+4	; 0x04
     2fa:	35 81       	ldd	r19, Z+5	; 0x05
     2fc:	46 81       	ldd	r20, Z+6	; 0x06
     2fe:	57 81       	ldd	r21, Z+7	; 0x07
     300:	da 01       	movw	r26, r20
     302:	c9 01       	movw	r24, r18
     304:	01 97       	sbiw	r24, 0x01	; 1
     306:	a1 09       	sbc	r26, r1
     308:	b1 09       	sbc	r27, r1
     30a:	8f 5f       	subi	r24, 0xFF	; 255
     30c:	9f 4f       	sbci	r25, 0xFF	; 255
     30e:	af 4f       	sbci	r26, 0xFF	; 255
     310:	bf 43       	sbci	r27, 0x3F	; 63
     312:	28 f3       	brcs	.-54     	; 0x2de <_fpadd_parts+0x1f4>
     314:	0b c0       	rjmp	.+22     	; 0x32c <_fpadd_parts+0x242>
     316:	91 83       	std	Z+1, r25	; 0x01
     318:	33 82       	std	Z+3, r3	; 0x03
     31a:	22 82       	std	Z+2, r2	; 0x02
     31c:	ea 0c       	add	r14, r10
     31e:	fb 1c       	adc	r15, r11
     320:	0c 1d       	adc	r16, r12
     322:	1d 1d       	adc	r17, r13
     324:	e4 82       	std	Z+4, r14	; 0x04
     326:	f5 82       	std	Z+5, r15	; 0x05
     328:	06 83       	std	Z+6, r16	; 0x06
     32a:	17 83       	std	Z+7, r17	; 0x07
     32c:	83 e0       	ldi	r24, 0x03	; 3
     32e:	80 83       	st	Z, r24
     330:	24 81       	ldd	r18, Z+4	; 0x04
     332:	35 81       	ldd	r19, Z+5	; 0x05
     334:	46 81       	ldd	r20, Z+6	; 0x06
     336:	57 81       	ldd	r21, Z+7	; 0x07
     338:	57 ff       	sbrs	r21, 7
     33a:	1a c0       	rjmp	.+52     	; 0x370 <_fpadd_parts+0x286>
     33c:	c9 01       	movw	r24, r18
     33e:	aa 27       	eor	r26, r26
     340:	97 fd       	sbrc	r25, 7
     342:	a0 95       	com	r26
     344:	ba 2f       	mov	r27, r26
     346:	81 70       	andi	r24, 0x01	; 1
     348:	90 70       	andi	r25, 0x00	; 0
     34a:	a0 70       	andi	r26, 0x00	; 0
     34c:	b0 70       	andi	r27, 0x00	; 0
     34e:	56 95       	lsr	r21
     350:	47 95       	ror	r20
     352:	37 95       	ror	r19
     354:	27 95       	ror	r18
     356:	82 2b       	or	r24, r18
     358:	93 2b       	or	r25, r19
     35a:	a4 2b       	or	r26, r20
     35c:	b5 2b       	or	r27, r21
     35e:	84 83       	std	Z+4, r24	; 0x04
     360:	95 83       	std	Z+5, r25	; 0x05
     362:	a6 83       	std	Z+6, r26	; 0x06
     364:	b7 83       	std	Z+7, r27	; 0x07
     366:	82 81       	ldd	r24, Z+2	; 0x02
     368:	93 81       	ldd	r25, Z+3	; 0x03
     36a:	01 96       	adiw	r24, 0x01	; 1
     36c:	93 83       	std	Z+3, r25	; 0x03
     36e:	82 83       	std	Z+2, r24	; 0x02
     370:	df 01       	movw	r26, r30
     372:	01 c0       	rjmp	.+2      	; 0x376 <_fpadd_parts+0x28c>
     374:	d2 01       	movw	r26, r4
     376:	cd 01       	movw	r24, r26
     378:	cd b7       	in	r28, 0x3d	; 61
     37a:	de b7       	in	r29, 0x3e	; 62
     37c:	e2 e1       	ldi	r30, 0x12	; 18
     37e:	0c 94 12 19 	jmp	0x3224	; 0x3224 <__epilogue_restores__>

00000382 <__subsf3>:
     382:	a0 e2       	ldi	r26, 0x20	; 32
     384:	b0 e0       	ldi	r27, 0x00	; 0
     386:	e7 ec       	ldi	r30, 0xC7	; 199
     388:	f1 e0       	ldi	r31, 0x01	; 1
     38a:	0c 94 02 19 	jmp	0x3204	; 0x3204 <__prologue_saves__+0x18>
     38e:	69 83       	std	Y+1, r22	; 0x01
     390:	7a 83       	std	Y+2, r23	; 0x02
     392:	8b 83       	std	Y+3, r24	; 0x03
     394:	9c 83       	std	Y+4, r25	; 0x04
     396:	2d 83       	std	Y+5, r18	; 0x05
     398:	3e 83       	std	Y+6, r19	; 0x06
     39a:	4f 83       	std	Y+7, r20	; 0x07
     39c:	58 87       	std	Y+8, r21	; 0x08
     39e:	e9 e0       	ldi	r30, 0x09	; 9
     3a0:	ee 2e       	mov	r14, r30
     3a2:	f1 2c       	mov	r15, r1
     3a4:	ec 0e       	add	r14, r28
     3a6:	fd 1e       	adc	r15, r29
     3a8:	ce 01       	movw	r24, r28
     3aa:	01 96       	adiw	r24, 0x01	; 1
     3ac:	b7 01       	movw	r22, r14
     3ae:	0e 94 d2 04 	call	0x9a4	; 0x9a4 <__unpack_f>
     3b2:	8e 01       	movw	r16, r28
     3b4:	0f 5e       	subi	r16, 0xEF	; 239
     3b6:	1f 4f       	sbci	r17, 0xFF	; 255
     3b8:	ce 01       	movw	r24, r28
     3ba:	05 96       	adiw	r24, 0x05	; 5
     3bc:	b8 01       	movw	r22, r16
     3be:	0e 94 d2 04 	call	0x9a4	; 0x9a4 <__unpack_f>
     3c2:	8a 89       	ldd	r24, Y+18	; 0x12
     3c4:	91 e0       	ldi	r25, 0x01	; 1
     3c6:	89 27       	eor	r24, r25
     3c8:	8a 8b       	std	Y+18, r24	; 0x12
     3ca:	c7 01       	movw	r24, r14
     3cc:	b8 01       	movw	r22, r16
     3ce:	ae 01       	movw	r20, r28
     3d0:	47 5e       	subi	r20, 0xE7	; 231
     3d2:	5f 4f       	sbci	r21, 0xFF	; 255
     3d4:	0e 94 75 00 	call	0xea	; 0xea <_fpadd_parts>
     3d8:	0e 94 fd 03 	call	0x7fa	; 0x7fa <__pack_f>
     3dc:	a0 96       	adiw	r28, 0x20	; 32
     3de:	e6 e0       	ldi	r30, 0x06	; 6
     3e0:	0c 94 1e 19 	jmp	0x323c	; 0x323c <__epilogue_restores__+0x18>

000003e4 <__addsf3>:
     3e4:	a0 e2       	ldi	r26, 0x20	; 32
     3e6:	b0 e0       	ldi	r27, 0x00	; 0
     3e8:	e8 ef       	ldi	r30, 0xF8	; 248
     3ea:	f1 e0       	ldi	r31, 0x01	; 1
     3ec:	0c 94 02 19 	jmp	0x3204	; 0x3204 <__prologue_saves__+0x18>
     3f0:	69 83       	std	Y+1, r22	; 0x01
     3f2:	7a 83       	std	Y+2, r23	; 0x02
     3f4:	8b 83       	std	Y+3, r24	; 0x03
     3f6:	9c 83       	std	Y+4, r25	; 0x04
     3f8:	2d 83       	std	Y+5, r18	; 0x05
     3fa:	3e 83       	std	Y+6, r19	; 0x06
     3fc:	4f 83       	std	Y+7, r20	; 0x07
     3fe:	58 87       	std	Y+8, r21	; 0x08
     400:	f9 e0       	ldi	r31, 0x09	; 9
     402:	ef 2e       	mov	r14, r31
     404:	f1 2c       	mov	r15, r1
     406:	ec 0e       	add	r14, r28
     408:	fd 1e       	adc	r15, r29
     40a:	ce 01       	movw	r24, r28
     40c:	01 96       	adiw	r24, 0x01	; 1
     40e:	b7 01       	movw	r22, r14
     410:	0e 94 d2 04 	call	0x9a4	; 0x9a4 <__unpack_f>
     414:	8e 01       	movw	r16, r28
     416:	0f 5e       	subi	r16, 0xEF	; 239
     418:	1f 4f       	sbci	r17, 0xFF	; 255
     41a:	ce 01       	movw	r24, r28
     41c:	05 96       	adiw	r24, 0x05	; 5
     41e:	b8 01       	movw	r22, r16
     420:	0e 94 d2 04 	call	0x9a4	; 0x9a4 <__unpack_f>
     424:	c7 01       	movw	r24, r14
     426:	b8 01       	movw	r22, r16
     428:	ae 01       	movw	r20, r28
     42a:	47 5e       	subi	r20, 0xE7	; 231
     42c:	5f 4f       	sbci	r21, 0xFF	; 255
     42e:	0e 94 75 00 	call	0xea	; 0xea <_fpadd_parts>
     432:	0e 94 fd 03 	call	0x7fa	; 0x7fa <__pack_f>
     436:	a0 96       	adiw	r28, 0x20	; 32
     438:	e6 e0       	ldi	r30, 0x06	; 6
     43a:	0c 94 1e 19 	jmp	0x323c	; 0x323c <__epilogue_restores__+0x18>

0000043e <__mulsf3>:
     43e:	a0 e2       	ldi	r26, 0x20	; 32
     440:	b0 e0       	ldi	r27, 0x00	; 0
     442:	e5 e2       	ldi	r30, 0x25	; 37
     444:	f2 e0       	ldi	r31, 0x02	; 2
     446:	0c 94 f6 18 	jmp	0x31ec	; 0x31ec <__prologue_saves__>
     44a:	69 83       	std	Y+1, r22	; 0x01
     44c:	7a 83       	std	Y+2, r23	; 0x02
     44e:	8b 83       	std	Y+3, r24	; 0x03
     450:	9c 83       	std	Y+4, r25	; 0x04
     452:	2d 83       	std	Y+5, r18	; 0x05
     454:	3e 83       	std	Y+6, r19	; 0x06
     456:	4f 83       	std	Y+7, r20	; 0x07
     458:	58 87       	std	Y+8, r21	; 0x08
     45a:	ce 01       	movw	r24, r28
     45c:	01 96       	adiw	r24, 0x01	; 1
     45e:	be 01       	movw	r22, r28
     460:	67 5f       	subi	r22, 0xF7	; 247
     462:	7f 4f       	sbci	r23, 0xFF	; 255
     464:	0e 94 d2 04 	call	0x9a4	; 0x9a4 <__unpack_f>
     468:	ce 01       	movw	r24, r28
     46a:	05 96       	adiw	r24, 0x05	; 5
     46c:	be 01       	movw	r22, r28
     46e:	6f 5e       	subi	r22, 0xEF	; 239
     470:	7f 4f       	sbci	r23, 0xFF	; 255
     472:	0e 94 d2 04 	call	0x9a4	; 0x9a4 <__unpack_f>
     476:	99 85       	ldd	r25, Y+9	; 0x09
     478:	92 30       	cpi	r25, 0x02	; 2
     47a:	88 f0       	brcs	.+34     	; 0x49e <__mulsf3+0x60>
     47c:	89 89       	ldd	r24, Y+17	; 0x11
     47e:	82 30       	cpi	r24, 0x02	; 2
     480:	c8 f0       	brcs	.+50     	; 0x4b4 <__mulsf3+0x76>
     482:	94 30       	cpi	r25, 0x04	; 4
     484:	19 f4       	brne	.+6      	; 0x48c <__mulsf3+0x4e>
     486:	82 30       	cpi	r24, 0x02	; 2
     488:	51 f4       	brne	.+20     	; 0x49e <__mulsf3+0x60>
     48a:	04 c0       	rjmp	.+8      	; 0x494 <__mulsf3+0x56>
     48c:	84 30       	cpi	r24, 0x04	; 4
     48e:	29 f4       	brne	.+10     	; 0x49a <__mulsf3+0x5c>
     490:	92 30       	cpi	r25, 0x02	; 2
     492:	81 f4       	brne	.+32     	; 0x4b4 <__mulsf3+0x76>
     494:	83 ec       	ldi	r24, 0xC3	; 195
     496:	90 e0       	ldi	r25, 0x00	; 0
     498:	c6 c0       	rjmp	.+396    	; 0x626 <__mulsf3+0x1e8>
     49a:	92 30       	cpi	r25, 0x02	; 2
     49c:	49 f4       	brne	.+18     	; 0x4b0 <__mulsf3+0x72>
     49e:	20 e0       	ldi	r18, 0x00	; 0
     4a0:	9a 85       	ldd	r25, Y+10	; 0x0a
     4a2:	8a 89       	ldd	r24, Y+18	; 0x12
     4a4:	98 13       	cpse	r25, r24
     4a6:	21 e0       	ldi	r18, 0x01	; 1
     4a8:	2a 87       	std	Y+10, r18	; 0x0a
     4aa:	ce 01       	movw	r24, r28
     4ac:	09 96       	adiw	r24, 0x09	; 9
     4ae:	bb c0       	rjmp	.+374    	; 0x626 <__mulsf3+0x1e8>
     4b0:	82 30       	cpi	r24, 0x02	; 2
     4b2:	49 f4       	brne	.+18     	; 0x4c6 <__mulsf3+0x88>
     4b4:	20 e0       	ldi	r18, 0x00	; 0
     4b6:	9a 85       	ldd	r25, Y+10	; 0x0a
     4b8:	8a 89       	ldd	r24, Y+18	; 0x12
     4ba:	98 13       	cpse	r25, r24
     4bc:	21 e0       	ldi	r18, 0x01	; 1
     4be:	2a 8b       	std	Y+18, r18	; 0x12
     4c0:	ce 01       	movw	r24, r28
     4c2:	41 96       	adiw	r24, 0x11	; 17
     4c4:	b0 c0       	rjmp	.+352    	; 0x626 <__mulsf3+0x1e8>
     4c6:	2d 84       	ldd	r2, Y+13	; 0x0d
     4c8:	3e 84       	ldd	r3, Y+14	; 0x0e
     4ca:	4f 84       	ldd	r4, Y+15	; 0x0f
     4cc:	58 88       	ldd	r5, Y+16	; 0x10
     4ce:	6d 88       	ldd	r6, Y+21	; 0x15
     4d0:	7e 88       	ldd	r7, Y+22	; 0x16
     4d2:	8f 88       	ldd	r8, Y+23	; 0x17
     4d4:	98 8c       	ldd	r9, Y+24	; 0x18
     4d6:	ee 24       	eor	r14, r14
     4d8:	ff 24       	eor	r15, r15
     4da:	87 01       	movw	r16, r14
     4dc:	aa 24       	eor	r10, r10
     4de:	bb 24       	eor	r11, r11
     4e0:	65 01       	movw	r12, r10
     4e2:	40 e0       	ldi	r20, 0x00	; 0
     4e4:	50 e0       	ldi	r21, 0x00	; 0
     4e6:	60 e0       	ldi	r22, 0x00	; 0
     4e8:	70 e0       	ldi	r23, 0x00	; 0
     4ea:	e0 e0       	ldi	r30, 0x00	; 0
     4ec:	f0 e0       	ldi	r31, 0x00	; 0
     4ee:	c1 01       	movw	r24, r2
     4f0:	81 70       	andi	r24, 0x01	; 1
     4f2:	90 70       	andi	r25, 0x00	; 0
     4f4:	89 2b       	or	r24, r25
     4f6:	e9 f0       	breq	.+58     	; 0x532 <__mulsf3+0xf4>
     4f8:	e6 0c       	add	r14, r6
     4fa:	f7 1c       	adc	r15, r7
     4fc:	08 1d       	adc	r16, r8
     4fe:	19 1d       	adc	r17, r9
     500:	9a 01       	movw	r18, r20
     502:	ab 01       	movw	r20, r22
     504:	2a 0d       	add	r18, r10
     506:	3b 1d       	adc	r19, r11
     508:	4c 1d       	adc	r20, r12
     50a:	5d 1d       	adc	r21, r13
     50c:	80 e0       	ldi	r24, 0x00	; 0
     50e:	90 e0       	ldi	r25, 0x00	; 0
     510:	a0 e0       	ldi	r26, 0x00	; 0
     512:	b0 e0       	ldi	r27, 0x00	; 0
     514:	e6 14       	cp	r14, r6
     516:	f7 04       	cpc	r15, r7
     518:	08 05       	cpc	r16, r8
     51a:	19 05       	cpc	r17, r9
     51c:	20 f4       	brcc	.+8      	; 0x526 <__mulsf3+0xe8>
     51e:	81 e0       	ldi	r24, 0x01	; 1
     520:	90 e0       	ldi	r25, 0x00	; 0
     522:	a0 e0       	ldi	r26, 0x00	; 0
     524:	b0 e0       	ldi	r27, 0x00	; 0
     526:	ba 01       	movw	r22, r20
     528:	a9 01       	movw	r20, r18
     52a:	48 0f       	add	r20, r24
     52c:	59 1f       	adc	r21, r25
     52e:	6a 1f       	adc	r22, r26
     530:	7b 1f       	adc	r23, r27
     532:	aa 0c       	add	r10, r10
     534:	bb 1c       	adc	r11, r11
     536:	cc 1c       	adc	r12, r12
     538:	dd 1c       	adc	r13, r13
     53a:	97 fe       	sbrs	r9, 7
     53c:	08 c0       	rjmp	.+16     	; 0x54e <__mulsf3+0x110>
     53e:	81 e0       	ldi	r24, 0x01	; 1
     540:	90 e0       	ldi	r25, 0x00	; 0
     542:	a0 e0       	ldi	r26, 0x00	; 0
     544:	b0 e0       	ldi	r27, 0x00	; 0
     546:	a8 2a       	or	r10, r24
     548:	b9 2a       	or	r11, r25
     54a:	ca 2a       	or	r12, r26
     54c:	db 2a       	or	r13, r27
     54e:	31 96       	adiw	r30, 0x01	; 1
     550:	e0 32       	cpi	r30, 0x20	; 32
     552:	f1 05       	cpc	r31, r1
     554:	49 f0       	breq	.+18     	; 0x568 <__mulsf3+0x12a>
     556:	66 0c       	add	r6, r6
     558:	77 1c       	adc	r7, r7
     55a:	88 1c       	adc	r8, r8
     55c:	99 1c       	adc	r9, r9
     55e:	56 94       	lsr	r5
     560:	47 94       	ror	r4
     562:	37 94       	ror	r3
     564:	27 94       	ror	r2
     566:	c3 cf       	rjmp	.-122    	; 0x4ee <__mulsf3+0xb0>
     568:	fa 85       	ldd	r31, Y+10	; 0x0a
     56a:	ea 89       	ldd	r30, Y+18	; 0x12
     56c:	2b 89       	ldd	r18, Y+19	; 0x13
     56e:	3c 89       	ldd	r19, Y+20	; 0x14
     570:	8b 85       	ldd	r24, Y+11	; 0x0b
     572:	9c 85       	ldd	r25, Y+12	; 0x0c
     574:	28 0f       	add	r18, r24
     576:	39 1f       	adc	r19, r25
     578:	2e 5f       	subi	r18, 0xFE	; 254
     57a:	3f 4f       	sbci	r19, 0xFF	; 255
     57c:	17 c0       	rjmp	.+46     	; 0x5ac <__mulsf3+0x16e>
     57e:	ca 01       	movw	r24, r20
     580:	81 70       	andi	r24, 0x01	; 1
     582:	90 70       	andi	r25, 0x00	; 0
     584:	89 2b       	or	r24, r25
     586:	61 f0       	breq	.+24     	; 0x5a0 <__mulsf3+0x162>
     588:	16 95       	lsr	r17
     58a:	07 95       	ror	r16
     58c:	f7 94       	ror	r15
     58e:	e7 94       	ror	r14
     590:	80 e0       	ldi	r24, 0x00	; 0
     592:	90 e0       	ldi	r25, 0x00	; 0
     594:	a0 e0       	ldi	r26, 0x00	; 0
     596:	b0 e8       	ldi	r27, 0x80	; 128
     598:	e8 2a       	or	r14, r24
     59a:	f9 2a       	or	r15, r25
     59c:	0a 2b       	or	r16, r26
     59e:	1b 2b       	or	r17, r27
     5a0:	76 95       	lsr	r23
     5a2:	67 95       	ror	r22
     5a4:	57 95       	ror	r21
     5a6:	47 95       	ror	r20
     5a8:	2f 5f       	subi	r18, 0xFF	; 255
     5aa:	3f 4f       	sbci	r19, 0xFF	; 255
     5ac:	77 fd       	sbrc	r23, 7
     5ae:	e7 cf       	rjmp	.-50     	; 0x57e <__mulsf3+0x140>
     5b0:	0c c0       	rjmp	.+24     	; 0x5ca <__mulsf3+0x18c>
     5b2:	44 0f       	add	r20, r20
     5b4:	55 1f       	adc	r21, r21
     5b6:	66 1f       	adc	r22, r22
     5b8:	77 1f       	adc	r23, r23
     5ba:	17 fd       	sbrc	r17, 7
     5bc:	41 60       	ori	r20, 0x01	; 1
     5be:	ee 0c       	add	r14, r14
     5c0:	ff 1c       	adc	r15, r15
     5c2:	00 1f       	adc	r16, r16
     5c4:	11 1f       	adc	r17, r17
     5c6:	21 50       	subi	r18, 0x01	; 1
     5c8:	30 40       	sbci	r19, 0x00	; 0
     5ca:	40 30       	cpi	r20, 0x00	; 0
     5cc:	90 e0       	ldi	r25, 0x00	; 0
     5ce:	59 07       	cpc	r21, r25
     5d0:	90 e0       	ldi	r25, 0x00	; 0
     5d2:	69 07       	cpc	r22, r25
     5d4:	90 e4       	ldi	r25, 0x40	; 64
     5d6:	79 07       	cpc	r23, r25
     5d8:	60 f3       	brcs	.-40     	; 0x5b2 <__mulsf3+0x174>
     5da:	2b 8f       	std	Y+27, r18	; 0x1b
     5dc:	3c 8f       	std	Y+28, r19	; 0x1c
     5de:	db 01       	movw	r26, r22
     5e0:	ca 01       	movw	r24, r20
     5e2:	8f 77       	andi	r24, 0x7F	; 127
     5e4:	90 70       	andi	r25, 0x00	; 0
     5e6:	a0 70       	andi	r26, 0x00	; 0
     5e8:	b0 70       	andi	r27, 0x00	; 0
     5ea:	80 34       	cpi	r24, 0x40	; 64
     5ec:	91 05       	cpc	r25, r1
     5ee:	a1 05       	cpc	r26, r1
     5f0:	b1 05       	cpc	r27, r1
     5f2:	61 f4       	brne	.+24     	; 0x60c <__mulsf3+0x1ce>
     5f4:	47 fd       	sbrc	r20, 7
     5f6:	0a c0       	rjmp	.+20     	; 0x60c <__mulsf3+0x1ce>
     5f8:	e1 14       	cp	r14, r1
     5fa:	f1 04       	cpc	r15, r1
     5fc:	01 05       	cpc	r16, r1
     5fe:	11 05       	cpc	r17, r1
     600:	29 f0       	breq	.+10     	; 0x60c <__mulsf3+0x1ce>
     602:	40 5c       	subi	r20, 0xC0	; 192
     604:	5f 4f       	sbci	r21, 0xFF	; 255
     606:	6f 4f       	sbci	r22, 0xFF	; 255
     608:	7f 4f       	sbci	r23, 0xFF	; 255
     60a:	40 78       	andi	r20, 0x80	; 128
     60c:	1a 8e       	std	Y+26, r1	; 0x1a
     60e:	fe 17       	cp	r31, r30
     610:	11 f0       	breq	.+4      	; 0x616 <__mulsf3+0x1d8>
     612:	81 e0       	ldi	r24, 0x01	; 1
     614:	8a 8f       	std	Y+26, r24	; 0x1a
     616:	4d 8f       	std	Y+29, r20	; 0x1d
     618:	5e 8f       	std	Y+30, r21	; 0x1e
     61a:	6f 8f       	std	Y+31, r22	; 0x1f
     61c:	78 a3       	std	Y+32, r23	; 0x20
     61e:	83 e0       	ldi	r24, 0x03	; 3
     620:	89 8f       	std	Y+25, r24	; 0x19
     622:	ce 01       	movw	r24, r28
     624:	49 96       	adiw	r24, 0x19	; 25
     626:	0e 94 fd 03 	call	0x7fa	; 0x7fa <__pack_f>
     62a:	a0 96       	adiw	r28, 0x20	; 32
     62c:	e2 e1       	ldi	r30, 0x12	; 18
     62e:	0c 94 12 19 	jmp	0x3224	; 0x3224 <__epilogue_restores__>

00000632 <__gtsf2>:
     632:	a8 e1       	ldi	r26, 0x18	; 24
     634:	b0 e0       	ldi	r27, 0x00	; 0
     636:	ef e1       	ldi	r30, 0x1F	; 31
     638:	f3 e0       	ldi	r31, 0x03	; 3
     63a:	0c 94 02 19 	jmp	0x3204	; 0x3204 <__prologue_saves__+0x18>
     63e:	69 83       	std	Y+1, r22	; 0x01
     640:	7a 83       	std	Y+2, r23	; 0x02
     642:	8b 83       	std	Y+3, r24	; 0x03
     644:	9c 83       	std	Y+4, r25	; 0x04
     646:	2d 83       	std	Y+5, r18	; 0x05
     648:	3e 83       	std	Y+6, r19	; 0x06
     64a:	4f 83       	std	Y+7, r20	; 0x07
     64c:	58 87       	std	Y+8, r21	; 0x08
     64e:	89 e0       	ldi	r24, 0x09	; 9
     650:	e8 2e       	mov	r14, r24
     652:	f1 2c       	mov	r15, r1
     654:	ec 0e       	add	r14, r28
     656:	fd 1e       	adc	r15, r29
     658:	ce 01       	movw	r24, r28
     65a:	01 96       	adiw	r24, 0x01	; 1
     65c:	b7 01       	movw	r22, r14
     65e:	0e 94 d2 04 	call	0x9a4	; 0x9a4 <__unpack_f>
     662:	8e 01       	movw	r16, r28
     664:	0f 5e       	subi	r16, 0xEF	; 239
     666:	1f 4f       	sbci	r17, 0xFF	; 255
     668:	ce 01       	movw	r24, r28
     66a:	05 96       	adiw	r24, 0x05	; 5
     66c:	b8 01       	movw	r22, r16
     66e:	0e 94 d2 04 	call	0x9a4	; 0x9a4 <__unpack_f>
     672:	89 85       	ldd	r24, Y+9	; 0x09
     674:	82 30       	cpi	r24, 0x02	; 2
     676:	40 f0       	brcs	.+16     	; 0x688 <__gtsf2+0x56>
     678:	89 89       	ldd	r24, Y+17	; 0x11
     67a:	82 30       	cpi	r24, 0x02	; 2
     67c:	28 f0       	brcs	.+10     	; 0x688 <__gtsf2+0x56>
     67e:	c7 01       	movw	r24, r14
     680:	b8 01       	movw	r22, r16
     682:	0e 94 4a 05 	call	0xa94	; 0xa94 <__fpcmp_parts_f>
     686:	01 c0       	rjmp	.+2      	; 0x68a <__gtsf2+0x58>
     688:	8f ef       	ldi	r24, 0xFF	; 255
     68a:	68 96       	adiw	r28, 0x18	; 24
     68c:	e6 e0       	ldi	r30, 0x06	; 6
     68e:	0c 94 1e 19 	jmp	0x323c	; 0x323c <__epilogue_restores__+0x18>

00000692 <__gesf2>:
     692:	a8 e1       	ldi	r26, 0x18	; 24
     694:	b0 e0       	ldi	r27, 0x00	; 0
     696:	ef e4       	ldi	r30, 0x4F	; 79
     698:	f3 e0       	ldi	r31, 0x03	; 3
     69a:	0c 94 02 19 	jmp	0x3204	; 0x3204 <__prologue_saves__+0x18>
     69e:	69 83       	std	Y+1, r22	; 0x01
     6a0:	7a 83       	std	Y+2, r23	; 0x02
     6a2:	8b 83       	std	Y+3, r24	; 0x03
     6a4:	9c 83       	std	Y+4, r25	; 0x04
     6a6:	2d 83       	std	Y+5, r18	; 0x05
     6a8:	3e 83       	std	Y+6, r19	; 0x06
     6aa:	4f 83       	std	Y+7, r20	; 0x07
     6ac:	58 87       	std	Y+8, r21	; 0x08
     6ae:	89 e0       	ldi	r24, 0x09	; 9
     6b0:	e8 2e       	mov	r14, r24
     6b2:	f1 2c       	mov	r15, r1
     6b4:	ec 0e       	add	r14, r28
     6b6:	fd 1e       	adc	r15, r29
     6b8:	ce 01       	movw	r24, r28
     6ba:	01 96       	adiw	r24, 0x01	; 1
     6bc:	b7 01       	movw	r22, r14
     6be:	0e 94 d2 04 	call	0x9a4	; 0x9a4 <__unpack_f>
     6c2:	8e 01       	movw	r16, r28
     6c4:	0f 5e       	subi	r16, 0xEF	; 239
     6c6:	1f 4f       	sbci	r17, 0xFF	; 255
     6c8:	ce 01       	movw	r24, r28
     6ca:	05 96       	adiw	r24, 0x05	; 5
     6cc:	b8 01       	movw	r22, r16
     6ce:	0e 94 d2 04 	call	0x9a4	; 0x9a4 <__unpack_f>
     6d2:	89 85       	ldd	r24, Y+9	; 0x09
     6d4:	82 30       	cpi	r24, 0x02	; 2
     6d6:	40 f0       	brcs	.+16     	; 0x6e8 <__gesf2+0x56>
     6d8:	89 89       	ldd	r24, Y+17	; 0x11
     6da:	82 30       	cpi	r24, 0x02	; 2
     6dc:	28 f0       	brcs	.+10     	; 0x6e8 <__gesf2+0x56>
     6de:	c7 01       	movw	r24, r14
     6e0:	b8 01       	movw	r22, r16
     6e2:	0e 94 4a 05 	call	0xa94	; 0xa94 <__fpcmp_parts_f>
     6e6:	01 c0       	rjmp	.+2      	; 0x6ea <__gesf2+0x58>
     6e8:	8f ef       	ldi	r24, 0xFF	; 255
     6ea:	68 96       	adiw	r28, 0x18	; 24
     6ec:	e6 e0       	ldi	r30, 0x06	; 6
     6ee:	0c 94 1e 19 	jmp	0x323c	; 0x323c <__epilogue_restores__+0x18>

000006f2 <__ltsf2>:
     6f2:	a8 e1       	ldi	r26, 0x18	; 24
     6f4:	b0 e0       	ldi	r27, 0x00	; 0
     6f6:	ef e7       	ldi	r30, 0x7F	; 127
     6f8:	f3 e0       	ldi	r31, 0x03	; 3
     6fa:	0c 94 02 19 	jmp	0x3204	; 0x3204 <__prologue_saves__+0x18>
     6fe:	69 83       	std	Y+1, r22	; 0x01
     700:	7a 83       	std	Y+2, r23	; 0x02
     702:	8b 83       	std	Y+3, r24	; 0x03
     704:	9c 83       	std	Y+4, r25	; 0x04
     706:	2d 83       	std	Y+5, r18	; 0x05
     708:	3e 83       	std	Y+6, r19	; 0x06
     70a:	4f 83       	std	Y+7, r20	; 0x07
     70c:	58 87       	std	Y+8, r21	; 0x08
     70e:	89 e0       	ldi	r24, 0x09	; 9
     710:	e8 2e       	mov	r14, r24
     712:	f1 2c       	mov	r15, r1
     714:	ec 0e       	add	r14, r28
     716:	fd 1e       	adc	r15, r29
     718:	ce 01       	movw	r24, r28
     71a:	01 96       	adiw	r24, 0x01	; 1
     71c:	b7 01       	movw	r22, r14
     71e:	0e 94 d2 04 	call	0x9a4	; 0x9a4 <__unpack_f>
     722:	8e 01       	movw	r16, r28
     724:	0f 5e       	subi	r16, 0xEF	; 239
     726:	1f 4f       	sbci	r17, 0xFF	; 255
     728:	ce 01       	movw	r24, r28
     72a:	05 96       	adiw	r24, 0x05	; 5
     72c:	b8 01       	movw	r22, r16
     72e:	0e 94 d2 04 	call	0x9a4	; 0x9a4 <__unpack_f>
     732:	89 85       	ldd	r24, Y+9	; 0x09
     734:	82 30       	cpi	r24, 0x02	; 2
     736:	40 f0       	brcs	.+16     	; 0x748 <__ltsf2+0x56>
     738:	89 89       	ldd	r24, Y+17	; 0x11
     73a:	82 30       	cpi	r24, 0x02	; 2
     73c:	28 f0       	brcs	.+10     	; 0x748 <__ltsf2+0x56>
     73e:	c7 01       	movw	r24, r14
     740:	b8 01       	movw	r22, r16
     742:	0e 94 4a 05 	call	0xa94	; 0xa94 <__fpcmp_parts_f>
     746:	01 c0       	rjmp	.+2      	; 0x74a <__ltsf2+0x58>
     748:	81 e0       	ldi	r24, 0x01	; 1
     74a:	68 96       	adiw	r28, 0x18	; 24
     74c:	e6 e0       	ldi	r30, 0x06	; 6
     74e:	0c 94 1e 19 	jmp	0x323c	; 0x323c <__epilogue_restores__+0x18>

00000752 <__fixsfsi>:
     752:	ac e0       	ldi	r26, 0x0C	; 12
     754:	b0 e0       	ldi	r27, 0x00	; 0
     756:	ef ea       	ldi	r30, 0xAF	; 175
     758:	f3 e0       	ldi	r31, 0x03	; 3
     75a:	0c 94 06 19 	jmp	0x320c	; 0x320c <__prologue_saves__+0x20>
     75e:	69 83       	std	Y+1, r22	; 0x01
     760:	7a 83       	std	Y+2, r23	; 0x02
     762:	8b 83       	std	Y+3, r24	; 0x03
     764:	9c 83       	std	Y+4, r25	; 0x04
     766:	ce 01       	movw	r24, r28
     768:	01 96       	adiw	r24, 0x01	; 1
     76a:	be 01       	movw	r22, r28
     76c:	6b 5f       	subi	r22, 0xFB	; 251
     76e:	7f 4f       	sbci	r23, 0xFF	; 255
     770:	0e 94 d2 04 	call	0x9a4	; 0x9a4 <__unpack_f>
     774:	8d 81       	ldd	r24, Y+5	; 0x05
     776:	82 30       	cpi	r24, 0x02	; 2
     778:	61 f1       	breq	.+88     	; 0x7d2 <__fixsfsi+0x80>
     77a:	82 30       	cpi	r24, 0x02	; 2
     77c:	50 f1       	brcs	.+84     	; 0x7d2 <__fixsfsi+0x80>
     77e:	84 30       	cpi	r24, 0x04	; 4
     780:	21 f4       	brne	.+8      	; 0x78a <__fixsfsi+0x38>
     782:	8e 81       	ldd	r24, Y+6	; 0x06
     784:	88 23       	and	r24, r24
     786:	51 f1       	breq	.+84     	; 0x7dc <__fixsfsi+0x8a>
     788:	2e c0       	rjmp	.+92     	; 0x7e6 <__fixsfsi+0x94>
     78a:	2f 81       	ldd	r18, Y+7	; 0x07
     78c:	38 85       	ldd	r19, Y+8	; 0x08
     78e:	37 fd       	sbrc	r19, 7
     790:	20 c0       	rjmp	.+64     	; 0x7d2 <__fixsfsi+0x80>
     792:	6e 81       	ldd	r22, Y+6	; 0x06
     794:	2f 31       	cpi	r18, 0x1F	; 31
     796:	31 05       	cpc	r19, r1
     798:	1c f0       	brlt	.+6      	; 0x7a0 <__fixsfsi+0x4e>
     79a:	66 23       	and	r22, r22
     79c:	f9 f0       	breq	.+62     	; 0x7dc <__fixsfsi+0x8a>
     79e:	23 c0       	rjmp	.+70     	; 0x7e6 <__fixsfsi+0x94>
     7a0:	8e e1       	ldi	r24, 0x1E	; 30
     7a2:	90 e0       	ldi	r25, 0x00	; 0
     7a4:	82 1b       	sub	r24, r18
     7a6:	93 0b       	sbc	r25, r19
     7a8:	29 85       	ldd	r18, Y+9	; 0x09
     7aa:	3a 85       	ldd	r19, Y+10	; 0x0a
     7ac:	4b 85       	ldd	r20, Y+11	; 0x0b
     7ae:	5c 85       	ldd	r21, Y+12	; 0x0c
     7b0:	04 c0       	rjmp	.+8      	; 0x7ba <__fixsfsi+0x68>
     7b2:	56 95       	lsr	r21
     7b4:	47 95       	ror	r20
     7b6:	37 95       	ror	r19
     7b8:	27 95       	ror	r18
     7ba:	8a 95       	dec	r24
     7bc:	d2 f7       	brpl	.-12     	; 0x7b2 <__fixsfsi+0x60>
     7be:	66 23       	and	r22, r22
     7c0:	b1 f0       	breq	.+44     	; 0x7ee <__fixsfsi+0x9c>
     7c2:	50 95       	com	r21
     7c4:	40 95       	com	r20
     7c6:	30 95       	com	r19
     7c8:	21 95       	neg	r18
     7ca:	3f 4f       	sbci	r19, 0xFF	; 255
     7cc:	4f 4f       	sbci	r20, 0xFF	; 255
     7ce:	5f 4f       	sbci	r21, 0xFF	; 255
     7d0:	0e c0       	rjmp	.+28     	; 0x7ee <__fixsfsi+0x9c>
     7d2:	20 e0       	ldi	r18, 0x00	; 0
     7d4:	30 e0       	ldi	r19, 0x00	; 0
     7d6:	40 e0       	ldi	r20, 0x00	; 0
     7d8:	50 e0       	ldi	r21, 0x00	; 0
     7da:	09 c0       	rjmp	.+18     	; 0x7ee <__fixsfsi+0x9c>
     7dc:	2f ef       	ldi	r18, 0xFF	; 255
     7de:	3f ef       	ldi	r19, 0xFF	; 255
     7e0:	4f ef       	ldi	r20, 0xFF	; 255
     7e2:	5f e7       	ldi	r21, 0x7F	; 127
     7e4:	04 c0       	rjmp	.+8      	; 0x7ee <__fixsfsi+0x9c>
     7e6:	20 e0       	ldi	r18, 0x00	; 0
     7e8:	30 e0       	ldi	r19, 0x00	; 0
     7ea:	40 e0       	ldi	r20, 0x00	; 0
     7ec:	50 e8       	ldi	r21, 0x80	; 128
     7ee:	b9 01       	movw	r22, r18
     7f0:	ca 01       	movw	r24, r20
     7f2:	2c 96       	adiw	r28, 0x0c	; 12
     7f4:	e2 e0       	ldi	r30, 0x02	; 2
     7f6:	0c 94 22 19 	jmp	0x3244	; 0x3244 <__epilogue_restores__+0x20>

000007fa <__pack_f>:
     7fa:	df 92       	push	r13
     7fc:	ef 92       	push	r14
     7fe:	ff 92       	push	r15
     800:	0f 93       	push	r16
     802:	1f 93       	push	r17
     804:	fc 01       	movw	r30, r24
     806:	e4 80       	ldd	r14, Z+4	; 0x04
     808:	f5 80       	ldd	r15, Z+5	; 0x05
     80a:	06 81       	ldd	r16, Z+6	; 0x06
     80c:	17 81       	ldd	r17, Z+7	; 0x07
     80e:	d1 80       	ldd	r13, Z+1	; 0x01
     810:	80 81       	ld	r24, Z
     812:	82 30       	cpi	r24, 0x02	; 2
     814:	48 f4       	brcc	.+18     	; 0x828 <__pack_f+0x2e>
     816:	80 e0       	ldi	r24, 0x00	; 0
     818:	90 e0       	ldi	r25, 0x00	; 0
     81a:	a0 e1       	ldi	r26, 0x10	; 16
     81c:	b0 e0       	ldi	r27, 0x00	; 0
     81e:	e8 2a       	or	r14, r24
     820:	f9 2a       	or	r15, r25
     822:	0a 2b       	or	r16, r26
     824:	1b 2b       	or	r17, r27
     826:	a5 c0       	rjmp	.+330    	; 0x972 <__stack+0x113>
     828:	84 30       	cpi	r24, 0x04	; 4
     82a:	09 f4       	brne	.+2      	; 0x82e <__pack_f+0x34>
     82c:	9f c0       	rjmp	.+318    	; 0x96c <__stack+0x10d>
     82e:	82 30       	cpi	r24, 0x02	; 2
     830:	21 f4       	brne	.+8      	; 0x83a <__pack_f+0x40>
     832:	ee 24       	eor	r14, r14
     834:	ff 24       	eor	r15, r15
     836:	87 01       	movw	r16, r14
     838:	05 c0       	rjmp	.+10     	; 0x844 <__pack_f+0x4a>
     83a:	e1 14       	cp	r14, r1
     83c:	f1 04       	cpc	r15, r1
     83e:	01 05       	cpc	r16, r1
     840:	11 05       	cpc	r17, r1
     842:	19 f4       	brne	.+6      	; 0x84a <__pack_f+0x50>
     844:	e0 e0       	ldi	r30, 0x00	; 0
     846:	f0 e0       	ldi	r31, 0x00	; 0
     848:	96 c0       	rjmp	.+300    	; 0x976 <__stack+0x117>
     84a:	62 81       	ldd	r22, Z+2	; 0x02
     84c:	73 81       	ldd	r23, Z+3	; 0x03
     84e:	9f ef       	ldi	r25, 0xFF	; 255
     850:	62 38       	cpi	r22, 0x82	; 130
     852:	79 07       	cpc	r23, r25
     854:	0c f0       	brlt	.+2      	; 0x858 <__pack_f+0x5e>
     856:	5b c0       	rjmp	.+182    	; 0x90e <__stack+0xaf>
     858:	22 e8       	ldi	r18, 0x82	; 130
     85a:	3f ef       	ldi	r19, 0xFF	; 255
     85c:	26 1b       	sub	r18, r22
     85e:	37 0b       	sbc	r19, r23
     860:	2a 31       	cpi	r18, 0x1A	; 26
     862:	31 05       	cpc	r19, r1
     864:	2c f0       	brlt	.+10     	; 0x870 <__stack+0x11>
     866:	20 e0       	ldi	r18, 0x00	; 0
     868:	30 e0       	ldi	r19, 0x00	; 0
     86a:	40 e0       	ldi	r20, 0x00	; 0
     86c:	50 e0       	ldi	r21, 0x00	; 0
     86e:	2a c0       	rjmp	.+84     	; 0x8c4 <__stack+0x65>
     870:	b8 01       	movw	r22, r16
     872:	a7 01       	movw	r20, r14
     874:	02 2e       	mov	r0, r18
     876:	04 c0       	rjmp	.+8      	; 0x880 <__stack+0x21>
     878:	76 95       	lsr	r23
     87a:	67 95       	ror	r22
     87c:	57 95       	ror	r21
     87e:	47 95       	ror	r20
     880:	0a 94       	dec	r0
     882:	d2 f7       	brpl	.-12     	; 0x878 <__stack+0x19>
     884:	81 e0       	ldi	r24, 0x01	; 1
     886:	90 e0       	ldi	r25, 0x00	; 0
     888:	a0 e0       	ldi	r26, 0x00	; 0
     88a:	b0 e0       	ldi	r27, 0x00	; 0
     88c:	04 c0       	rjmp	.+8      	; 0x896 <__stack+0x37>
     88e:	88 0f       	add	r24, r24
     890:	99 1f       	adc	r25, r25
     892:	aa 1f       	adc	r26, r26
     894:	bb 1f       	adc	r27, r27
     896:	2a 95       	dec	r18
     898:	d2 f7       	brpl	.-12     	; 0x88e <__stack+0x2f>
     89a:	01 97       	sbiw	r24, 0x01	; 1
     89c:	a1 09       	sbc	r26, r1
     89e:	b1 09       	sbc	r27, r1
     8a0:	8e 21       	and	r24, r14
     8a2:	9f 21       	and	r25, r15
     8a4:	a0 23       	and	r26, r16
     8a6:	b1 23       	and	r27, r17
     8a8:	00 97       	sbiw	r24, 0x00	; 0
     8aa:	a1 05       	cpc	r26, r1
     8ac:	b1 05       	cpc	r27, r1
     8ae:	21 f0       	breq	.+8      	; 0x8b8 <__stack+0x59>
     8b0:	81 e0       	ldi	r24, 0x01	; 1
     8b2:	90 e0       	ldi	r25, 0x00	; 0
     8b4:	a0 e0       	ldi	r26, 0x00	; 0
     8b6:	b0 e0       	ldi	r27, 0x00	; 0
     8b8:	9a 01       	movw	r18, r20
     8ba:	ab 01       	movw	r20, r22
     8bc:	28 2b       	or	r18, r24
     8be:	39 2b       	or	r19, r25
     8c0:	4a 2b       	or	r20, r26
     8c2:	5b 2b       	or	r21, r27
     8c4:	da 01       	movw	r26, r20
     8c6:	c9 01       	movw	r24, r18
     8c8:	8f 77       	andi	r24, 0x7F	; 127
     8ca:	90 70       	andi	r25, 0x00	; 0
     8cc:	a0 70       	andi	r26, 0x00	; 0
     8ce:	b0 70       	andi	r27, 0x00	; 0
     8d0:	80 34       	cpi	r24, 0x40	; 64
     8d2:	91 05       	cpc	r25, r1
     8d4:	a1 05       	cpc	r26, r1
     8d6:	b1 05       	cpc	r27, r1
     8d8:	39 f4       	brne	.+14     	; 0x8e8 <__stack+0x89>
     8da:	27 ff       	sbrs	r18, 7
     8dc:	09 c0       	rjmp	.+18     	; 0x8f0 <__stack+0x91>
     8de:	20 5c       	subi	r18, 0xC0	; 192
     8e0:	3f 4f       	sbci	r19, 0xFF	; 255
     8e2:	4f 4f       	sbci	r20, 0xFF	; 255
     8e4:	5f 4f       	sbci	r21, 0xFF	; 255
     8e6:	04 c0       	rjmp	.+8      	; 0x8f0 <__stack+0x91>
     8e8:	21 5c       	subi	r18, 0xC1	; 193
     8ea:	3f 4f       	sbci	r19, 0xFF	; 255
     8ec:	4f 4f       	sbci	r20, 0xFF	; 255
     8ee:	5f 4f       	sbci	r21, 0xFF	; 255
     8f0:	e0 e0       	ldi	r30, 0x00	; 0
     8f2:	f0 e0       	ldi	r31, 0x00	; 0
     8f4:	20 30       	cpi	r18, 0x00	; 0
     8f6:	a0 e0       	ldi	r26, 0x00	; 0
     8f8:	3a 07       	cpc	r19, r26
     8fa:	a0 e0       	ldi	r26, 0x00	; 0
     8fc:	4a 07       	cpc	r20, r26
     8fe:	a0 e4       	ldi	r26, 0x40	; 64
     900:	5a 07       	cpc	r21, r26
     902:	10 f0       	brcs	.+4      	; 0x908 <__stack+0xa9>
     904:	e1 e0       	ldi	r30, 0x01	; 1
     906:	f0 e0       	ldi	r31, 0x00	; 0
     908:	79 01       	movw	r14, r18
     90a:	8a 01       	movw	r16, r20
     90c:	27 c0       	rjmp	.+78     	; 0x95c <__stack+0xfd>
     90e:	60 38       	cpi	r22, 0x80	; 128
     910:	71 05       	cpc	r23, r1
     912:	64 f5       	brge	.+88     	; 0x96c <__stack+0x10d>
     914:	fb 01       	movw	r30, r22
     916:	e1 58       	subi	r30, 0x81	; 129
     918:	ff 4f       	sbci	r31, 0xFF	; 255
     91a:	d8 01       	movw	r26, r16
     91c:	c7 01       	movw	r24, r14
     91e:	8f 77       	andi	r24, 0x7F	; 127
     920:	90 70       	andi	r25, 0x00	; 0
     922:	a0 70       	andi	r26, 0x00	; 0
     924:	b0 70       	andi	r27, 0x00	; 0
     926:	80 34       	cpi	r24, 0x40	; 64
     928:	91 05       	cpc	r25, r1
     92a:	a1 05       	cpc	r26, r1
     92c:	b1 05       	cpc	r27, r1
     92e:	39 f4       	brne	.+14     	; 0x93e <__stack+0xdf>
     930:	e7 fe       	sbrs	r14, 7
     932:	0d c0       	rjmp	.+26     	; 0x94e <__stack+0xef>
     934:	80 e4       	ldi	r24, 0x40	; 64
     936:	90 e0       	ldi	r25, 0x00	; 0
     938:	a0 e0       	ldi	r26, 0x00	; 0
     93a:	b0 e0       	ldi	r27, 0x00	; 0
     93c:	04 c0       	rjmp	.+8      	; 0x946 <__stack+0xe7>
     93e:	8f e3       	ldi	r24, 0x3F	; 63
     940:	90 e0       	ldi	r25, 0x00	; 0
     942:	a0 e0       	ldi	r26, 0x00	; 0
     944:	b0 e0       	ldi	r27, 0x00	; 0
     946:	e8 0e       	add	r14, r24
     948:	f9 1e       	adc	r15, r25
     94a:	0a 1f       	adc	r16, r26
     94c:	1b 1f       	adc	r17, r27
     94e:	17 ff       	sbrs	r17, 7
     950:	05 c0       	rjmp	.+10     	; 0x95c <__stack+0xfd>
     952:	16 95       	lsr	r17
     954:	07 95       	ror	r16
     956:	f7 94       	ror	r15
     958:	e7 94       	ror	r14
     95a:	31 96       	adiw	r30, 0x01	; 1
     95c:	87 e0       	ldi	r24, 0x07	; 7
     95e:	16 95       	lsr	r17
     960:	07 95       	ror	r16
     962:	f7 94       	ror	r15
     964:	e7 94       	ror	r14
     966:	8a 95       	dec	r24
     968:	d1 f7       	brne	.-12     	; 0x95e <__stack+0xff>
     96a:	05 c0       	rjmp	.+10     	; 0x976 <__stack+0x117>
     96c:	ee 24       	eor	r14, r14
     96e:	ff 24       	eor	r15, r15
     970:	87 01       	movw	r16, r14
     972:	ef ef       	ldi	r30, 0xFF	; 255
     974:	f0 e0       	ldi	r31, 0x00	; 0
     976:	6e 2f       	mov	r22, r30
     978:	67 95       	ror	r22
     97a:	66 27       	eor	r22, r22
     97c:	67 95       	ror	r22
     97e:	90 2f       	mov	r25, r16
     980:	9f 77       	andi	r25, 0x7F	; 127
     982:	d7 94       	ror	r13
     984:	dd 24       	eor	r13, r13
     986:	d7 94       	ror	r13
     988:	8e 2f       	mov	r24, r30
     98a:	86 95       	lsr	r24
     98c:	49 2f       	mov	r20, r25
     98e:	46 2b       	or	r20, r22
     990:	58 2f       	mov	r21, r24
     992:	5d 29       	or	r21, r13
     994:	b7 01       	movw	r22, r14
     996:	ca 01       	movw	r24, r20
     998:	1f 91       	pop	r17
     99a:	0f 91       	pop	r16
     99c:	ff 90       	pop	r15
     99e:	ef 90       	pop	r14
     9a0:	df 90       	pop	r13
     9a2:	08 95       	ret

000009a4 <__unpack_f>:
     9a4:	fc 01       	movw	r30, r24
     9a6:	db 01       	movw	r26, r22
     9a8:	40 81       	ld	r20, Z
     9aa:	51 81       	ldd	r21, Z+1	; 0x01
     9ac:	22 81       	ldd	r18, Z+2	; 0x02
     9ae:	62 2f       	mov	r22, r18
     9b0:	6f 77       	andi	r22, 0x7F	; 127
     9b2:	70 e0       	ldi	r23, 0x00	; 0
     9b4:	22 1f       	adc	r18, r18
     9b6:	22 27       	eor	r18, r18
     9b8:	22 1f       	adc	r18, r18
     9ba:	93 81       	ldd	r25, Z+3	; 0x03
     9bc:	89 2f       	mov	r24, r25
     9be:	88 0f       	add	r24, r24
     9c0:	82 2b       	or	r24, r18
     9c2:	28 2f       	mov	r18, r24
     9c4:	30 e0       	ldi	r19, 0x00	; 0
     9c6:	99 1f       	adc	r25, r25
     9c8:	99 27       	eor	r25, r25
     9ca:	99 1f       	adc	r25, r25
     9cc:	11 96       	adiw	r26, 0x01	; 1
     9ce:	9c 93       	st	X, r25
     9d0:	11 97       	sbiw	r26, 0x01	; 1
     9d2:	21 15       	cp	r18, r1
     9d4:	31 05       	cpc	r19, r1
     9d6:	a9 f5       	brne	.+106    	; 0xa42 <__unpack_f+0x9e>
     9d8:	41 15       	cp	r20, r1
     9da:	51 05       	cpc	r21, r1
     9dc:	61 05       	cpc	r22, r1
     9de:	71 05       	cpc	r23, r1
     9e0:	11 f4       	brne	.+4      	; 0x9e6 <__unpack_f+0x42>
     9e2:	82 e0       	ldi	r24, 0x02	; 2
     9e4:	37 c0       	rjmp	.+110    	; 0xa54 <__unpack_f+0xb0>
     9e6:	82 e8       	ldi	r24, 0x82	; 130
     9e8:	9f ef       	ldi	r25, 0xFF	; 255
     9ea:	13 96       	adiw	r26, 0x03	; 3
     9ec:	9c 93       	st	X, r25
     9ee:	8e 93       	st	-X, r24
     9f0:	12 97       	sbiw	r26, 0x02	; 2
     9f2:	9a 01       	movw	r18, r20
     9f4:	ab 01       	movw	r20, r22
     9f6:	67 e0       	ldi	r22, 0x07	; 7
     9f8:	22 0f       	add	r18, r18
     9fa:	33 1f       	adc	r19, r19
     9fc:	44 1f       	adc	r20, r20
     9fe:	55 1f       	adc	r21, r21
     a00:	6a 95       	dec	r22
     a02:	d1 f7       	brne	.-12     	; 0x9f8 <__unpack_f+0x54>
     a04:	83 e0       	ldi	r24, 0x03	; 3
     a06:	8c 93       	st	X, r24
     a08:	0d c0       	rjmp	.+26     	; 0xa24 <__unpack_f+0x80>
     a0a:	22 0f       	add	r18, r18
     a0c:	33 1f       	adc	r19, r19
     a0e:	44 1f       	adc	r20, r20
     a10:	55 1f       	adc	r21, r21
     a12:	12 96       	adiw	r26, 0x02	; 2
     a14:	8d 91       	ld	r24, X+
     a16:	9c 91       	ld	r25, X
     a18:	13 97       	sbiw	r26, 0x03	; 3
     a1a:	01 97       	sbiw	r24, 0x01	; 1
     a1c:	13 96       	adiw	r26, 0x03	; 3
     a1e:	9c 93       	st	X, r25
     a20:	8e 93       	st	-X, r24
     a22:	12 97       	sbiw	r26, 0x02	; 2
     a24:	20 30       	cpi	r18, 0x00	; 0
     a26:	80 e0       	ldi	r24, 0x00	; 0
     a28:	38 07       	cpc	r19, r24
     a2a:	80 e0       	ldi	r24, 0x00	; 0
     a2c:	48 07       	cpc	r20, r24
     a2e:	80 e4       	ldi	r24, 0x40	; 64
     a30:	58 07       	cpc	r21, r24
     a32:	58 f3       	brcs	.-42     	; 0xa0a <__unpack_f+0x66>
     a34:	14 96       	adiw	r26, 0x04	; 4
     a36:	2d 93       	st	X+, r18
     a38:	3d 93       	st	X+, r19
     a3a:	4d 93       	st	X+, r20
     a3c:	5c 93       	st	X, r21
     a3e:	17 97       	sbiw	r26, 0x07	; 7
     a40:	08 95       	ret
     a42:	2f 3f       	cpi	r18, 0xFF	; 255
     a44:	31 05       	cpc	r19, r1
     a46:	79 f4       	brne	.+30     	; 0xa66 <__unpack_f+0xc2>
     a48:	41 15       	cp	r20, r1
     a4a:	51 05       	cpc	r21, r1
     a4c:	61 05       	cpc	r22, r1
     a4e:	71 05       	cpc	r23, r1
     a50:	19 f4       	brne	.+6      	; 0xa58 <__unpack_f+0xb4>
     a52:	84 e0       	ldi	r24, 0x04	; 4
     a54:	8c 93       	st	X, r24
     a56:	08 95       	ret
     a58:	64 ff       	sbrs	r22, 4
     a5a:	03 c0       	rjmp	.+6      	; 0xa62 <__unpack_f+0xbe>
     a5c:	81 e0       	ldi	r24, 0x01	; 1
     a5e:	8c 93       	st	X, r24
     a60:	12 c0       	rjmp	.+36     	; 0xa86 <__unpack_f+0xe2>
     a62:	1c 92       	st	X, r1
     a64:	10 c0       	rjmp	.+32     	; 0xa86 <__unpack_f+0xe2>
     a66:	2f 57       	subi	r18, 0x7F	; 127
     a68:	30 40       	sbci	r19, 0x00	; 0
     a6a:	13 96       	adiw	r26, 0x03	; 3
     a6c:	3c 93       	st	X, r19
     a6e:	2e 93       	st	-X, r18
     a70:	12 97       	sbiw	r26, 0x02	; 2
     a72:	83 e0       	ldi	r24, 0x03	; 3
     a74:	8c 93       	st	X, r24
     a76:	87 e0       	ldi	r24, 0x07	; 7
     a78:	44 0f       	add	r20, r20
     a7a:	55 1f       	adc	r21, r21
     a7c:	66 1f       	adc	r22, r22
     a7e:	77 1f       	adc	r23, r23
     a80:	8a 95       	dec	r24
     a82:	d1 f7       	brne	.-12     	; 0xa78 <__unpack_f+0xd4>
     a84:	70 64       	ori	r23, 0x40	; 64
     a86:	14 96       	adiw	r26, 0x04	; 4
     a88:	4d 93       	st	X+, r20
     a8a:	5d 93       	st	X+, r21
     a8c:	6d 93       	st	X+, r22
     a8e:	7c 93       	st	X, r23
     a90:	17 97       	sbiw	r26, 0x07	; 7
     a92:	08 95       	ret

00000a94 <__fpcmp_parts_f>:
     a94:	1f 93       	push	r17
     a96:	dc 01       	movw	r26, r24
     a98:	fb 01       	movw	r30, r22
     a9a:	9c 91       	ld	r25, X
     a9c:	92 30       	cpi	r25, 0x02	; 2
     a9e:	08 f4       	brcc	.+2      	; 0xaa2 <__fpcmp_parts_f+0xe>
     aa0:	47 c0       	rjmp	.+142    	; 0xb30 <__fpcmp_parts_f+0x9c>
     aa2:	80 81       	ld	r24, Z
     aa4:	82 30       	cpi	r24, 0x02	; 2
     aa6:	08 f4       	brcc	.+2      	; 0xaaa <__fpcmp_parts_f+0x16>
     aa8:	43 c0       	rjmp	.+134    	; 0xb30 <__fpcmp_parts_f+0x9c>
     aaa:	94 30       	cpi	r25, 0x04	; 4
     aac:	51 f4       	brne	.+20     	; 0xac2 <__fpcmp_parts_f+0x2e>
     aae:	11 96       	adiw	r26, 0x01	; 1
     ab0:	1c 91       	ld	r17, X
     ab2:	84 30       	cpi	r24, 0x04	; 4
     ab4:	99 f5       	brne	.+102    	; 0xb1c <__fpcmp_parts_f+0x88>
     ab6:	81 81       	ldd	r24, Z+1	; 0x01
     ab8:	68 2f       	mov	r22, r24
     aba:	70 e0       	ldi	r23, 0x00	; 0
     abc:	61 1b       	sub	r22, r17
     abe:	71 09       	sbc	r23, r1
     ac0:	3f c0       	rjmp	.+126    	; 0xb40 <__fpcmp_parts_f+0xac>
     ac2:	84 30       	cpi	r24, 0x04	; 4
     ac4:	21 f0       	breq	.+8      	; 0xace <__fpcmp_parts_f+0x3a>
     ac6:	92 30       	cpi	r25, 0x02	; 2
     ac8:	31 f4       	brne	.+12     	; 0xad6 <__fpcmp_parts_f+0x42>
     aca:	82 30       	cpi	r24, 0x02	; 2
     acc:	b9 f1       	breq	.+110    	; 0xb3c <__fpcmp_parts_f+0xa8>
     ace:	81 81       	ldd	r24, Z+1	; 0x01
     ad0:	88 23       	and	r24, r24
     ad2:	89 f1       	breq	.+98     	; 0xb36 <__fpcmp_parts_f+0xa2>
     ad4:	2d c0       	rjmp	.+90     	; 0xb30 <__fpcmp_parts_f+0x9c>
     ad6:	11 96       	adiw	r26, 0x01	; 1
     ad8:	1c 91       	ld	r17, X
     ada:	11 97       	sbiw	r26, 0x01	; 1
     adc:	82 30       	cpi	r24, 0x02	; 2
     ade:	f1 f0       	breq	.+60     	; 0xb1c <__fpcmp_parts_f+0x88>
     ae0:	81 81       	ldd	r24, Z+1	; 0x01
     ae2:	18 17       	cp	r17, r24
     ae4:	d9 f4       	brne	.+54     	; 0xb1c <__fpcmp_parts_f+0x88>
     ae6:	12 96       	adiw	r26, 0x02	; 2
     ae8:	2d 91       	ld	r18, X+
     aea:	3c 91       	ld	r19, X
     aec:	13 97       	sbiw	r26, 0x03	; 3
     aee:	82 81       	ldd	r24, Z+2	; 0x02
     af0:	93 81       	ldd	r25, Z+3	; 0x03
     af2:	82 17       	cp	r24, r18
     af4:	93 07       	cpc	r25, r19
     af6:	94 f0       	brlt	.+36     	; 0xb1c <__fpcmp_parts_f+0x88>
     af8:	28 17       	cp	r18, r24
     afa:	39 07       	cpc	r19, r25
     afc:	bc f0       	brlt	.+46     	; 0xb2c <__fpcmp_parts_f+0x98>
     afe:	14 96       	adiw	r26, 0x04	; 4
     b00:	8d 91       	ld	r24, X+
     b02:	9d 91       	ld	r25, X+
     b04:	0d 90       	ld	r0, X+
     b06:	bc 91       	ld	r27, X
     b08:	a0 2d       	mov	r26, r0
     b0a:	24 81       	ldd	r18, Z+4	; 0x04
     b0c:	35 81       	ldd	r19, Z+5	; 0x05
     b0e:	46 81       	ldd	r20, Z+6	; 0x06
     b10:	57 81       	ldd	r21, Z+7	; 0x07
     b12:	28 17       	cp	r18, r24
     b14:	39 07       	cpc	r19, r25
     b16:	4a 07       	cpc	r20, r26
     b18:	5b 07       	cpc	r21, r27
     b1a:	18 f4       	brcc	.+6      	; 0xb22 <__fpcmp_parts_f+0x8e>
     b1c:	11 23       	and	r17, r17
     b1e:	41 f0       	breq	.+16     	; 0xb30 <__fpcmp_parts_f+0x9c>
     b20:	0a c0       	rjmp	.+20     	; 0xb36 <__fpcmp_parts_f+0xa2>
     b22:	82 17       	cp	r24, r18
     b24:	93 07       	cpc	r25, r19
     b26:	a4 07       	cpc	r26, r20
     b28:	b5 07       	cpc	r27, r21
     b2a:	40 f4       	brcc	.+16     	; 0xb3c <__fpcmp_parts_f+0xa8>
     b2c:	11 23       	and	r17, r17
     b2e:	19 f0       	breq	.+6      	; 0xb36 <__fpcmp_parts_f+0xa2>
     b30:	61 e0       	ldi	r22, 0x01	; 1
     b32:	70 e0       	ldi	r23, 0x00	; 0
     b34:	05 c0       	rjmp	.+10     	; 0xb40 <__fpcmp_parts_f+0xac>
     b36:	6f ef       	ldi	r22, 0xFF	; 255
     b38:	7f ef       	ldi	r23, 0xFF	; 255
     b3a:	02 c0       	rjmp	.+4      	; 0xb40 <__fpcmp_parts_f+0xac>
     b3c:	60 e0       	ldi	r22, 0x00	; 0
     b3e:	70 e0       	ldi	r23, 0x00	; 0
     b40:	cb 01       	movw	r24, r22
     b42:	1f 91       	pop	r17
     b44:	08 95       	ret

00000b46 <MEEPROM_voidWriteData>:
#include "../../LIB/STD_TYPES.h"

#include "EEPROM.h"

void MEEPROM_voidWriteData(u16 A_u16Address, u8 A_u8Data)
{
     b46:	df 93       	push	r29
     b48:	cf 93       	push	r28
     b4a:	00 d0       	rcall	.+0      	; 0xb4c <MEEPROM_voidWriteData+0x6>
     b4c:	0f 92       	push	r0
     b4e:	cd b7       	in	r28, 0x3d	; 61
     b50:	de b7       	in	r29, 0x3e	; 62
     b52:	9a 83       	std	Y+2, r25	; 0x02
     b54:	89 83       	std	Y+1, r24	; 0x01
     b56:	6b 83       	std	Y+3, r22	; 0x03
    /* Wait until previous EEPROM write is finished */
    while (READ_BIT(EECR, EEWE) == 1)
     b58:	ec e3       	ldi	r30, 0x3C	; 60
     b5a:	f0 e0       	ldi	r31, 0x00	; 0
     b5c:	80 81       	ld	r24, Z
     b5e:	88 2f       	mov	r24, r24
     b60:	90 e0       	ldi	r25, 0x00	; 0
     b62:	82 70       	andi	r24, 0x02	; 2
     b64:	90 70       	andi	r25, 0x00	; 0
     b66:	95 95       	asr	r25
     b68:	87 95       	ror	r24
     b6a:	81 30       	cpi	r24, 0x01	; 1
     b6c:	91 05       	cpc	r25, r1
     b6e:	a1 f3       	breq	.-24     	; 0xb58 <MEEPROM_voidWriteData+0x12>
    {
    }

    /* Set address and data */
    EEAR = A_u16Address;
     b70:	ee e3       	ldi	r30, 0x3E	; 62
     b72:	f0 e0       	ldi	r31, 0x00	; 0
     b74:	89 81       	ldd	r24, Y+1	; 0x01
     b76:	9a 81       	ldd	r25, Y+2	; 0x02
     b78:	91 83       	std	Z+1, r25	; 0x01
     b7a:	80 83       	st	Z, r24
    EEDR = A_u8Data;
     b7c:	ed e3       	ldi	r30, 0x3D	; 61
     b7e:	f0 e0       	ldi	r31, 0x00	; 0
     b80:	8b 81       	ldd	r24, Y+3	; 0x03
     b82:	80 83       	st	Z, r24
     *
     * SBI takes 2 CPU cycles.
     * Therefore:
     * EEMWE -> EEWE = exactly 4 cycles.
     */
    __asm__ __volatile__(
     b84:	e2 9a       	sbi	0x1c, 2	; 28
     b86:	e1 9a       	sbi	0x1c, 1	; 28
        "sbi 0x1C, 2" "\n\t"
        "sbi 0x1C, 1" "\n\t"
    );

    /* Wait until EEPROM write is completed */
    while (READ_BIT(EECR, EEWE) == 1)
     b88:	ec e3       	ldi	r30, 0x3C	; 60
     b8a:	f0 e0       	ldi	r31, 0x00	; 0
     b8c:	80 81       	ld	r24, Z
     b8e:	88 2f       	mov	r24, r24
     b90:	90 e0       	ldi	r25, 0x00	; 0
     b92:	82 70       	andi	r24, 0x02	; 2
     b94:	90 70       	andi	r25, 0x00	; 0
     b96:	95 95       	asr	r25
     b98:	87 95       	ror	r24
     b9a:	81 30       	cpi	r24, 0x01	; 1
     b9c:	91 05       	cpc	r25, r1
     b9e:	a1 f3       	breq	.-24     	; 0xb88 <MEEPROM_voidWriteData+0x42>
    {
    }
}
     ba0:	0f 90       	pop	r0
     ba2:	0f 90       	pop	r0
     ba4:	0f 90       	pop	r0
     ba6:	cf 91       	pop	r28
     ba8:	df 91       	pop	r29
     baa:	08 95       	ret

00000bac <MEEPROM_u8ReadData>:


u8 MEEPROM_u8ReadData(u16 A_u16Address)
{
     bac:	df 93       	push	r29
     bae:	cf 93       	push	r28
     bb0:	00 d0       	rcall	.+0      	; 0xbb2 <MEEPROM_u8ReadData+0x6>
     bb2:	cd b7       	in	r28, 0x3d	; 61
     bb4:	de b7       	in	r29, 0x3e	; 62
     bb6:	9a 83       	std	Y+2, r25	; 0x02
     bb8:	89 83       	std	Y+1, r24	; 0x01
    /* Wait until previous EEPROM write is finished */
    while (READ_BIT(EECR, EEWE) == 1)
     bba:	ec e3       	ldi	r30, 0x3C	; 60
     bbc:	f0 e0       	ldi	r31, 0x00	; 0
     bbe:	80 81       	ld	r24, Z
     bc0:	88 2f       	mov	r24, r24
     bc2:	90 e0       	ldi	r25, 0x00	; 0
     bc4:	82 70       	andi	r24, 0x02	; 2
     bc6:	90 70       	andi	r25, 0x00	; 0
     bc8:	95 95       	asr	r25
     bca:	87 95       	ror	r24
     bcc:	81 30       	cpi	r24, 0x01	; 1
     bce:	91 05       	cpc	r25, r1
     bd0:	a1 f3       	breq	.-24     	; 0xbba <MEEPROM_u8ReadData+0xe>
    {
    }

    /* Set EEPROM address */
    EEAR = A_u16Address;
     bd2:	ee e3       	ldi	r30, 0x3E	; 62
     bd4:	f0 e0       	ldi	r31, 0x00	; 0
     bd6:	89 81       	ldd	r24, Y+1	; 0x01
     bd8:	9a 81       	ldd	r25, Y+2	; 0x02
     bda:	91 83       	std	Z+1, r25	; 0x01
     bdc:	80 83       	st	Z, r24

    /* Start EEPROM read */
    EECR = (1 << EERE);
     bde:	ec e3       	ldi	r30, 0x3C	; 60
     be0:	f0 e0       	ldi	r31, 0x00	; 0
     be2:	81 e0       	ldi	r24, 0x01	; 1
     be4:	80 83       	st	Z, r24

    return EEDR;
     be6:	ed e3       	ldi	r30, 0x3D	; 61
     be8:	f0 e0       	ldi	r31, 0x00	; 0
     bea:	80 81       	ld	r24, Z
}
     bec:	0f 90       	pop	r0
     bee:	0f 90       	pop	r0
     bf0:	cf 91       	pop	r28
     bf2:	df 91       	pop	r29
     bf4:	08 95       	ret

00000bf6 <MDIO_voidInitPin>:

#include "DIO.h"


void MDIO_voidInitPin      (u8 A_u8PortName , u8 A_u8PinNumber , u8 A_u8PinMode)
{
     bf6:	df 93       	push	r29
     bf8:	cf 93       	push	r28
     bfa:	00 d0       	rcall	.+0      	; 0xbfc <MDIO_voidInitPin+0x6>
     bfc:	00 d0       	rcall	.+0      	; 0xbfe <MDIO_voidInitPin+0x8>
     bfe:	0f 92       	push	r0
     c00:	cd b7       	in	r28, 0x3d	; 61
     c02:	de b7       	in	r29, 0x3e	; 62
     c04:	89 83       	std	Y+1, r24	; 0x01
     c06:	6a 83       	std	Y+2, r22	; 0x02
     c08:	4b 83       	std	Y+3, r20	; 0x03
	switch (A_u8PortName)
     c0a:	89 81       	ldd	r24, Y+1	; 0x01
     c0c:	28 2f       	mov	r18, r24
     c0e:	30 e0       	ldi	r19, 0x00	; 0
     c10:	3d 83       	std	Y+5, r19	; 0x05
     c12:	2c 83       	std	Y+4, r18	; 0x04
     c14:	8c 81       	ldd	r24, Y+4	; 0x04
     c16:	9d 81       	ldd	r25, Y+5	; 0x05
     c18:	81 30       	cpi	r24, 0x01	; 1
     c1a:	91 05       	cpc	r25, r1
     c1c:	09 f4       	brne	.+2      	; 0xc20 <MDIO_voidInitPin+0x2a>
     c1e:	47 c0       	rjmp	.+142    	; 0xcae <MDIO_voidInitPin+0xb8>
     c20:	2c 81       	ldd	r18, Y+4	; 0x04
     c22:	3d 81       	ldd	r19, Y+5	; 0x05
     c24:	22 30       	cpi	r18, 0x02	; 2
     c26:	31 05       	cpc	r19, r1
     c28:	2c f4       	brge	.+10     	; 0xc34 <MDIO_voidInitPin+0x3e>
     c2a:	8c 81       	ldd	r24, Y+4	; 0x04
     c2c:	9d 81       	ldd	r25, Y+5	; 0x05
     c2e:	00 97       	sbiw	r24, 0x00	; 0
     c30:	71 f0       	breq	.+28     	; 0xc4e <MDIO_voidInitPin+0x58>
     c32:	cb c0       	rjmp	.+406    	; 0xdca <MDIO_voidInitPin+0x1d4>
     c34:	2c 81       	ldd	r18, Y+4	; 0x04
     c36:	3d 81       	ldd	r19, Y+5	; 0x05
     c38:	22 30       	cpi	r18, 0x02	; 2
     c3a:	31 05       	cpc	r19, r1
     c3c:	09 f4       	brne	.+2      	; 0xc40 <MDIO_voidInitPin+0x4a>
     c3e:	67 c0       	rjmp	.+206    	; 0xd0e <MDIO_voidInitPin+0x118>
     c40:	8c 81       	ldd	r24, Y+4	; 0x04
     c42:	9d 81       	ldd	r25, Y+5	; 0x05
     c44:	83 30       	cpi	r24, 0x03	; 3
     c46:	91 05       	cpc	r25, r1
     c48:	09 f4       	brne	.+2      	; 0xc4c <MDIO_voidInitPin+0x56>
     c4a:	91 c0       	rjmp	.+290    	; 0xd6e <MDIO_voidInitPin+0x178>
     c4c:	be c0       	rjmp	.+380    	; 0xdca <MDIO_voidInitPin+0x1d4>
	{
	case DIO_PORTA :
		if (A_u8PinMode == DIO_INPUT)
     c4e:	8b 81       	ldd	r24, Y+3	; 0x03
     c50:	88 23       	and	r24, r24
     c52:	a9 f4       	brne	.+42     	; 0xc7e <MDIO_voidInitPin+0x88>
		{
			CLR_BIT(DDRA , A_u8PinNumber) ;
     c54:	aa e3       	ldi	r26, 0x3A	; 58
     c56:	b0 e0       	ldi	r27, 0x00	; 0
     c58:	ea e3       	ldi	r30, 0x3A	; 58
     c5a:	f0 e0       	ldi	r31, 0x00	; 0
     c5c:	80 81       	ld	r24, Z
     c5e:	48 2f       	mov	r20, r24
     c60:	8a 81       	ldd	r24, Y+2	; 0x02
     c62:	28 2f       	mov	r18, r24
     c64:	30 e0       	ldi	r19, 0x00	; 0
     c66:	81 e0       	ldi	r24, 0x01	; 1
     c68:	90 e0       	ldi	r25, 0x00	; 0
     c6a:	02 2e       	mov	r0, r18
     c6c:	02 c0       	rjmp	.+4      	; 0xc72 <MDIO_voidInitPin+0x7c>
     c6e:	88 0f       	add	r24, r24
     c70:	99 1f       	adc	r25, r25
     c72:	0a 94       	dec	r0
     c74:	e2 f7       	brpl	.-8      	; 0xc6e <MDIO_voidInitPin+0x78>
     c76:	80 95       	com	r24
     c78:	84 23       	and	r24, r20
     c7a:	8c 93       	st	X, r24
     c7c:	a6 c0       	rjmp	.+332    	; 0xdca <MDIO_voidInitPin+0x1d4>
		}
		else if (A_u8PinMode == DIO_OUTPUT)
     c7e:	8b 81       	ldd	r24, Y+3	; 0x03
     c80:	81 30       	cpi	r24, 0x01	; 1
     c82:	09 f0       	breq	.+2      	; 0xc86 <MDIO_voidInitPin+0x90>
     c84:	a2 c0       	rjmp	.+324    	; 0xdca <MDIO_voidInitPin+0x1d4>
		{
			SET_BIT(DDRA , A_u8PinNumber) ;
     c86:	aa e3       	ldi	r26, 0x3A	; 58
     c88:	b0 e0       	ldi	r27, 0x00	; 0
     c8a:	ea e3       	ldi	r30, 0x3A	; 58
     c8c:	f0 e0       	ldi	r31, 0x00	; 0
     c8e:	80 81       	ld	r24, Z
     c90:	48 2f       	mov	r20, r24
     c92:	8a 81       	ldd	r24, Y+2	; 0x02
     c94:	28 2f       	mov	r18, r24
     c96:	30 e0       	ldi	r19, 0x00	; 0
     c98:	81 e0       	ldi	r24, 0x01	; 1
     c9a:	90 e0       	ldi	r25, 0x00	; 0
     c9c:	02 2e       	mov	r0, r18
     c9e:	02 c0       	rjmp	.+4      	; 0xca4 <MDIO_voidInitPin+0xae>
     ca0:	88 0f       	add	r24, r24
     ca2:	99 1f       	adc	r25, r25
     ca4:	0a 94       	dec	r0
     ca6:	e2 f7       	brpl	.-8      	; 0xca0 <MDIO_voidInitPin+0xaa>
     ca8:	84 2b       	or	r24, r20
     caa:	8c 93       	st	X, r24
     cac:	8e c0       	rjmp	.+284    	; 0xdca <MDIO_voidInitPin+0x1d4>
		}
		break ;
	case DIO_PORTB :
		if (A_u8PinMode == DIO_INPUT)
     cae:	8b 81       	ldd	r24, Y+3	; 0x03
     cb0:	88 23       	and	r24, r24
     cb2:	a9 f4       	brne	.+42     	; 0xcde <MDIO_voidInitPin+0xe8>
		{
			CLR_BIT(DDRB , A_u8PinNumber) ;
     cb4:	a7 e3       	ldi	r26, 0x37	; 55
     cb6:	b0 e0       	ldi	r27, 0x00	; 0
     cb8:	e7 e3       	ldi	r30, 0x37	; 55
     cba:	f0 e0       	ldi	r31, 0x00	; 0
     cbc:	80 81       	ld	r24, Z
     cbe:	48 2f       	mov	r20, r24
     cc0:	8a 81       	ldd	r24, Y+2	; 0x02
     cc2:	28 2f       	mov	r18, r24
     cc4:	30 e0       	ldi	r19, 0x00	; 0
     cc6:	81 e0       	ldi	r24, 0x01	; 1
     cc8:	90 e0       	ldi	r25, 0x00	; 0
     cca:	02 2e       	mov	r0, r18
     ccc:	02 c0       	rjmp	.+4      	; 0xcd2 <MDIO_voidInitPin+0xdc>
     cce:	88 0f       	add	r24, r24
     cd0:	99 1f       	adc	r25, r25
     cd2:	0a 94       	dec	r0
     cd4:	e2 f7       	brpl	.-8      	; 0xcce <MDIO_voidInitPin+0xd8>
     cd6:	80 95       	com	r24
     cd8:	84 23       	and	r24, r20
     cda:	8c 93       	st	X, r24
     cdc:	76 c0       	rjmp	.+236    	; 0xdca <MDIO_voidInitPin+0x1d4>
		}
		else if (A_u8PinMode == DIO_OUTPUT)
     cde:	8b 81       	ldd	r24, Y+3	; 0x03
     ce0:	81 30       	cpi	r24, 0x01	; 1
     ce2:	09 f0       	breq	.+2      	; 0xce6 <MDIO_voidInitPin+0xf0>
     ce4:	72 c0       	rjmp	.+228    	; 0xdca <MDIO_voidInitPin+0x1d4>
		{
			SET_BIT(DDRB , A_u8PinNumber) ;
     ce6:	a7 e3       	ldi	r26, 0x37	; 55
     ce8:	b0 e0       	ldi	r27, 0x00	; 0
     cea:	e7 e3       	ldi	r30, 0x37	; 55
     cec:	f0 e0       	ldi	r31, 0x00	; 0
     cee:	80 81       	ld	r24, Z
     cf0:	48 2f       	mov	r20, r24
     cf2:	8a 81       	ldd	r24, Y+2	; 0x02
     cf4:	28 2f       	mov	r18, r24
     cf6:	30 e0       	ldi	r19, 0x00	; 0
     cf8:	81 e0       	ldi	r24, 0x01	; 1
     cfa:	90 e0       	ldi	r25, 0x00	; 0
     cfc:	02 2e       	mov	r0, r18
     cfe:	02 c0       	rjmp	.+4      	; 0xd04 <MDIO_voidInitPin+0x10e>
     d00:	88 0f       	add	r24, r24
     d02:	99 1f       	adc	r25, r25
     d04:	0a 94       	dec	r0
     d06:	e2 f7       	brpl	.-8      	; 0xd00 <MDIO_voidInitPin+0x10a>
     d08:	84 2b       	or	r24, r20
     d0a:	8c 93       	st	X, r24
     d0c:	5e c0       	rjmp	.+188    	; 0xdca <MDIO_voidInitPin+0x1d4>
		}
		break ;
	case DIO_PORTC :
		if (A_u8PinMode == DIO_INPUT)
     d0e:	8b 81       	ldd	r24, Y+3	; 0x03
     d10:	88 23       	and	r24, r24
     d12:	a9 f4       	brne	.+42     	; 0xd3e <MDIO_voidInitPin+0x148>
		{
			CLR_BIT(DDRC , A_u8PinNumber) ;
     d14:	a4 e3       	ldi	r26, 0x34	; 52
     d16:	b0 e0       	ldi	r27, 0x00	; 0
     d18:	e4 e3       	ldi	r30, 0x34	; 52
     d1a:	f0 e0       	ldi	r31, 0x00	; 0
     d1c:	80 81       	ld	r24, Z
     d1e:	48 2f       	mov	r20, r24
     d20:	8a 81       	ldd	r24, Y+2	; 0x02
     d22:	28 2f       	mov	r18, r24
     d24:	30 e0       	ldi	r19, 0x00	; 0
     d26:	81 e0       	ldi	r24, 0x01	; 1
     d28:	90 e0       	ldi	r25, 0x00	; 0
     d2a:	02 2e       	mov	r0, r18
     d2c:	02 c0       	rjmp	.+4      	; 0xd32 <MDIO_voidInitPin+0x13c>
     d2e:	88 0f       	add	r24, r24
     d30:	99 1f       	adc	r25, r25
     d32:	0a 94       	dec	r0
     d34:	e2 f7       	brpl	.-8      	; 0xd2e <MDIO_voidInitPin+0x138>
     d36:	80 95       	com	r24
     d38:	84 23       	and	r24, r20
     d3a:	8c 93       	st	X, r24
     d3c:	46 c0       	rjmp	.+140    	; 0xdca <MDIO_voidInitPin+0x1d4>
		}
		else if (A_u8PinMode == DIO_OUTPUT)
     d3e:	8b 81       	ldd	r24, Y+3	; 0x03
     d40:	81 30       	cpi	r24, 0x01	; 1
     d42:	09 f0       	breq	.+2      	; 0xd46 <MDIO_voidInitPin+0x150>
     d44:	42 c0       	rjmp	.+132    	; 0xdca <MDIO_voidInitPin+0x1d4>
		{
			SET_BIT(DDRC , A_u8PinNumber) ;
     d46:	a4 e3       	ldi	r26, 0x34	; 52
     d48:	b0 e0       	ldi	r27, 0x00	; 0
     d4a:	e4 e3       	ldi	r30, 0x34	; 52
     d4c:	f0 e0       	ldi	r31, 0x00	; 0
     d4e:	80 81       	ld	r24, Z
     d50:	48 2f       	mov	r20, r24
     d52:	8a 81       	ldd	r24, Y+2	; 0x02
     d54:	28 2f       	mov	r18, r24
     d56:	30 e0       	ldi	r19, 0x00	; 0
     d58:	81 e0       	ldi	r24, 0x01	; 1
     d5a:	90 e0       	ldi	r25, 0x00	; 0
     d5c:	02 2e       	mov	r0, r18
     d5e:	02 c0       	rjmp	.+4      	; 0xd64 <MDIO_voidInitPin+0x16e>
     d60:	88 0f       	add	r24, r24
     d62:	99 1f       	adc	r25, r25
     d64:	0a 94       	dec	r0
     d66:	e2 f7       	brpl	.-8      	; 0xd60 <MDIO_voidInitPin+0x16a>
     d68:	84 2b       	or	r24, r20
     d6a:	8c 93       	st	X, r24
     d6c:	2e c0       	rjmp	.+92     	; 0xdca <MDIO_voidInitPin+0x1d4>
		}
		break ;
	case DIO_PORTD :
		if (A_u8PinMode == DIO_INPUT)
     d6e:	8b 81       	ldd	r24, Y+3	; 0x03
     d70:	88 23       	and	r24, r24
     d72:	a9 f4       	brne	.+42     	; 0xd9e <MDIO_voidInitPin+0x1a8>
		{
			CLR_BIT(DDRD , A_u8PinNumber) ;
     d74:	a1 e3       	ldi	r26, 0x31	; 49
     d76:	b0 e0       	ldi	r27, 0x00	; 0
     d78:	e1 e3       	ldi	r30, 0x31	; 49
     d7a:	f0 e0       	ldi	r31, 0x00	; 0
     d7c:	80 81       	ld	r24, Z
     d7e:	48 2f       	mov	r20, r24
     d80:	8a 81       	ldd	r24, Y+2	; 0x02
     d82:	28 2f       	mov	r18, r24
     d84:	30 e0       	ldi	r19, 0x00	; 0
     d86:	81 e0       	ldi	r24, 0x01	; 1
     d88:	90 e0       	ldi	r25, 0x00	; 0
     d8a:	02 2e       	mov	r0, r18
     d8c:	02 c0       	rjmp	.+4      	; 0xd92 <MDIO_voidInitPin+0x19c>
     d8e:	88 0f       	add	r24, r24
     d90:	99 1f       	adc	r25, r25
     d92:	0a 94       	dec	r0
     d94:	e2 f7       	brpl	.-8      	; 0xd8e <MDIO_voidInitPin+0x198>
     d96:	80 95       	com	r24
     d98:	84 23       	and	r24, r20
     d9a:	8c 93       	st	X, r24
     d9c:	16 c0       	rjmp	.+44     	; 0xdca <MDIO_voidInitPin+0x1d4>
		}
		else if (A_u8PinMode == DIO_OUTPUT)
     d9e:	8b 81       	ldd	r24, Y+3	; 0x03
     da0:	81 30       	cpi	r24, 0x01	; 1
     da2:	99 f4       	brne	.+38     	; 0xdca <MDIO_voidInitPin+0x1d4>
		{
			SET_BIT(DDRD , A_u8PinNumber) ;
     da4:	a1 e3       	ldi	r26, 0x31	; 49
     da6:	b0 e0       	ldi	r27, 0x00	; 0
     da8:	e1 e3       	ldi	r30, 0x31	; 49
     daa:	f0 e0       	ldi	r31, 0x00	; 0
     dac:	80 81       	ld	r24, Z
     dae:	48 2f       	mov	r20, r24
     db0:	8a 81       	ldd	r24, Y+2	; 0x02
     db2:	28 2f       	mov	r18, r24
     db4:	30 e0       	ldi	r19, 0x00	; 0
     db6:	81 e0       	ldi	r24, 0x01	; 1
     db8:	90 e0       	ldi	r25, 0x00	; 0
     dba:	02 2e       	mov	r0, r18
     dbc:	02 c0       	rjmp	.+4      	; 0xdc2 <MDIO_voidInitPin+0x1cc>
     dbe:	88 0f       	add	r24, r24
     dc0:	99 1f       	adc	r25, r25
     dc2:	0a 94       	dec	r0
     dc4:	e2 f7       	brpl	.-8      	; 0xdbe <MDIO_voidInitPin+0x1c8>
     dc6:	84 2b       	or	r24, r20
     dc8:	8c 93       	st	X, r24
		}
		break ;
	}
}
     dca:	0f 90       	pop	r0
     dcc:	0f 90       	pop	r0
     dce:	0f 90       	pop	r0
     dd0:	0f 90       	pop	r0
     dd2:	0f 90       	pop	r0
     dd4:	cf 91       	pop	r28
     dd6:	df 91       	pop	r29
     dd8:	08 95       	ret

00000dda <MDIO_voidSetPinValue>:
void MDIO_voidSetPinValue  (u8 A_u8PortName , u8 A_u8PinNumber , u8 A_u8PinValue)
{
     dda:	df 93       	push	r29
     ddc:	cf 93       	push	r28
     dde:	00 d0       	rcall	.+0      	; 0xde0 <MDIO_voidSetPinValue+0x6>
     de0:	00 d0       	rcall	.+0      	; 0xde2 <MDIO_voidSetPinValue+0x8>
     de2:	0f 92       	push	r0
     de4:	cd b7       	in	r28, 0x3d	; 61
     de6:	de b7       	in	r29, 0x3e	; 62
     de8:	89 83       	std	Y+1, r24	; 0x01
     dea:	6a 83       	std	Y+2, r22	; 0x02
     dec:	4b 83       	std	Y+3, r20	; 0x03
	switch (A_u8PortName)
     dee:	89 81       	ldd	r24, Y+1	; 0x01
     df0:	28 2f       	mov	r18, r24
     df2:	30 e0       	ldi	r19, 0x00	; 0
     df4:	3d 83       	std	Y+5, r19	; 0x05
     df6:	2c 83       	std	Y+4, r18	; 0x04
     df8:	8c 81       	ldd	r24, Y+4	; 0x04
     dfa:	9d 81       	ldd	r25, Y+5	; 0x05
     dfc:	81 30       	cpi	r24, 0x01	; 1
     dfe:	91 05       	cpc	r25, r1
     e00:	09 f4       	brne	.+2      	; 0xe04 <MDIO_voidSetPinValue+0x2a>
     e02:	47 c0       	rjmp	.+142    	; 0xe92 <MDIO_voidSetPinValue+0xb8>
     e04:	2c 81       	ldd	r18, Y+4	; 0x04
     e06:	3d 81       	ldd	r19, Y+5	; 0x05
     e08:	22 30       	cpi	r18, 0x02	; 2
     e0a:	31 05       	cpc	r19, r1
     e0c:	2c f4       	brge	.+10     	; 0xe18 <MDIO_voidSetPinValue+0x3e>
     e0e:	8c 81       	ldd	r24, Y+4	; 0x04
     e10:	9d 81       	ldd	r25, Y+5	; 0x05
     e12:	00 97       	sbiw	r24, 0x00	; 0
     e14:	71 f0       	breq	.+28     	; 0xe32 <MDIO_voidSetPinValue+0x58>
     e16:	cb c0       	rjmp	.+406    	; 0xfae <MDIO_voidSetPinValue+0x1d4>
     e18:	2c 81       	ldd	r18, Y+4	; 0x04
     e1a:	3d 81       	ldd	r19, Y+5	; 0x05
     e1c:	22 30       	cpi	r18, 0x02	; 2
     e1e:	31 05       	cpc	r19, r1
     e20:	09 f4       	brne	.+2      	; 0xe24 <MDIO_voidSetPinValue+0x4a>
     e22:	67 c0       	rjmp	.+206    	; 0xef2 <MDIO_voidSetPinValue+0x118>
     e24:	8c 81       	ldd	r24, Y+4	; 0x04
     e26:	9d 81       	ldd	r25, Y+5	; 0x05
     e28:	83 30       	cpi	r24, 0x03	; 3
     e2a:	91 05       	cpc	r25, r1
     e2c:	09 f4       	brne	.+2      	; 0xe30 <MDIO_voidSetPinValue+0x56>
     e2e:	91 c0       	rjmp	.+290    	; 0xf52 <MDIO_voidSetPinValue+0x178>
     e30:	be c0       	rjmp	.+380    	; 0xfae <MDIO_voidSetPinValue+0x1d4>
	{
	case DIO_PORTA :
		if (A_u8PinValue == DIO_LOW)
     e32:	8b 81       	ldd	r24, Y+3	; 0x03
     e34:	88 23       	and	r24, r24
     e36:	a9 f4       	brne	.+42     	; 0xe62 <MDIO_voidSetPinValue+0x88>
		{
			CLR_BIT(PORTA , A_u8PinNumber) ;
     e38:	ab e3       	ldi	r26, 0x3B	; 59
     e3a:	b0 e0       	ldi	r27, 0x00	; 0
     e3c:	eb e3       	ldi	r30, 0x3B	; 59
     e3e:	f0 e0       	ldi	r31, 0x00	; 0
     e40:	80 81       	ld	r24, Z
     e42:	48 2f       	mov	r20, r24
     e44:	8a 81       	ldd	r24, Y+2	; 0x02
     e46:	28 2f       	mov	r18, r24
     e48:	30 e0       	ldi	r19, 0x00	; 0
     e4a:	81 e0       	ldi	r24, 0x01	; 1
     e4c:	90 e0       	ldi	r25, 0x00	; 0
     e4e:	02 2e       	mov	r0, r18
     e50:	02 c0       	rjmp	.+4      	; 0xe56 <MDIO_voidSetPinValue+0x7c>
     e52:	88 0f       	add	r24, r24
     e54:	99 1f       	adc	r25, r25
     e56:	0a 94       	dec	r0
     e58:	e2 f7       	brpl	.-8      	; 0xe52 <MDIO_voidSetPinValue+0x78>
     e5a:	80 95       	com	r24
     e5c:	84 23       	and	r24, r20
     e5e:	8c 93       	st	X, r24
     e60:	a6 c0       	rjmp	.+332    	; 0xfae <MDIO_voidSetPinValue+0x1d4>
		}
		else if (A_u8PinValue == DIO_HIGH)
     e62:	8b 81       	ldd	r24, Y+3	; 0x03
     e64:	81 30       	cpi	r24, 0x01	; 1
     e66:	09 f0       	breq	.+2      	; 0xe6a <MDIO_voidSetPinValue+0x90>
     e68:	a2 c0       	rjmp	.+324    	; 0xfae <MDIO_voidSetPinValue+0x1d4>
		{
			SET_BIT(PORTA , A_u8PinNumber) ;
     e6a:	ab e3       	ldi	r26, 0x3B	; 59
     e6c:	b0 e0       	ldi	r27, 0x00	; 0
     e6e:	eb e3       	ldi	r30, 0x3B	; 59
     e70:	f0 e0       	ldi	r31, 0x00	; 0
     e72:	80 81       	ld	r24, Z
     e74:	48 2f       	mov	r20, r24
     e76:	8a 81       	ldd	r24, Y+2	; 0x02
     e78:	28 2f       	mov	r18, r24
     e7a:	30 e0       	ldi	r19, 0x00	; 0
     e7c:	81 e0       	ldi	r24, 0x01	; 1
     e7e:	90 e0       	ldi	r25, 0x00	; 0
     e80:	02 2e       	mov	r0, r18
     e82:	02 c0       	rjmp	.+4      	; 0xe88 <MDIO_voidSetPinValue+0xae>
     e84:	88 0f       	add	r24, r24
     e86:	99 1f       	adc	r25, r25
     e88:	0a 94       	dec	r0
     e8a:	e2 f7       	brpl	.-8      	; 0xe84 <MDIO_voidSetPinValue+0xaa>
     e8c:	84 2b       	or	r24, r20
     e8e:	8c 93       	st	X, r24
     e90:	8e c0       	rjmp	.+284    	; 0xfae <MDIO_voidSetPinValue+0x1d4>
		}
		break ;
	case DIO_PORTB :
		if (A_u8PinValue == DIO_LOW)
     e92:	8b 81       	ldd	r24, Y+3	; 0x03
     e94:	88 23       	and	r24, r24
     e96:	a9 f4       	brne	.+42     	; 0xec2 <MDIO_voidSetPinValue+0xe8>
		{
			CLR_BIT(PORTB , A_u8PinNumber) ;
     e98:	a8 e3       	ldi	r26, 0x38	; 56
     e9a:	b0 e0       	ldi	r27, 0x00	; 0
     e9c:	e8 e3       	ldi	r30, 0x38	; 56
     e9e:	f0 e0       	ldi	r31, 0x00	; 0
     ea0:	80 81       	ld	r24, Z
     ea2:	48 2f       	mov	r20, r24
     ea4:	8a 81       	ldd	r24, Y+2	; 0x02
     ea6:	28 2f       	mov	r18, r24
     ea8:	30 e0       	ldi	r19, 0x00	; 0
     eaa:	81 e0       	ldi	r24, 0x01	; 1
     eac:	90 e0       	ldi	r25, 0x00	; 0
     eae:	02 2e       	mov	r0, r18
     eb0:	02 c0       	rjmp	.+4      	; 0xeb6 <MDIO_voidSetPinValue+0xdc>
     eb2:	88 0f       	add	r24, r24
     eb4:	99 1f       	adc	r25, r25
     eb6:	0a 94       	dec	r0
     eb8:	e2 f7       	brpl	.-8      	; 0xeb2 <MDIO_voidSetPinValue+0xd8>
     eba:	80 95       	com	r24
     ebc:	84 23       	and	r24, r20
     ebe:	8c 93       	st	X, r24
     ec0:	76 c0       	rjmp	.+236    	; 0xfae <MDIO_voidSetPinValue+0x1d4>
		}
		else if (A_u8PinValue == DIO_HIGH)
     ec2:	8b 81       	ldd	r24, Y+3	; 0x03
     ec4:	81 30       	cpi	r24, 0x01	; 1
     ec6:	09 f0       	breq	.+2      	; 0xeca <MDIO_voidSetPinValue+0xf0>
     ec8:	72 c0       	rjmp	.+228    	; 0xfae <MDIO_voidSetPinValue+0x1d4>
		{
			SET_BIT(PORTB , A_u8PinNumber) ;
     eca:	a8 e3       	ldi	r26, 0x38	; 56
     ecc:	b0 e0       	ldi	r27, 0x00	; 0
     ece:	e8 e3       	ldi	r30, 0x38	; 56
     ed0:	f0 e0       	ldi	r31, 0x00	; 0
     ed2:	80 81       	ld	r24, Z
     ed4:	48 2f       	mov	r20, r24
     ed6:	8a 81       	ldd	r24, Y+2	; 0x02
     ed8:	28 2f       	mov	r18, r24
     eda:	30 e0       	ldi	r19, 0x00	; 0
     edc:	81 e0       	ldi	r24, 0x01	; 1
     ede:	90 e0       	ldi	r25, 0x00	; 0
     ee0:	02 2e       	mov	r0, r18
     ee2:	02 c0       	rjmp	.+4      	; 0xee8 <MDIO_voidSetPinValue+0x10e>
     ee4:	88 0f       	add	r24, r24
     ee6:	99 1f       	adc	r25, r25
     ee8:	0a 94       	dec	r0
     eea:	e2 f7       	brpl	.-8      	; 0xee4 <MDIO_voidSetPinValue+0x10a>
     eec:	84 2b       	or	r24, r20
     eee:	8c 93       	st	X, r24
     ef0:	5e c0       	rjmp	.+188    	; 0xfae <MDIO_voidSetPinValue+0x1d4>
		}
		break ;
	case DIO_PORTC :
		if (A_u8PinValue == DIO_LOW)
     ef2:	8b 81       	ldd	r24, Y+3	; 0x03
     ef4:	88 23       	and	r24, r24
     ef6:	a9 f4       	brne	.+42     	; 0xf22 <MDIO_voidSetPinValue+0x148>
		{
			CLR_BIT(PORTC , A_u8PinNumber) ;
     ef8:	a5 e3       	ldi	r26, 0x35	; 53
     efa:	b0 e0       	ldi	r27, 0x00	; 0
     efc:	e5 e3       	ldi	r30, 0x35	; 53
     efe:	f0 e0       	ldi	r31, 0x00	; 0
     f00:	80 81       	ld	r24, Z
     f02:	48 2f       	mov	r20, r24
     f04:	8a 81       	ldd	r24, Y+2	; 0x02
     f06:	28 2f       	mov	r18, r24
     f08:	30 e0       	ldi	r19, 0x00	; 0
     f0a:	81 e0       	ldi	r24, 0x01	; 1
     f0c:	90 e0       	ldi	r25, 0x00	; 0
     f0e:	02 2e       	mov	r0, r18
     f10:	02 c0       	rjmp	.+4      	; 0xf16 <MDIO_voidSetPinValue+0x13c>
     f12:	88 0f       	add	r24, r24
     f14:	99 1f       	adc	r25, r25
     f16:	0a 94       	dec	r0
     f18:	e2 f7       	brpl	.-8      	; 0xf12 <MDIO_voidSetPinValue+0x138>
     f1a:	80 95       	com	r24
     f1c:	84 23       	and	r24, r20
     f1e:	8c 93       	st	X, r24
     f20:	46 c0       	rjmp	.+140    	; 0xfae <MDIO_voidSetPinValue+0x1d4>
		}
		else if (A_u8PinValue == DIO_HIGH)
     f22:	8b 81       	ldd	r24, Y+3	; 0x03
     f24:	81 30       	cpi	r24, 0x01	; 1
     f26:	09 f0       	breq	.+2      	; 0xf2a <MDIO_voidSetPinValue+0x150>
     f28:	42 c0       	rjmp	.+132    	; 0xfae <MDIO_voidSetPinValue+0x1d4>
		{
			SET_BIT(PORTC , A_u8PinNumber) ;
     f2a:	a5 e3       	ldi	r26, 0x35	; 53
     f2c:	b0 e0       	ldi	r27, 0x00	; 0
     f2e:	e5 e3       	ldi	r30, 0x35	; 53
     f30:	f0 e0       	ldi	r31, 0x00	; 0
     f32:	80 81       	ld	r24, Z
     f34:	48 2f       	mov	r20, r24
     f36:	8a 81       	ldd	r24, Y+2	; 0x02
     f38:	28 2f       	mov	r18, r24
     f3a:	30 e0       	ldi	r19, 0x00	; 0
     f3c:	81 e0       	ldi	r24, 0x01	; 1
     f3e:	90 e0       	ldi	r25, 0x00	; 0
     f40:	02 2e       	mov	r0, r18
     f42:	02 c0       	rjmp	.+4      	; 0xf48 <MDIO_voidSetPinValue+0x16e>
     f44:	88 0f       	add	r24, r24
     f46:	99 1f       	adc	r25, r25
     f48:	0a 94       	dec	r0
     f4a:	e2 f7       	brpl	.-8      	; 0xf44 <MDIO_voidSetPinValue+0x16a>
     f4c:	84 2b       	or	r24, r20
     f4e:	8c 93       	st	X, r24
     f50:	2e c0       	rjmp	.+92     	; 0xfae <MDIO_voidSetPinValue+0x1d4>
		}
		break ;
	case DIO_PORTD :
		if (A_u8PinValue == DIO_LOW)
     f52:	8b 81       	ldd	r24, Y+3	; 0x03
     f54:	88 23       	and	r24, r24
     f56:	a9 f4       	brne	.+42     	; 0xf82 <MDIO_voidSetPinValue+0x1a8>
		{
			CLR_BIT(PORTD , A_u8PinNumber) ;
     f58:	a2 e3       	ldi	r26, 0x32	; 50
     f5a:	b0 e0       	ldi	r27, 0x00	; 0
     f5c:	e2 e3       	ldi	r30, 0x32	; 50
     f5e:	f0 e0       	ldi	r31, 0x00	; 0
     f60:	80 81       	ld	r24, Z
     f62:	48 2f       	mov	r20, r24
     f64:	8a 81       	ldd	r24, Y+2	; 0x02
     f66:	28 2f       	mov	r18, r24
     f68:	30 e0       	ldi	r19, 0x00	; 0
     f6a:	81 e0       	ldi	r24, 0x01	; 1
     f6c:	90 e0       	ldi	r25, 0x00	; 0
     f6e:	02 2e       	mov	r0, r18
     f70:	02 c0       	rjmp	.+4      	; 0xf76 <MDIO_voidSetPinValue+0x19c>
     f72:	88 0f       	add	r24, r24
     f74:	99 1f       	adc	r25, r25
     f76:	0a 94       	dec	r0
     f78:	e2 f7       	brpl	.-8      	; 0xf72 <MDIO_voidSetPinValue+0x198>
     f7a:	80 95       	com	r24
     f7c:	84 23       	and	r24, r20
     f7e:	8c 93       	st	X, r24
     f80:	16 c0       	rjmp	.+44     	; 0xfae <MDIO_voidSetPinValue+0x1d4>
		}
		else if (A_u8PinValue == DIO_HIGH)
     f82:	8b 81       	ldd	r24, Y+3	; 0x03
     f84:	81 30       	cpi	r24, 0x01	; 1
     f86:	99 f4       	brne	.+38     	; 0xfae <MDIO_voidSetPinValue+0x1d4>
		{
			SET_BIT(PORTD , A_u8PinNumber) ;
     f88:	a2 e3       	ldi	r26, 0x32	; 50
     f8a:	b0 e0       	ldi	r27, 0x00	; 0
     f8c:	e2 e3       	ldi	r30, 0x32	; 50
     f8e:	f0 e0       	ldi	r31, 0x00	; 0
     f90:	80 81       	ld	r24, Z
     f92:	48 2f       	mov	r20, r24
     f94:	8a 81       	ldd	r24, Y+2	; 0x02
     f96:	28 2f       	mov	r18, r24
     f98:	30 e0       	ldi	r19, 0x00	; 0
     f9a:	81 e0       	ldi	r24, 0x01	; 1
     f9c:	90 e0       	ldi	r25, 0x00	; 0
     f9e:	02 2e       	mov	r0, r18
     fa0:	02 c0       	rjmp	.+4      	; 0xfa6 <MDIO_voidSetPinValue+0x1cc>
     fa2:	88 0f       	add	r24, r24
     fa4:	99 1f       	adc	r25, r25
     fa6:	0a 94       	dec	r0
     fa8:	e2 f7       	brpl	.-8      	; 0xfa2 <MDIO_voidSetPinValue+0x1c8>
     faa:	84 2b       	or	r24, r20
     fac:	8c 93       	st	X, r24
		}
		break ;
	}
}
     fae:	0f 90       	pop	r0
     fb0:	0f 90       	pop	r0
     fb2:	0f 90       	pop	r0
     fb4:	0f 90       	pop	r0
     fb6:	0f 90       	pop	r0
     fb8:	cf 91       	pop	r28
     fba:	df 91       	pop	r29
     fbc:	08 95       	ret

00000fbe <MDIO_u8ReadPinValue>:
u8   MDIO_u8ReadPinValue   (u8 A_u8PortName , u8 A_u8PinNumber)
{
     fbe:	df 93       	push	r29
     fc0:	cf 93       	push	r28
     fc2:	00 d0       	rcall	.+0      	; 0xfc4 <MDIO_u8ReadPinValue+0x6>
     fc4:	00 d0       	rcall	.+0      	; 0xfc6 <MDIO_u8ReadPinValue+0x8>
     fc6:	0f 92       	push	r0
     fc8:	cd b7       	in	r28, 0x3d	; 61
     fca:	de b7       	in	r29, 0x3e	; 62
     fcc:	8a 83       	std	Y+2, r24	; 0x02
     fce:	6b 83       	std	Y+3, r22	; 0x03
	u8 L_u8PinValue ;
	switch (A_u8PortName)
     fd0:	8a 81       	ldd	r24, Y+2	; 0x02
     fd2:	28 2f       	mov	r18, r24
     fd4:	30 e0       	ldi	r19, 0x00	; 0
     fd6:	3d 83       	std	Y+5, r19	; 0x05
     fd8:	2c 83       	std	Y+4, r18	; 0x04
     fda:	4c 81       	ldd	r20, Y+4	; 0x04
     fdc:	5d 81       	ldd	r21, Y+5	; 0x05
     fde:	41 30       	cpi	r20, 0x01	; 1
     fe0:	51 05       	cpc	r21, r1
     fe2:	b1 f1       	breq	.+108    	; 0x1050 <MDIO_u8ReadPinValue+0x92>
     fe4:	8c 81       	ldd	r24, Y+4	; 0x04
     fe6:	9d 81       	ldd	r25, Y+5	; 0x05
     fe8:	82 30       	cpi	r24, 0x02	; 2
     fea:	91 05       	cpc	r25, r1
     fec:	34 f4       	brge	.+12     	; 0xffa <MDIO_u8ReadPinValue+0x3c>
     fee:	2c 81       	ldd	r18, Y+4	; 0x04
     ff0:	3d 81       	ldd	r19, Y+5	; 0x05
     ff2:	21 15       	cp	r18, r1
     ff4:	31 05       	cpc	r19, r1
     ff6:	71 f0       	breq	.+28     	; 0x1014 <MDIO_u8ReadPinValue+0x56>
     ff8:	84 c0       	rjmp	.+264    	; 0x1102 <MDIO_u8ReadPinValue+0x144>
     ffa:	4c 81       	ldd	r20, Y+4	; 0x04
     ffc:	5d 81       	ldd	r21, Y+5	; 0x05
     ffe:	42 30       	cpi	r20, 0x02	; 2
    1000:	51 05       	cpc	r21, r1
    1002:	09 f4       	brne	.+2      	; 0x1006 <MDIO_u8ReadPinValue+0x48>
    1004:	43 c0       	rjmp	.+134    	; 0x108c <MDIO_u8ReadPinValue+0xce>
    1006:	8c 81       	ldd	r24, Y+4	; 0x04
    1008:	9d 81       	ldd	r25, Y+5	; 0x05
    100a:	83 30       	cpi	r24, 0x03	; 3
    100c:	91 05       	cpc	r25, r1
    100e:	09 f4       	brne	.+2      	; 0x1012 <MDIO_u8ReadPinValue+0x54>
    1010:	5b c0       	rjmp	.+182    	; 0x10c8 <MDIO_u8ReadPinValue+0x10a>
    1012:	77 c0       	rjmp	.+238    	; 0x1102 <MDIO_u8ReadPinValue+0x144>
	{
	case DIO_PORTA :
		L_u8PinValue = READ_BIT(PINA , A_u8PinNumber) ;
    1014:	e9 e3       	ldi	r30, 0x39	; 57
    1016:	f0 e0       	ldi	r31, 0x00	; 0
    1018:	80 81       	ld	r24, Z
    101a:	48 2f       	mov	r20, r24
    101c:	50 e0       	ldi	r21, 0x00	; 0
    101e:	8b 81       	ldd	r24, Y+3	; 0x03
    1020:	28 2f       	mov	r18, r24
    1022:	30 e0       	ldi	r19, 0x00	; 0
    1024:	81 e0       	ldi	r24, 0x01	; 1
    1026:	90 e0       	ldi	r25, 0x00	; 0
    1028:	02 c0       	rjmp	.+4      	; 0x102e <MDIO_u8ReadPinValue+0x70>
    102a:	88 0f       	add	r24, r24
    102c:	99 1f       	adc	r25, r25
    102e:	2a 95       	dec	r18
    1030:	e2 f7       	brpl	.-8      	; 0x102a <MDIO_u8ReadPinValue+0x6c>
    1032:	9a 01       	movw	r18, r20
    1034:	28 23       	and	r18, r24
    1036:	39 23       	and	r19, r25
    1038:	8b 81       	ldd	r24, Y+3	; 0x03
    103a:	88 2f       	mov	r24, r24
    103c:	90 e0       	ldi	r25, 0x00	; 0
    103e:	a9 01       	movw	r20, r18
    1040:	02 c0       	rjmp	.+4      	; 0x1046 <MDIO_u8ReadPinValue+0x88>
    1042:	55 95       	asr	r21
    1044:	47 95       	ror	r20
    1046:	8a 95       	dec	r24
    1048:	e2 f7       	brpl	.-8      	; 0x1042 <MDIO_u8ReadPinValue+0x84>
    104a:	ca 01       	movw	r24, r20
    104c:	89 83       	std	Y+1, r24	; 0x01
    104e:	59 c0       	rjmp	.+178    	; 0x1102 <MDIO_u8ReadPinValue+0x144>
		break ;
	case DIO_PORTB :
		L_u8PinValue = READ_BIT(PINB , A_u8PinNumber) ;
    1050:	e6 e3       	ldi	r30, 0x36	; 54
    1052:	f0 e0       	ldi	r31, 0x00	; 0
    1054:	80 81       	ld	r24, Z
    1056:	48 2f       	mov	r20, r24
    1058:	50 e0       	ldi	r21, 0x00	; 0
    105a:	8b 81       	ldd	r24, Y+3	; 0x03
    105c:	28 2f       	mov	r18, r24
    105e:	30 e0       	ldi	r19, 0x00	; 0
    1060:	81 e0       	ldi	r24, 0x01	; 1
    1062:	90 e0       	ldi	r25, 0x00	; 0
    1064:	02 c0       	rjmp	.+4      	; 0x106a <MDIO_u8ReadPinValue+0xac>
    1066:	88 0f       	add	r24, r24
    1068:	99 1f       	adc	r25, r25
    106a:	2a 95       	dec	r18
    106c:	e2 f7       	brpl	.-8      	; 0x1066 <MDIO_u8ReadPinValue+0xa8>
    106e:	9a 01       	movw	r18, r20
    1070:	28 23       	and	r18, r24
    1072:	39 23       	and	r19, r25
    1074:	8b 81       	ldd	r24, Y+3	; 0x03
    1076:	88 2f       	mov	r24, r24
    1078:	90 e0       	ldi	r25, 0x00	; 0
    107a:	a9 01       	movw	r20, r18
    107c:	02 c0       	rjmp	.+4      	; 0x1082 <MDIO_u8ReadPinValue+0xc4>
    107e:	55 95       	asr	r21
    1080:	47 95       	ror	r20
    1082:	8a 95       	dec	r24
    1084:	e2 f7       	brpl	.-8      	; 0x107e <MDIO_u8ReadPinValue+0xc0>
    1086:	ca 01       	movw	r24, r20
    1088:	89 83       	std	Y+1, r24	; 0x01
    108a:	3b c0       	rjmp	.+118    	; 0x1102 <MDIO_u8ReadPinValue+0x144>
		break ;
	case DIO_PORTC :
		L_u8PinValue = READ_BIT(PINC , A_u8PinNumber) ;
    108c:	e3 e3       	ldi	r30, 0x33	; 51
    108e:	f0 e0       	ldi	r31, 0x00	; 0
    1090:	80 81       	ld	r24, Z
    1092:	48 2f       	mov	r20, r24
    1094:	50 e0       	ldi	r21, 0x00	; 0
    1096:	8b 81       	ldd	r24, Y+3	; 0x03
    1098:	28 2f       	mov	r18, r24
    109a:	30 e0       	ldi	r19, 0x00	; 0
    109c:	81 e0       	ldi	r24, 0x01	; 1
    109e:	90 e0       	ldi	r25, 0x00	; 0
    10a0:	02 c0       	rjmp	.+4      	; 0x10a6 <MDIO_u8ReadPinValue+0xe8>
    10a2:	88 0f       	add	r24, r24
    10a4:	99 1f       	adc	r25, r25
    10a6:	2a 95       	dec	r18
    10a8:	e2 f7       	brpl	.-8      	; 0x10a2 <MDIO_u8ReadPinValue+0xe4>
    10aa:	9a 01       	movw	r18, r20
    10ac:	28 23       	and	r18, r24
    10ae:	39 23       	and	r19, r25
    10b0:	8b 81       	ldd	r24, Y+3	; 0x03
    10b2:	88 2f       	mov	r24, r24
    10b4:	90 e0       	ldi	r25, 0x00	; 0
    10b6:	a9 01       	movw	r20, r18
    10b8:	02 c0       	rjmp	.+4      	; 0x10be <MDIO_u8ReadPinValue+0x100>
    10ba:	55 95       	asr	r21
    10bc:	47 95       	ror	r20
    10be:	8a 95       	dec	r24
    10c0:	e2 f7       	brpl	.-8      	; 0x10ba <MDIO_u8ReadPinValue+0xfc>
    10c2:	ca 01       	movw	r24, r20
    10c4:	89 83       	std	Y+1, r24	; 0x01
    10c6:	1d c0       	rjmp	.+58     	; 0x1102 <MDIO_u8ReadPinValue+0x144>
		break ;
	case DIO_PORTD :
		L_u8PinValue = READ_BIT(PIND , A_u8PinNumber) ;
    10c8:	e0 e3       	ldi	r30, 0x30	; 48
    10ca:	f0 e0       	ldi	r31, 0x00	; 0
    10cc:	80 81       	ld	r24, Z
    10ce:	48 2f       	mov	r20, r24
    10d0:	50 e0       	ldi	r21, 0x00	; 0
    10d2:	8b 81       	ldd	r24, Y+3	; 0x03
    10d4:	28 2f       	mov	r18, r24
    10d6:	30 e0       	ldi	r19, 0x00	; 0
    10d8:	81 e0       	ldi	r24, 0x01	; 1
    10da:	90 e0       	ldi	r25, 0x00	; 0
    10dc:	02 c0       	rjmp	.+4      	; 0x10e2 <MDIO_u8ReadPinValue+0x124>
    10de:	88 0f       	add	r24, r24
    10e0:	99 1f       	adc	r25, r25
    10e2:	2a 95       	dec	r18
    10e4:	e2 f7       	brpl	.-8      	; 0x10de <MDIO_u8ReadPinValue+0x120>
    10e6:	9a 01       	movw	r18, r20
    10e8:	28 23       	and	r18, r24
    10ea:	39 23       	and	r19, r25
    10ec:	8b 81       	ldd	r24, Y+3	; 0x03
    10ee:	88 2f       	mov	r24, r24
    10f0:	90 e0       	ldi	r25, 0x00	; 0
    10f2:	a9 01       	movw	r20, r18
    10f4:	02 c0       	rjmp	.+4      	; 0x10fa <MDIO_u8ReadPinValue+0x13c>
    10f6:	55 95       	asr	r21
    10f8:	47 95       	ror	r20
    10fa:	8a 95       	dec	r24
    10fc:	e2 f7       	brpl	.-8      	; 0x10f6 <MDIO_u8ReadPinValue+0x138>
    10fe:	ca 01       	movw	r24, r20
    1100:	89 83       	std	Y+1, r24	; 0x01
		break ;
	}
	return L_u8PinValue ;
    1102:	89 81       	ldd	r24, Y+1	; 0x01
}
    1104:	0f 90       	pop	r0
    1106:	0f 90       	pop	r0
    1108:	0f 90       	pop	r0
    110a:	0f 90       	pop	r0
    110c:	0f 90       	pop	r0
    110e:	cf 91       	pop	r28
    1110:	df 91       	pop	r29
    1112:	08 95       	ret

00001114 <MDIO_voidTogPinValue>:
void MDIO_voidTogPinValue  (u8 A_u8PortName , u8 A_u8PinNumber)
{
    1114:	df 93       	push	r29
    1116:	cf 93       	push	r28
    1118:	00 d0       	rcall	.+0      	; 0x111a <MDIO_voidTogPinValue+0x6>
    111a:	00 d0       	rcall	.+0      	; 0x111c <MDIO_voidTogPinValue+0x8>
    111c:	cd b7       	in	r28, 0x3d	; 61
    111e:	de b7       	in	r29, 0x3e	; 62
    1120:	89 83       	std	Y+1, r24	; 0x01
    1122:	6a 83       	std	Y+2, r22	; 0x02
	switch (A_u8PortName)
    1124:	89 81       	ldd	r24, Y+1	; 0x01
    1126:	28 2f       	mov	r18, r24
    1128:	30 e0       	ldi	r19, 0x00	; 0
    112a:	3c 83       	std	Y+4, r19	; 0x04
    112c:	2b 83       	std	Y+3, r18	; 0x03
    112e:	8b 81       	ldd	r24, Y+3	; 0x03
    1130:	9c 81       	ldd	r25, Y+4	; 0x04
    1132:	81 30       	cpi	r24, 0x01	; 1
    1134:	91 05       	cpc	r25, r1
    1136:	49 f1       	breq	.+82     	; 0x118a <MDIO_voidTogPinValue+0x76>
    1138:	2b 81       	ldd	r18, Y+3	; 0x03
    113a:	3c 81       	ldd	r19, Y+4	; 0x04
    113c:	22 30       	cpi	r18, 0x02	; 2
    113e:	31 05       	cpc	r19, r1
    1140:	2c f4       	brge	.+10     	; 0x114c <MDIO_voidTogPinValue+0x38>
    1142:	8b 81       	ldd	r24, Y+3	; 0x03
    1144:	9c 81       	ldd	r25, Y+4	; 0x04
    1146:	00 97       	sbiw	r24, 0x00	; 0
    1148:	61 f0       	breq	.+24     	; 0x1162 <MDIO_voidTogPinValue+0x4e>
    114a:	5a c0       	rjmp	.+180    	; 0x1200 <MDIO_voidTogPinValue+0xec>
    114c:	2b 81       	ldd	r18, Y+3	; 0x03
    114e:	3c 81       	ldd	r19, Y+4	; 0x04
    1150:	22 30       	cpi	r18, 0x02	; 2
    1152:	31 05       	cpc	r19, r1
    1154:	71 f1       	breq	.+92     	; 0x11b2 <MDIO_voidTogPinValue+0x9e>
    1156:	8b 81       	ldd	r24, Y+3	; 0x03
    1158:	9c 81       	ldd	r25, Y+4	; 0x04
    115a:	83 30       	cpi	r24, 0x03	; 3
    115c:	91 05       	cpc	r25, r1
    115e:	e9 f1       	breq	.+122    	; 0x11da <MDIO_voidTogPinValue+0xc6>
    1160:	4f c0       	rjmp	.+158    	; 0x1200 <MDIO_voidTogPinValue+0xec>
	{
	case DIO_PORTA :
		TOG_BIT(PORTA , A_u8PinNumber) ;
    1162:	ab e3       	ldi	r26, 0x3B	; 59
    1164:	b0 e0       	ldi	r27, 0x00	; 0
    1166:	eb e3       	ldi	r30, 0x3B	; 59
    1168:	f0 e0       	ldi	r31, 0x00	; 0
    116a:	80 81       	ld	r24, Z
    116c:	48 2f       	mov	r20, r24
    116e:	8a 81       	ldd	r24, Y+2	; 0x02
    1170:	28 2f       	mov	r18, r24
    1172:	30 e0       	ldi	r19, 0x00	; 0
    1174:	81 e0       	ldi	r24, 0x01	; 1
    1176:	90 e0       	ldi	r25, 0x00	; 0
    1178:	02 2e       	mov	r0, r18
    117a:	02 c0       	rjmp	.+4      	; 0x1180 <MDIO_voidTogPinValue+0x6c>
    117c:	88 0f       	add	r24, r24
    117e:	99 1f       	adc	r25, r25
    1180:	0a 94       	dec	r0
    1182:	e2 f7       	brpl	.-8      	; 0x117c <MDIO_voidTogPinValue+0x68>
    1184:	84 27       	eor	r24, r20
    1186:	8c 93       	st	X, r24
    1188:	3b c0       	rjmp	.+118    	; 0x1200 <MDIO_voidTogPinValue+0xec>
		break ;
	case DIO_PORTB :
		TOG_BIT(PORTB , A_u8PinNumber) ;
    118a:	a8 e3       	ldi	r26, 0x38	; 56
    118c:	b0 e0       	ldi	r27, 0x00	; 0
    118e:	e8 e3       	ldi	r30, 0x38	; 56
    1190:	f0 e0       	ldi	r31, 0x00	; 0
    1192:	80 81       	ld	r24, Z
    1194:	48 2f       	mov	r20, r24
    1196:	8a 81       	ldd	r24, Y+2	; 0x02
    1198:	28 2f       	mov	r18, r24
    119a:	30 e0       	ldi	r19, 0x00	; 0
    119c:	81 e0       	ldi	r24, 0x01	; 1
    119e:	90 e0       	ldi	r25, 0x00	; 0
    11a0:	02 2e       	mov	r0, r18
    11a2:	02 c0       	rjmp	.+4      	; 0x11a8 <MDIO_voidTogPinValue+0x94>
    11a4:	88 0f       	add	r24, r24
    11a6:	99 1f       	adc	r25, r25
    11a8:	0a 94       	dec	r0
    11aa:	e2 f7       	brpl	.-8      	; 0x11a4 <MDIO_voidTogPinValue+0x90>
    11ac:	84 27       	eor	r24, r20
    11ae:	8c 93       	st	X, r24
    11b0:	27 c0       	rjmp	.+78     	; 0x1200 <MDIO_voidTogPinValue+0xec>
		break ;
	case DIO_PORTC :
		TOG_BIT(PORTC , A_u8PinNumber) ;
    11b2:	a5 e3       	ldi	r26, 0x35	; 53
    11b4:	b0 e0       	ldi	r27, 0x00	; 0
    11b6:	e5 e3       	ldi	r30, 0x35	; 53
    11b8:	f0 e0       	ldi	r31, 0x00	; 0
    11ba:	80 81       	ld	r24, Z
    11bc:	48 2f       	mov	r20, r24
    11be:	8a 81       	ldd	r24, Y+2	; 0x02
    11c0:	28 2f       	mov	r18, r24
    11c2:	30 e0       	ldi	r19, 0x00	; 0
    11c4:	81 e0       	ldi	r24, 0x01	; 1
    11c6:	90 e0       	ldi	r25, 0x00	; 0
    11c8:	02 2e       	mov	r0, r18
    11ca:	02 c0       	rjmp	.+4      	; 0x11d0 <MDIO_voidTogPinValue+0xbc>
    11cc:	88 0f       	add	r24, r24
    11ce:	99 1f       	adc	r25, r25
    11d0:	0a 94       	dec	r0
    11d2:	e2 f7       	brpl	.-8      	; 0x11cc <MDIO_voidTogPinValue+0xb8>
    11d4:	84 27       	eor	r24, r20
    11d6:	8c 93       	st	X, r24
    11d8:	13 c0       	rjmp	.+38     	; 0x1200 <MDIO_voidTogPinValue+0xec>
		break ;
	case DIO_PORTD :
		TOG_BIT(PORTD , A_u8PinNumber) ;
    11da:	a2 e3       	ldi	r26, 0x32	; 50
    11dc:	b0 e0       	ldi	r27, 0x00	; 0
    11de:	e2 e3       	ldi	r30, 0x32	; 50
    11e0:	f0 e0       	ldi	r31, 0x00	; 0
    11e2:	80 81       	ld	r24, Z
    11e4:	48 2f       	mov	r20, r24
    11e6:	8a 81       	ldd	r24, Y+2	; 0x02
    11e8:	28 2f       	mov	r18, r24
    11ea:	30 e0       	ldi	r19, 0x00	; 0
    11ec:	81 e0       	ldi	r24, 0x01	; 1
    11ee:	90 e0       	ldi	r25, 0x00	; 0
    11f0:	02 2e       	mov	r0, r18
    11f2:	02 c0       	rjmp	.+4      	; 0x11f8 <MDIO_voidTogPinValue+0xe4>
    11f4:	88 0f       	add	r24, r24
    11f6:	99 1f       	adc	r25, r25
    11f8:	0a 94       	dec	r0
    11fa:	e2 f7       	brpl	.-8      	; 0x11f4 <MDIO_voidTogPinValue+0xe0>
    11fc:	84 27       	eor	r24, r20
    11fe:	8c 93       	st	X, r24
		break ;
	}
}
    1200:	0f 90       	pop	r0
    1202:	0f 90       	pop	r0
    1204:	0f 90       	pop	r0
    1206:	0f 90       	pop	r0
    1208:	cf 91       	pop	r28
    120a:	df 91       	pop	r29
    120c:	08 95       	ret

0000120e <MDIO_voidInitPort>:
void MDIO_voidInitPort      (u8 A_u8PortName , u8 A_u8PortMode)
{
    120e:	df 93       	push	r29
    1210:	cf 93       	push	r28
    1212:	00 d0       	rcall	.+0      	; 0x1214 <MDIO_voidInitPort+0x6>
    1214:	00 d0       	rcall	.+0      	; 0x1216 <MDIO_voidInitPort+0x8>
    1216:	cd b7       	in	r28, 0x3d	; 61
    1218:	de b7       	in	r29, 0x3e	; 62
    121a:	89 83       	std	Y+1, r24	; 0x01
    121c:	6a 83       	std	Y+2, r22	; 0x02
	switch (A_u8PortName)
    121e:	89 81       	ldd	r24, Y+1	; 0x01
    1220:	28 2f       	mov	r18, r24
    1222:	30 e0       	ldi	r19, 0x00	; 0
    1224:	3c 83       	std	Y+4, r19	; 0x04
    1226:	2b 83       	std	Y+3, r18	; 0x03
    1228:	8b 81       	ldd	r24, Y+3	; 0x03
    122a:	9c 81       	ldd	r25, Y+4	; 0x04
    122c:	81 30       	cpi	r24, 0x01	; 1
    122e:	91 05       	cpc	r25, r1
    1230:	d1 f0       	breq	.+52     	; 0x1266 <MDIO_voidInitPort+0x58>
    1232:	2b 81       	ldd	r18, Y+3	; 0x03
    1234:	3c 81       	ldd	r19, Y+4	; 0x04
    1236:	22 30       	cpi	r18, 0x02	; 2
    1238:	31 05       	cpc	r19, r1
    123a:	2c f4       	brge	.+10     	; 0x1246 <MDIO_voidInitPort+0x38>
    123c:	8b 81       	ldd	r24, Y+3	; 0x03
    123e:	9c 81       	ldd	r25, Y+4	; 0x04
    1240:	00 97       	sbiw	r24, 0x00	; 0
    1242:	61 f0       	breq	.+24     	; 0x125c <MDIO_voidInitPort+0x4e>
    1244:	1e c0       	rjmp	.+60     	; 0x1282 <MDIO_voidInitPort+0x74>
    1246:	2b 81       	ldd	r18, Y+3	; 0x03
    1248:	3c 81       	ldd	r19, Y+4	; 0x04
    124a:	22 30       	cpi	r18, 0x02	; 2
    124c:	31 05       	cpc	r19, r1
    124e:	81 f0       	breq	.+32     	; 0x1270 <MDIO_voidInitPort+0x62>
    1250:	8b 81       	ldd	r24, Y+3	; 0x03
    1252:	9c 81       	ldd	r25, Y+4	; 0x04
    1254:	83 30       	cpi	r24, 0x03	; 3
    1256:	91 05       	cpc	r25, r1
    1258:	81 f0       	breq	.+32     	; 0x127a <MDIO_voidInitPort+0x6c>
    125a:	13 c0       	rjmp	.+38     	; 0x1282 <MDIO_voidInitPort+0x74>
	{
	case DIO_PORTA :
		DDRA = A_u8PortMode ;
    125c:	ea e3       	ldi	r30, 0x3A	; 58
    125e:	f0 e0       	ldi	r31, 0x00	; 0
    1260:	8a 81       	ldd	r24, Y+2	; 0x02
    1262:	80 83       	st	Z, r24
    1264:	0e c0       	rjmp	.+28     	; 0x1282 <MDIO_voidInitPort+0x74>
		break ;
	case DIO_PORTB :
		DDRB = A_u8PortMode ;
    1266:	e7 e3       	ldi	r30, 0x37	; 55
    1268:	f0 e0       	ldi	r31, 0x00	; 0
    126a:	8a 81       	ldd	r24, Y+2	; 0x02
    126c:	80 83       	st	Z, r24
    126e:	09 c0       	rjmp	.+18     	; 0x1282 <MDIO_voidInitPort+0x74>
		break ;
	case DIO_PORTC :
		DDRC = A_u8PortMode ;
    1270:	e4 e3       	ldi	r30, 0x34	; 52
    1272:	f0 e0       	ldi	r31, 0x00	; 0
    1274:	8a 81       	ldd	r24, Y+2	; 0x02
    1276:	80 83       	st	Z, r24
    1278:	04 c0       	rjmp	.+8      	; 0x1282 <MDIO_voidInitPort+0x74>
		break ;
	case DIO_PORTD :
		DDRD = A_u8PortMode ;
    127a:	e1 e3       	ldi	r30, 0x31	; 49
    127c:	f0 e0       	ldi	r31, 0x00	; 0
    127e:	8a 81       	ldd	r24, Y+2	; 0x02
    1280:	80 83       	st	Z, r24
		break ;
	}
}
    1282:	0f 90       	pop	r0
    1284:	0f 90       	pop	r0
    1286:	0f 90       	pop	r0
    1288:	0f 90       	pop	r0
    128a:	cf 91       	pop	r28
    128c:	df 91       	pop	r29
    128e:	08 95       	ret

00001290 <MDIO_voidSetPortValue>:
void MDIO_voidSetPortValue  (u8 A_u8PortName , u8 A_u8PortValue)
{
    1290:	df 93       	push	r29
    1292:	cf 93       	push	r28
    1294:	00 d0       	rcall	.+0      	; 0x1296 <MDIO_voidSetPortValue+0x6>
    1296:	00 d0       	rcall	.+0      	; 0x1298 <MDIO_voidSetPortValue+0x8>
    1298:	cd b7       	in	r28, 0x3d	; 61
    129a:	de b7       	in	r29, 0x3e	; 62
    129c:	89 83       	std	Y+1, r24	; 0x01
    129e:	6a 83       	std	Y+2, r22	; 0x02
	switch (A_u8PortName)
    12a0:	89 81       	ldd	r24, Y+1	; 0x01
    12a2:	28 2f       	mov	r18, r24
    12a4:	30 e0       	ldi	r19, 0x00	; 0
    12a6:	3c 83       	std	Y+4, r19	; 0x04
    12a8:	2b 83       	std	Y+3, r18	; 0x03
    12aa:	8b 81       	ldd	r24, Y+3	; 0x03
    12ac:	9c 81       	ldd	r25, Y+4	; 0x04
    12ae:	81 30       	cpi	r24, 0x01	; 1
    12b0:	91 05       	cpc	r25, r1
    12b2:	d1 f0       	breq	.+52     	; 0x12e8 <MDIO_voidSetPortValue+0x58>
    12b4:	2b 81       	ldd	r18, Y+3	; 0x03
    12b6:	3c 81       	ldd	r19, Y+4	; 0x04
    12b8:	22 30       	cpi	r18, 0x02	; 2
    12ba:	31 05       	cpc	r19, r1
    12bc:	2c f4       	brge	.+10     	; 0x12c8 <MDIO_voidSetPortValue+0x38>
    12be:	8b 81       	ldd	r24, Y+3	; 0x03
    12c0:	9c 81       	ldd	r25, Y+4	; 0x04
    12c2:	00 97       	sbiw	r24, 0x00	; 0
    12c4:	61 f0       	breq	.+24     	; 0x12de <MDIO_voidSetPortValue+0x4e>
    12c6:	1e c0       	rjmp	.+60     	; 0x1304 <MDIO_voidSetPortValue+0x74>
    12c8:	2b 81       	ldd	r18, Y+3	; 0x03
    12ca:	3c 81       	ldd	r19, Y+4	; 0x04
    12cc:	22 30       	cpi	r18, 0x02	; 2
    12ce:	31 05       	cpc	r19, r1
    12d0:	81 f0       	breq	.+32     	; 0x12f2 <MDIO_voidSetPortValue+0x62>
    12d2:	8b 81       	ldd	r24, Y+3	; 0x03
    12d4:	9c 81       	ldd	r25, Y+4	; 0x04
    12d6:	83 30       	cpi	r24, 0x03	; 3
    12d8:	91 05       	cpc	r25, r1
    12da:	81 f0       	breq	.+32     	; 0x12fc <MDIO_voidSetPortValue+0x6c>
    12dc:	13 c0       	rjmp	.+38     	; 0x1304 <MDIO_voidSetPortValue+0x74>
	{
	case DIO_PORTA :
		PORTA = A_u8PortValue ;
    12de:	eb e3       	ldi	r30, 0x3B	; 59
    12e0:	f0 e0       	ldi	r31, 0x00	; 0
    12e2:	8a 81       	ldd	r24, Y+2	; 0x02
    12e4:	80 83       	st	Z, r24
    12e6:	0e c0       	rjmp	.+28     	; 0x1304 <MDIO_voidSetPortValue+0x74>
		break ;
	case DIO_PORTB :
		PORTB = A_u8PortValue ;
    12e8:	e8 e3       	ldi	r30, 0x38	; 56
    12ea:	f0 e0       	ldi	r31, 0x00	; 0
    12ec:	8a 81       	ldd	r24, Y+2	; 0x02
    12ee:	80 83       	st	Z, r24
    12f0:	09 c0       	rjmp	.+18     	; 0x1304 <MDIO_voidSetPortValue+0x74>
		break ;
	case DIO_PORTC :
		PORTC = A_u8PortValue ;
    12f2:	e5 e3       	ldi	r30, 0x35	; 53
    12f4:	f0 e0       	ldi	r31, 0x00	; 0
    12f6:	8a 81       	ldd	r24, Y+2	; 0x02
    12f8:	80 83       	st	Z, r24
    12fa:	04 c0       	rjmp	.+8      	; 0x1304 <MDIO_voidSetPortValue+0x74>
		break ;
	case DIO_PORTD :
		PORTD = A_u8PortValue ;
    12fc:	e2 e3       	ldi	r30, 0x32	; 50
    12fe:	f0 e0       	ldi	r31, 0x00	; 0
    1300:	8a 81       	ldd	r24, Y+2	; 0x02
    1302:	80 83       	st	Z, r24
		break ;
	}
}
    1304:	0f 90       	pop	r0
    1306:	0f 90       	pop	r0
    1308:	0f 90       	pop	r0
    130a:	0f 90       	pop	r0
    130c:	cf 91       	pop	r28
    130e:	df 91       	pop	r29
    1310:	08 95       	ret

00001312 <MDIO_u8ReadPortValue>:
u8   MDIO_u8ReadPortValue   (u8 A_u8PortName )
{
    1312:	df 93       	push	r29
    1314:	cf 93       	push	r28
    1316:	00 d0       	rcall	.+0      	; 0x1318 <MDIO_u8ReadPortValue+0x6>
    1318:	00 d0       	rcall	.+0      	; 0x131a <MDIO_u8ReadPortValue+0x8>
    131a:	cd b7       	in	r28, 0x3d	; 61
    131c:	de b7       	in	r29, 0x3e	; 62
    131e:	8a 83       	std	Y+2, r24	; 0x02
	u8 L_u8PortValue ;
	switch (A_u8PortName)
    1320:	8a 81       	ldd	r24, Y+2	; 0x02
    1322:	28 2f       	mov	r18, r24
    1324:	30 e0       	ldi	r19, 0x00	; 0
    1326:	3c 83       	std	Y+4, r19	; 0x04
    1328:	2b 83       	std	Y+3, r18	; 0x03
    132a:	8b 81       	ldd	r24, Y+3	; 0x03
    132c:	9c 81       	ldd	r25, Y+4	; 0x04
    132e:	81 30       	cpi	r24, 0x01	; 1
    1330:	91 05       	cpc	r25, r1
    1332:	d1 f0       	breq	.+52     	; 0x1368 <MDIO_u8ReadPortValue+0x56>
    1334:	2b 81       	ldd	r18, Y+3	; 0x03
    1336:	3c 81       	ldd	r19, Y+4	; 0x04
    1338:	22 30       	cpi	r18, 0x02	; 2
    133a:	31 05       	cpc	r19, r1
    133c:	2c f4       	brge	.+10     	; 0x1348 <MDIO_u8ReadPortValue+0x36>
    133e:	8b 81       	ldd	r24, Y+3	; 0x03
    1340:	9c 81       	ldd	r25, Y+4	; 0x04
    1342:	00 97       	sbiw	r24, 0x00	; 0
    1344:	61 f0       	breq	.+24     	; 0x135e <MDIO_u8ReadPortValue+0x4c>
    1346:	1e c0       	rjmp	.+60     	; 0x1384 <MDIO_u8ReadPortValue+0x72>
    1348:	2b 81       	ldd	r18, Y+3	; 0x03
    134a:	3c 81       	ldd	r19, Y+4	; 0x04
    134c:	22 30       	cpi	r18, 0x02	; 2
    134e:	31 05       	cpc	r19, r1
    1350:	81 f0       	breq	.+32     	; 0x1372 <MDIO_u8ReadPortValue+0x60>
    1352:	8b 81       	ldd	r24, Y+3	; 0x03
    1354:	9c 81       	ldd	r25, Y+4	; 0x04
    1356:	83 30       	cpi	r24, 0x03	; 3
    1358:	91 05       	cpc	r25, r1
    135a:	81 f0       	breq	.+32     	; 0x137c <MDIO_u8ReadPortValue+0x6a>
    135c:	13 c0       	rjmp	.+38     	; 0x1384 <MDIO_u8ReadPortValue+0x72>
	{
	case DIO_PORTA :
		L_u8PortValue = PINA ;
    135e:	e9 e3       	ldi	r30, 0x39	; 57
    1360:	f0 e0       	ldi	r31, 0x00	; 0
    1362:	80 81       	ld	r24, Z
    1364:	89 83       	std	Y+1, r24	; 0x01
    1366:	0e c0       	rjmp	.+28     	; 0x1384 <MDIO_u8ReadPortValue+0x72>
		break ;
	case DIO_PORTB :
		L_u8PortValue = PINB ;
    1368:	e6 e3       	ldi	r30, 0x36	; 54
    136a:	f0 e0       	ldi	r31, 0x00	; 0
    136c:	80 81       	ld	r24, Z
    136e:	89 83       	std	Y+1, r24	; 0x01
    1370:	09 c0       	rjmp	.+18     	; 0x1384 <MDIO_u8ReadPortValue+0x72>
		break ;
	case DIO_PORTC :
		L_u8PortValue = PINC ;
    1372:	e3 e3       	ldi	r30, 0x33	; 51
    1374:	f0 e0       	ldi	r31, 0x00	; 0
    1376:	80 81       	ld	r24, Z
    1378:	89 83       	std	Y+1, r24	; 0x01
    137a:	04 c0       	rjmp	.+8      	; 0x1384 <MDIO_u8ReadPortValue+0x72>
		break ;
	case DIO_PORTD :
		L_u8PortValue = PIND ;
    137c:	e0 e3       	ldi	r30, 0x30	; 48
    137e:	f0 e0       	ldi	r31, 0x00	; 0
    1380:	80 81       	ld	r24, Z
    1382:	89 83       	std	Y+1, r24	; 0x01
		break ;
	}
	return L_u8PortValue ;
    1384:	89 81       	ldd	r24, Y+1	; 0x01
}
    1386:	0f 90       	pop	r0
    1388:	0f 90       	pop	r0
    138a:	0f 90       	pop	r0
    138c:	0f 90       	pop	r0
    138e:	cf 91       	pop	r28
    1390:	df 91       	pop	r29
    1392:	08 95       	ret

00001394 <MDIO_vodiTogPortValue>:
void MDIO_vodiTogPortValue  (u8 A_u8PortName )
{
    1394:	df 93       	push	r29
    1396:	cf 93       	push	r28
    1398:	00 d0       	rcall	.+0      	; 0x139a <MDIO_vodiTogPortValue+0x6>
    139a:	0f 92       	push	r0
    139c:	cd b7       	in	r28, 0x3d	; 61
    139e:	de b7       	in	r29, 0x3e	; 62
    13a0:	89 83       	std	Y+1, r24	; 0x01
	switch (A_u8PortName)
    13a2:	89 81       	ldd	r24, Y+1	; 0x01
    13a4:	28 2f       	mov	r18, r24
    13a6:	30 e0       	ldi	r19, 0x00	; 0
    13a8:	3b 83       	std	Y+3, r19	; 0x03
    13aa:	2a 83       	std	Y+2, r18	; 0x02
    13ac:	8a 81       	ldd	r24, Y+2	; 0x02
    13ae:	9b 81       	ldd	r25, Y+3	; 0x03
    13b0:	81 30       	cpi	r24, 0x01	; 1
    13b2:	91 05       	cpc	r25, r1
    13b4:	e9 f0       	breq	.+58     	; 0x13f0 <MDIO_vodiTogPortValue+0x5c>
    13b6:	2a 81       	ldd	r18, Y+2	; 0x02
    13b8:	3b 81       	ldd	r19, Y+3	; 0x03
    13ba:	22 30       	cpi	r18, 0x02	; 2
    13bc:	31 05       	cpc	r19, r1
    13be:	2c f4       	brge	.+10     	; 0x13ca <MDIO_vodiTogPortValue+0x36>
    13c0:	8a 81       	ldd	r24, Y+2	; 0x02
    13c2:	9b 81       	ldd	r25, Y+3	; 0x03
    13c4:	00 97       	sbiw	r24, 0x00	; 0
    13c6:	61 f0       	breq	.+24     	; 0x13e0 <MDIO_vodiTogPortValue+0x4c>
    13c8:	2a c0       	rjmp	.+84     	; 0x141e <MDIO_vodiTogPortValue+0x8a>
    13ca:	2a 81       	ldd	r18, Y+2	; 0x02
    13cc:	3b 81       	ldd	r19, Y+3	; 0x03
    13ce:	22 30       	cpi	r18, 0x02	; 2
    13d0:	31 05       	cpc	r19, r1
    13d2:	b1 f0       	breq	.+44     	; 0x1400 <MDIO_vodiTogPortValue+0x6c>
    13d4:	8a 81       	ldd	r24, Y+2	; 0x02
    13d6:	9b 81       	ldd	r25, Y+3	; 0x03
    13d8:	83 30       	cpi	r24, 0x03	; 3
    13da:	91 05       	cpc	r25, r1
    13dc:	c9 f0       	breq	.+50     	; 0x1410 <MDIO_vodiTogPortValue+0x7c>
    13de:	1f c0       	rjmp	.+62     	; 0x141e <MDIO_vodiTogPortValue+0x8a>
	{
	case DIO_PORTA :
		PORTA = ~PORTA ;
    13e0:	ab e3       	ldi	r26, 0x3B	; 59
    13e2:	b0 e0       	ldi	r27, 0x00	; 0
    13e4:	eb e3       	ldi	r30, 0x3B	; 59
    13e6:	f0 e0       	ldi	r31, 0x00	; 0
    13e8:	80 81       	ld	r24, Z
    13ea:	80 95       	com	r24
    13ec:	8c 93       	st	X, r24
    13ee:	17 c0       	rjmp	.+46     	; 0x141e <MDIO_vodiTogPortValue+0x8a>
		break ;
	case DIO_PORTB :
		PORTB = ~PORTB ;
    13f0:	a8 e3       	ldi	r26, 0x38	; 56
    13f2:	b0 e0       	ldi	r27, 0x00	; 0
    13f4:	e8 e3       	ldi	r30, 0x38	; 56
    13f6:	f0 e0       	ldi	r31, 0x00	; 0
    13f8:	80 81       	ld	r24, Z
    13fa:	80 95       	com	r24
    13fc:	8c 93       	st	X, r24
    13fe:	0f c0       	rjmp	.+30     	; 0x141e <MDIO_vodiTogPortValue+0x8a>
		break ;
	case DIO_PORTC :
		PORTC = ~PORTC ;
    1400:	a5 e3       	ldi	r26, 0x35	; 53
    1402:	b0 e0       	ldi	r27, 0x00	; 0
    1404:	e5 e3       	ldi	r30, 0x35	; 53
    1406:	f0 e0       	ldi	r31, 0x00	; 0
    1408:	80 81       	ld	r24, Z
    140a:	80 95       	com	r24
    140c:	8c 93       	st	X, r24
    140e:	07 c0       	rjmp	.+14     	; 0x141e <MDIO_vodiTogPortValue+0x8a>
		break ;
	case DIO_PORTD :
		PORTD = ~PORTD ;
    1410:	a2 e3       	ldi	r26, 0x32	; 50
    1412:	b0 e0       	ldi	r27, 0x00	; 0
    1414:	e2 e3       	ldi	r30, 0x32	; 50
    1416:	f0 e0       	ldi	r31, 0x00	; 0
    1418:	80 81       	ld	r24, Z
    141a:	80 95       	com	r24
    141c:	8c 93       	st	X, r24
		break ;
	}
}
    141e:	0f 90       	pop	r0
    1420:	0f 90       	pop	r0
    1422:	0f 90       	pop	r0
    1424:	cf 91       	pop	r28
    1426:	df 91       	pop	r29
    1428:	08 95       	ret

0000142a <HLCD_voidInit>:

#include "LCD.h"
#include <util/delay.h>

void HLCD_voidInit     (void)
{
    142a:	0f 93       	push	r16
    142c:	1f 93       	push	r17
    142e:	df 93       	push	r29
    1430:	cf 93       	push	r28
    1432:	cd b7       	in	r28, 0x3d	; 61
    1434:	de b7       	in	r29, 0x3e	; 62
    1436:	c4 55       	subi	r28, 0x54	; 84
    1438:	d0 40       	sbci	r29, 0x00	; 0
    143a:	0f b6       	in	r0, 0x3f	; 63
    143c:	f8 94       	cli
    143e:	de bf       	out	0x3e, r29	; 62
    1440:	0f be       	out	0x3f, r0	; 63
    1442:	cd bf       	out	0x3d, r28	; 61
    1444:	fe 01       	movw	r30, r28
    1446:	ef 5a       	subi	r30, 0xAF	; 175
    1448:	ff 4f       	sbci	r31, 0xFF	; 255
    144a:	80 e0       	ldi	r24, 0x00	; 0
    144c:	90 e0       	ldi	r25, 0x00	; 0
    144e:	a8 e4       	ldi	r26, 0x48	; 72
    1450:	b2 e4       	ldi	r27, 0x42	; 66
    1452:	80 83       	st	Z, r24
    1454:	91 83       	std	Z+1, r25	; 0x01
    1456:	a2 83       	std	Z+2, r26	; 0x02
    1458:	b3 83       	std	Z+3, r27	; 0x03
 */
void
_delay_ms(double __ms)
{
	uint16_t __ticks;
	double __tmp = ((F_CPU) / 4e3) * __ms;
    145a:	8e 01       	movw	r16, r28
    145c:	03 5b       	subi	r16, 0xB3	; 179
    145e:	1f 4f       	sbci	r17, 0xFF	; 255
    1460:	fe 01       	movw	r30, r28
    1462:	ef 5a       	subi	r30, 0xAF	; 175
    1464:	ff 4f       	sbci	r31, 0xFF	; 255
    1466:	60 81       	ld	r22, Z
    1468:	71 81       	ldd	r23, Z+1	; 0x01
    146a:	82 81       	ldd	r24, Z+2	; 0x02
    146c:	93 81       	ldd	r25, Z+3	; 0x03
    146e:	20 e0       	ldi	r18, 0x00	; 0
    1470:	30 e0       	ldi	r19, 0x00	; 0
    1472:	4a ef       	ldi	r20, 0xFA	; 250
    1474:	54 e4       	ldi	r21, 0x44	; 68
    1476:	0e 94 1f 02 	call	0x43e	; 0x43e <__mulsf3>
    147a:	dc 01       	movw	r26, r24
    147c:	cb 01       	movw	r24, r22
    147e:	f8 01       	movw	r30, r16
    1480:	80 83       	st	Z, r24
    1482:	91 83       	std	Z+1, r25	; 0x01
    1484:	a2 83       	std	Z+2, r26	; 0x02
    1486:	b3 83       	std	Z+3, r27	; 0x03
	if (__tmp < 1.0)
    1488:	fe 01       	movw	r30, r28
    148a:	e3 5b       	subi	r30, 0xB3	; 179
    148c:	ff 4f       	sbci	r31, 0xFF	; 255
    148e:	60 81       	ld	r22, Z
    1490:	71 81       	ldd	r23, Z+1	; 0x01
    1492:	82 81       	ldd	r24, Z+2	; 0x02
    1494:	93 81       	ldd	r25, Z+3	; 0x03
    1496:	20 e0       	ldi	r18, 0x00	; 0
    1498:	30 e0       	ldi	r19, 0x00	; 0
    149a:	40 e8       	ldi	r20, 0x80	; 128
    149c:	5f e3       	ldi	r21, 0x3F	; 63
    149e:	0e 94 79 03 	call	0x6f2	; 0x6f2 <__ltsf2>
    14a2:	88 23       	and	r24, r24
    14a4:	44 f4       	brge	.+16     	; 0x14b6 <HLCD_voidInit+0x8c>
		__ticks = 1;
    14a6:	fe 01       	movw	r30, r28
    14a8:	e5 5b       	subi	r30, 0xB5	; 181
    14aa:	ff 4f       	sbci	r31, 0xFF	; 255
    14ac:	81 e0       	ldi	r24, 0x01	; 1
    14ae:	90 e0       	ldi	r25, 0x00	; 0
    14b0:	91 83       	std	Z+1, r25	; 0x01
    14b2:	80 83       	st	Z, r24
    14b4:	64 c0       	rjmp	.+200    	; 0x157e <HLCD_voidInit+0x154>
	else if (__tmp > 65535)
    14b6:	fe 01       	movw	r30, r28
    14b8:	e3 5b       	subi	r30, 0xB3	; 179
    14ba:	ff 4f       	sbci	r31, 0xFF	; 255
    14bc:	60 81       	ld	r22, Z
    14be:	71 81       	ldd	r23, Z+1	; 0x01
    14c0:	82 81       	ldd	r24, Z+2	; 0x02
    14c2:	93 81       	ldd	r25, Z+3	; 0x03
    14c4:	20 e0       	ldi	r18, 0x00	; 0
    14c6:	3f ef       	ldi	r19, 0xFF	; 255
    14c8:	4f e7       	ldi	r20, 0x7F	; 127
    14ca:	57 e4       	ldi	r21, 0x47	; 71
    14cc:	0e 94 19 03 	call	0x632	; 0x632 <__gtsf2>
    14d0:	18 16       	cp	r1, r24
    14d2:	0c f0       	brlt	.+2      	; 0x14d6 <HLCD_voidInit+0xac>
    14d4:	43 c0       	rjmp	.+134    	; 0x155c <HLCD_voidInit+0x132>
	{
		//	__ticks = requested delay in 1/10 ms
		__ticks = (uint16_t) (__ms * 10.0);
    14d6:	fe 01       	movw	r30, r28
    14d8:	ef 5a       	subi	r30, 0xAF	; 175
    14da:	ff 4f       	sbci	r31, 0xFF	; 255
    14dc:	60 81       	ld	r22, Z
    14de:	71 81       	ldd	r23, Z+1	; 0x01
    14e0:	82 81       	ldd	r24, Z+2	; 0x02
    14e2:	93 81       	ldd	r25, Z+3	; 0x03
    14e4:	20 e0       	ldi	r18, 0x00	; 0
    14e6:	30 e0       	ldi	r19, 0x00	; 0
    14e8:	40 e2       	ldi	r20, 0x20	; 32
    14ea:	51 e4       	ldi	r21, 0x41	; 65
    14ec:	0e 94 1f 02 	call	0x43e	; 0x43e <__mulsf3>
    14f0:	dc 01       	movw	r26, r24
    14f2:	cb 01       	movw	r24, r22
    14f4:	8e 01       	movw	r16, r28
    14f6:	05 5b       	subi	r16, 0xB5	; 181
    14f8:	1f 4f       	sbci	r17, 0xFF	; 255
    14fa:	bc 01       	movw	r22, r24
    14fc:	cd 01       	movw	r24, r26
    14fe:	0e 94 49 00 	call	0x92	; 0x92 <__fixunssfsi>
    1502:	dc 01       	movw	r26, r24
    1504:	cb 01       	movw	r24, r22
    1506:	f8 01       	movw	r30, r16
    1508:	91 83       	std	Z+1, r25	; 0x01
    150a:	80 83       	st	Z, r24
    150c:	1f c0       	rjmp	.+62     	; 0x154c <HLCD_voidInit+0x122>
    150e:	fe 01       	movw	r30, r28
    1510:	e7 5b       	subi	r30, 0xB7	; 183
    1512:	ff 4f       	sbci	r31, 0xFF	; 255
    1514:	88 ec       	ldi	r24, 0xC8	; 200
    1516:	90 e0       	ldi	r25, 0x00	; 0
    1518:	91 83       	std	Z+1, r25	; 0x01
    151a:	80 83       	st	Z, r24
    milliseconds can be achieved.
 */
void
_delay_loop_2(uint16_t __count)
{
	__asm__ volatile (
    151c:	fe 01       	movw	r30, r28
    151e:	e7 5b       	subi	r30, 0xB7	; 183
    1520:	ff 4f       	sbci	r31, 0xFF	; 255
    1522:	80 81       	ld	r24, Z
    1524:	91 81       	ldd	r25, Z+1	; 0x01
    1526:	01 97       	sbiw	r24, 0x01	; 1
    1528:	f1 f7       	brne	.-4      	; 0x1526 <HLCD_voidInit+0xfc>
    152a:	fe 01       	movw	r30, r28
    152c:	e7 5b       	subi	r30, 0xB7	; 183
    152e:	ff 4f       	sbci	r31, 0xFF	; 255
    1530:	91 83       	std	Z+1, r25	; 0x01
    1532:	80 83       	st	Z, r24
		while(__ticks)
		{
			// wait 1/10 ms
			_delay_loop_2(((F_CPU) / 4e3) / 10);
			__ticks --;
    1534:	de 01       	movw	r26, r28
    1536:	a5 5b       	subi	r26, 0xB5	; 181
    1538:	bf 4f       	sbci	r27, 0xFF	; 255
    153a:	fe 01       	movw	r30, r28
    153c:	e5 5b       	subi	r30, 0xB5	; 181
    153e:	ff 4f       	sbci	r31, 0xFF	; 255
    1540:	80 81       	ld	r24, Z
    1542:	91 81       	ldd	r25, Z+1	; 0x01
    1544:	01 97       	sbiw	r24, 0x01	; 1
    1546:	11 96       	adiw	r26, 0x01	; 1
    1548:	9c 93       	st	X, r25
    154a:	8e 93       	st	-X, r24
		__ticks = 1;
	else if (__tmp > 65535)
	{
		//	__ticks = requested delay in 1/10 ms
		__ticks = (uint16_t) (__ms * 10.0);
		while(__ticks)
    154c:	fe 01       	movw	r30, r28
    154e:	e5 5b       	subi	r30, 0xB5	; 181
    1550:	ff 4f       	sbci	r31, 0xFF	; 255
    1552:	80 81       	ld	r24, Z
    1554:	91 81       	ldd	r25, Z+1	; 0x01
    1556:	00 97       	sbiw	r24, 0x00	; 0
    1558:	d1 f6       	brne	.-76     	; 0x150e <HLCD_voidInit+0xe4>
    155a:	27 c0       	rjmp	.+78     	; 0x15aa <HLCD_voidInit+0x180>
			__ticks --;
		}
		return;
	}
	else
		__ticks = (uint16_t)__tmp;
    155c:	8e 01       	movw	r16, r28
    155e:	05 5b       	subi	r16, 0xB5	; 181
    1560:	1f 4f       	sbci	r17, 0xFF	; 255
    1562:	fe 01       	movw	r30, r28
    1564:	e3 5b       	subi	r30, 0xB3	; 179
    1566:	ff 4f       	sbci	r31, 0xFF	; 255
    1568:	60 81       	ld	r22, Z
    156a:	71 81       	ldd	r23, Z+1	; 0x01
    156c:	82 81       	ldd	r24, Z+2	; 0x02
    156e:	93 81       	ldd	r25, Z+3	; 0x03
    1570:	0e 94 49 00 	call	0x92	; 0x92 <__fixunssfsi>
    1574:	dc 01       	movw	r26, r24
    1576:	cb 01       	movw	r24, r22
    1578:	f8 01       	movw	r30, r16
    157a:	91 83       	std	Z+1, r25	; 0x01
    157c:	80 83       	st	Z, r24
    157e:	de 01       	movw	r26, r28
    1580:	a9 5b       	subi	r26, 0xB9	; 185
    1582:	bf 4f       	sbci	r27, 0xFF	; 255
    1584:	fe 01       	movw	r30, r28
    1586:	e5 5b       	subi	r30, 0xB5	; 181
    1588:	ff 4f       	sbci	r31, 0xFF	; 255
    158a:	80 81       	ld	r24, Z
    158c:	91 81       	ldd	r25, Z+1	; 0x01
    158e:	8d 93       	st	X+, r24
    1590:	9c 93       	st	X, r25
    1592:	fe 01       	movw	r30, r28
    1594:	e9 5b       	subi	r30, 0xB9	; 185
    1596:	ff 4f       	sbci	r31, 0xFF	; 255
    1598:	80 81       	ld	r24, Z
    159a:	91 81       	ldd	r25, Z+1	; 0x01
    159c:	01 97       	sbiw	r24, 0x01	; 1
    159e:	f1 f7       	brne	.-4      	; 0x159c <HLCD_voidInit+0x172>
    15a0:	fe 01       	movw	r30, r28
    15a2:	e9 5b       	subi	r30, 0xB9	; 185
    15a4:	ff 4f       	sbci	r31, 0xFF	; 255
    15a6:	91 83       	std	Z+1, r25	; 0x01
    15a8:	80 83       	st	Z, r24
	_delay_ms(3) ;
	HLCD_voidSendCmd(0x06) ;
	_delay_ms(1) ;
#elif LCD_MODE == 4
	_delay_ms(50) ;
	MDIO_voidInitPin(LCD_PORT, DIO_PIN4, DIO_OUTPUT) ;
    15aa:	80 e0       	ldi	r24, 0x00	; 0
    15ac:	64 e0       	ldi	r22, 0x04	; 4
    15ae:	41 e0       	ldi	r20, 0x01	; 1
    15b0:	0e 94 fb 05 	call	0xbf6	; 0xbf6 <MDIO_voidInitPin>
	MDIO_voidInitPin(LCD_PORT, DIO_PIN5, DIO_OUTPUT) ;
    15b4:	80 e0       	ldi	r24, 0x00	; 0
    15b6:	65 e0       	ldi	r22, 0x05	; 5
    15b8:	41 e0       	ldi	r20, 0x01	; 1
    15ba:	0e 94 fb 05 	call	0xbf6	; 0xbf6 <MDIO_voidInitPin>
	MDIO_voidInitPin(LCD_PORT, DIO_PIN6, DIO_OUTPUT) ;
    15be:	80 e0       	ldi	r24, 0x00	; 0
    15c0:	66 e0       	ldi	r22, 0x06	; 6
    15c2:	41 e0       	ldi	r20, 0x01	; 1
    15c4:	0e 94 fb 05 	call	0xbf6	; 0xbf6 <MDIO_voidInitPin>
	MDIO_voidInitPin(LCD_PORT, DIO_PIN7, DIO_OUTPUT) ;
    15c8:	80 e0       	ldi	r24, 0x00	; 0
    15ca:	67 e0       	ldi	r22, 0x07	; 7
    15cc:	41 e0       	ldi	r20, 0x01	; 1
    15ce:	0e 94 fb 05 	call	0xbf6	; 0xbf6 <MDIO_voidInitPin>
	MDIO_voidInitPin(LCD_RS_PORT, LCD_RS_PIN, DIO_OUTPUT) ;
    15d2:	81 e0       	ldi	r24, 0x01	; 1
    15d4:	60 e0       	ldi	r22, 0x00	; 0
    15d6:	41 e0       	ldi	r20, 0x01	; 1
    15d8:	0e 94 fb 05 	call	0xbf6	; 0xbf6 <MDIO_voidInitPin>
	MDIO_voidInitPin(LCD_RW_PORT, LCD_RW_PIN, DIO_OUTPUT) ;
    15dc:	81 e0       	ldi	r24, 0x01	; 1
    15de:	61 e0       	ldi	r22, 0x01	; 1
    15e0:	41 e0       	ldi	r20, 0x01	; 1
    15e2:	0e 94 fb 05 	call	0xbf6	; 0xbf6 <MDIO_voidInitPin>
	MDIO_voidInitPin(LCD_E_PORT, LCD_E_PIN, DIO_OUTPUT) ;
    15e6:	81 e0       	ldi	r24, 0x01	; 1
    15e8:	62 e0       	ldi	r22, 0x02	; 2
    15ea:	41 e0       	ldi	r20, 0x01	; 1
    15ec:	0e 94 fb 05 	call	0xbf6	; 0xbf6 <MDIO_voidInitPin>

	HLCD_voidSendCmd(0x02) ;
    15f0:	82 e0       	ldi	r24, 0x02	; 2
    15f2:	0e 94 de 0f 	call	0x1fbc	; 0x1fbc <HLCD_voidSendCmd>
    15f6:	fe 01       	movw	r30, r28
    15f8:	ed 5b       	subi	r30, 0xBD	; 189
    15fa:	ff 4f       	sbci	r31, 0xFF	; 255
    15fc:	80 e0       	ldi	r24, 0x00	; 0
    15fe:	90 e0       	ldi	r25, 0x00	; 0
    1600:	a0 e8       	ldi	r26, 0x80	; 128
    1602:	bf e3       	ldi	r27, 0x3F	; 63
    1604:	80 83       	st	Z, r24
    1606:	91 83       	std	Z+1, r25	; 0x01
    1608:	a2 83       	std	Z+2, r26	; 0x02
    160a:	b3 83       	std	Z+3, r27	; 0x03
 */
void
_delay_ms(double __ms)
{
	uint16_t __ticks;
	double __tmp = ((F_CPU) / 4e3) * __ms;
    160c:	8e 01       	movw	r16, r28
    160e:	01 5c       	subi	r16, 0xC1	; 193
    1610:	1f 4f       	sbci	r17, 0xFF	; 255
    1612:	fe 01       	movw	r30, r28
    1614:	ed 5b       	subi	r30, 0xBD	; 189
    1616:	ff 4f       	sbci	r31, 0xFF	; 255
    1618:	60 81       	ld	r22, Z
    161a:	71 81       	ldd	r23, Z+1	; 0x01
    161c:	82 81       	ldd	r24, Z+2	; 0x02
    161e:	93 81       	ldd	r25, Z+3	; 0x03
    1620:	20 e0       	ldi	r18, 0x00	; 0
    1622:	30 e0       	ldi	r19, 0x00	; 0
    1624:	4a ef       	ldi	r20, 0xFA	; 250
    1626:	54 e4       	ldi	r21, 0x44	; 68
    1628:	0e 94 1f 02 	call	0x43e	; 0x43e <__mulsf3>
    162c:	dc 01       	movw	r26, r24
    162e:	cb 01       	movw	r24, r22
    1630:	f8 01       	movw	r30, r16
    1632:	80 83       	st	Z, r24
    1634:	91 83       	std	Z+1, r25	; 0x01
    1636:	a2 83       	std	Z+2, r26	; 0x02
    1638:	b3 83       	std	Z+3, r27	; 0x03
	if (__tmp < 1.0)
    163a:	fe 01       	movw	r30, r28
    163c:	ff 96       	adiw	r30, 0x3f	; 63
    163e:	60 81       	ld	r22, Z
    1640:	71 81       	ldd	r23, Z+1	; 0x01
    1642:	82 81       	ldd	r24, Z+2	; 0x02
    1644:	93 81       	ldd	r25, Z+3	; 0x03
    1646:	20 e0       	ldi	r18, 0x00	; 0
    1648:	30 e0       	ldi	r19, 0x00	; 0
    164a:	40 e8       	ldi	r20, 0x80	; 128
    164c:	5f e3       	ldi	r21, 0x3F	; 63
    164e:	0e 94 79 03 	call	0x6f2	; 0x6f2 <__ltsf2>
    1652:	88 23       	and	r24, r24
    1654:	2c f4       	brge	.+10     	; 0x1660 <HLCD_voidInit+0x236>
		__ticks = 1;
    1656:	81 e0       	ldi	r24, 0x01	; 1
    1658:	90 e0       	ldi	r25, 0x00	; 0
    165a:	9e af       	std	Y+62, r25	; 0x3e
    165c:	8d af       	std	Y+61, r24	; 0x3d
    165e:	46 c0       	rjmp	.+140    	; 0x16ec <HLCD_voidInit+0x2c2>
	else if (__tmp > 65535)
    1660:	fe 01       	movw	r30, r28
    1662:	ff 96       	adiw	r30, 0x3f	; 63
    1664:	60 81       	ld	r22, Z
    1666:	71 81       	ldd	r23, Z+1	; 0x01
    1668:	82 81       	ldd	r24, Z+2	; 0x02
    166a:	93 81       	ldd	r25, Z+3	; 0x03
    166c:	20 e0       	ldi	r18, 0x00	; 0
    166e:	3f ef       	ldi	r19, 0xFF	; 255
    1670:	4f e7       	ldi	r20, 0x7F	; 127
    1672:	57 e4       	ldi	r21, 0x47	; 71
    1674:	0e 94 19 03 	call	0x632	; 0x632 <__gtsf2>
    1678:	18 16       	cp	r1, r24
    167a:	64 f5       	brge	.+88     	; 0x16d4 <HLCD_voidInit+0x2aa>
	{
		//	__ticks = requested delay in 1/10 ms
		__ticks = (uint16_t) (__ms * 10.0);
    167c:	fe 01       	movw	r30, r28
    167e:	ed 5b       	subi	r30, 0xBD	; 189
    1680:	ff 4f       	sbci	r31, 0xFF	; 255
    1682:	60 81       	ld	r22, Z
    1684:	71 81       	ldd	r23, Z+1	; 0x01
    1686:	82 81       	ldd	r24, Z+2	; 0x02
    1688:	93 81       	ldd	r25, Z+3	; 0x03
    168a:	20 e0       	ldi	r18, 0x00	; 0
    168c:	30 e0       	ldi	r19, 0x00	; 0
    168e:	40 e2       	ldi	r20, 0x20	; 32
    1690:	51 e4       	ldi	r21, 0x41	; 65
    1692:	0e 94 1f 02 	call	0x43e	; 0x43e <__mulsf3>
    1696:	dc 01       	movw	r26, r24
    1698:	cb 01       	movw	r24, r22
    169a:	bc 01       	movw	r22, r24
    169c:	cd 01       	movw	r24, r26
    169e:	0e 94 49 00 	call	0x92	; 0x92 <__fixunssfsi>
    16a2:	dc 01       	movw	r26, r24
    16a4:	cb 01       	movw	r24, r22
    16a6:	9e af       	std	Y+62, r25	; 0x3e
    16a8:	8d af       	std	Y+61, r24	; 0x3d
    16aa:	0f c0       	rjmp	.+30     	; 0x16ca <HLCD_voidInit+0x2a0>
    16ac:	88 ec       	ldi	r24, 0xC8	; 200
    16ae:	90 e0       	ldi	r25, 0x00	; 0
    16b0:	9c af       	std	Y+60, r25	; 0x3c
    16b2:	8b af       	std	Y+59, r24	; 0x3b
    16b4:	8b ad       	ldd	r24, Y+59	; 0x3b
    16b6:	9c ad       	ldd	r25, Y+60	; 0x3c
    16b8:	01 97       	sbiw	r24, 0x01	; 1
    16ba:	f1 f7       	brne	.-4      	; 0x16b8 <HLCD_voidInit+0x28e>
    16bc:	9c af       	std	Y+60, r25	; 0x3c
    16be:	8b af       	std	Y+59, r24	; 0x3b
		while(__ticks)
		{
			// wait 1/10 ms
			_delay_loop_2(((F_CPU) / 4e3) / 10);
			__ticks --;
    16c0:	8d ad       	ldd	r24, Y+61	; 0x3d
    16c2:	9e ad       	ldd	r25, Y+62	; 0x3e
    16c4:	01 97       	sbiw	r24, 0x01	; 1
    16c6:	9e af       	std	Y+62, r25	; 0x3e
    16c8:	8d af       	std	Y+61, r24	; 0x3d
		__ticks = 1;
	else if (__tmp > 65535)
	{
		//	__ticks = requested delay in 1/10 ms
		__ticks = (uint16_t) (__ms * 10.0);
		while(__ticks)
    16ca:	8d ad       	ldd	r24, Y+61	; 0x3d
    16cc:	9e ad       	ldd	r25, Y+62	; 0x3e
    16ce:	00 97       	sbiw	r24, 0x00	; 0
    16d0:	69 f7       	brne	.-38     	; 0x16ac <HLCD_voidInit+0x282>
    16d2:	16 c0       	rjmp	.+44     	; 0x1700 <HLCD_voidInit+0x2d6>
			__ticks --;
		}
		return;
	}
	else
		__ticks = (uint16_t)__tmp;
    16d4:	fe 01       	movw	r30, r28
    16d6:	ff 96       	adiw	r30, 0x3f	; 63
    16d8:	60 81       	ld	r22, Z
    16da:	71 81       	ldd	r23, Z+1	; 0x01
    16dc:	82 81       	ldd	r24, Z+2	; 0x02
    16de:	93 81       	ldd	r25, Z+3	; 0x03
    16e0:	0e 94 49 00 	call	0x92	; 0x92 <__fixunssfsi>
    16e4:	dc 01       	movw	r26, r24
    16e6:	cb 01       	movw	r24, r22
    16e8:	9e af       	std	Y+62, r25	; 0x3e
    16ea:	8d af       	std	Y+61, r24	; 0x3d
    16ec:	8d ad       	ldd	r24, Y+61	; 0x3d
    16ee:	9e ad       	ldd	r25, Y+62	; 0x3e
    16f0:	9a af       	std	Y+58, r25	; 0x3a
    16f2:	89 af       	std	Y+57, r24	; 0x39
    16f4:	89 ad       	ldd	r24, Y+57	; 0x39
    16f6:	9a ad       	ldd	r25, Y+58	; 0x3a
    16f8:	01 97       	sbiw	r24, 0x01	; 1
    16fa:	f1 f7       	brne	.-4      	; 0x16f8 <HLCD_voidInit+0x2ce>
    16fc:	9a af       	std	Y+58, r25	; 0x3a
    16fe:	89 af       	std	Y+57, r24	; 0x39
	_delay_ms(1) ;
	HLCD_voidSendCmd(0x28) ;
    1700:	88 e2       	ldi	r24, 0x28	; 40
    1702:	0e 94 de 0f 	call	0x1fbc	; 0x1fbc <HLCD_voidSendCmd>
    1706:	80 e0       	ldi	r24, 0x00	; 0
    1708:	90 e0       	ldi	r25, 0x00	; 0
    170a:	a0 e8       	ldi	r26, 0x80	; 128
    170c:	bf e3       	ldi	r27, 0x3F	; 63
    170e:	8d ab       	std	Y+53, r24	; 0x35
    1710:	9e ab       	std	Y+54, r25	; 0x36
    1712:	af ab       	std	Y+55, r26	; 0x37
    1714:	b8 af       	std	Y+56, r27	; 0x38
 */
void
_delay_ms(double __ms)
{
	uint16_t __ticks;
	double __tmp = ((F_CPU) / 4e3) * __ms;
    1716:	6d a9       	ldd	r22, Y+53	; 0x35
    1718:	7e a9       	ldd	r23, Y+54	; 0x36
    171a:	8f a9       	ldd	r24, Y+55	; 0x37
    171c:	98 ad       	ldd	r25, Y+56	; 0x38
    171e:	20 e0       	ldi	r18, 0x00	; 0
    1720:	30 e0       	ldi	r19, 0x00	; 0
    1722:	4a ef       	ldi	r20, 0xFA	; 250
    1724:	54 e4       	ldi	r21, 0x44	; 68
    1726:	0e 94 1f 02 	call	0x43e	; 0x43e <__mulsf3>
    172a:	dc 01       	movw	r26, r24
    172c:	cb 01       	movw	r24, r22
    172e:	89 ab       	std	Y+49, r24	; 0x31
    1730:	9a ab       	std	Y+50, r25	; 0x32
    1732:	ab ab       	std	Y+51, r26	; 0x33
    1734:	bc ab       	std	Y+52, r27	; 0x34
	if (__tmp < 1.0)
    1736:	69 a9       	ldd	r22, Y+49	; 0x31
    1738:	7a a9       	ldd	r23, Y+50	; 0x32
    173a:	8b a9       	ldd	r24, Y+51	; 0x33
    173c:	9c a9       	ldd	r25, Y+52	; 0x34
    173e:	20 e0       	ldi	r18, 0x00	; 0
    1740:	30 e0       	ldi	r19, 0x00	; 0
    1742:	40 e8       	ldi	r20, 0x80	; 128
    1744:	5f e3       	ldi	r21, 0x3F	; 63
    1746:	0e 94 79 03 	call	0x6f2	; 0x6f2 <__ltsf2>
    174a:	88 23       	and	r24, r24
    174c:	2c f4       	brge	.+10     	; 0x1758 <HLCD_voidInit+0x32e>
		__ticks = 1;
    174e:	81 e0       	ldi	r24, 0x01	; 1
    1750:	90 e0       	ldi	r25, 0x00	; 0
    1752:	98 ab       	std	Y+48, r25	; 0x30
    1754:	8f a7       	std	Y+47, r24	; 0x2f
    1756:	3f c0       	rjmp	.+126    	; 0x17d6 <HLCD_voidInit+0x3ac>
	else if (__tmp > 65535)
    1758:	69 a9       	ldd	r22, Y+49	; 0x31
    175a:	7a a9       	ldd	r23, Y+50	; 0x32
    175c:	8b a9       	ldd	r24, Y+51	; 0x33
    175e:	9c a9       	ldd	r25, Y+52	; 0x34
    1760:	20 e0       	ldi	r18, 0x00	; 0
    1762:	3f ef       	ldi	r19, 0xFF	; 255
    1764:	4f e7       	ldi	r20, 0x7F	; 127
    1766:	57 e4       	ldi	r21, 0x47	; 71
    1768:	0e 94 19 03 	call	0x632	; 0x632 <__gtsf2>
    176c:	18 16       	cp	r1, r24
    176e:	4c f5       	brge	.+82     	; 0x17c2 <HLCD_voidInit+0x398>
	{
		//	__ticks = requested delay in 1/10 ms
		__ticks = (uint16_t) (__ms * 10.0);
    1770:	6d a9       	ldd	r22, Y+53	; 0x35
    1772:	7e a9       	ldd	r23, Y+54	; 0x36
    1774:	8f a9       	ldd	r24, Y+55	; 0x37
    1776:	98 ad       	ldd	r25, Y+56	; 0x38
    1778:	20 e0       	ldi	r18, 0x00	; 0
    177a:	30 e0       	ldi	r19, 0x00	; 0
    177c:	40 e2       	ldi	r20, 0x20	; 32
    177e:	51 e4       	ldi	r21, 0x41	; 65
    1780:	0e 94 1f 02 	call	0x43e	; 0x43e <__mulsf3>
    1784:	dc 01       	movw	r26, r24
    1786:	cb 01       	movw	r24, r22
    1788:	bc 01       	movw	r22, r24
    178a:	cd 01       	movw	r24, r26
    178c:	0e 94 49 00 	call	0x92	; 0x92 <__fixunssfsi>
    1790:	dc 01       	movw	r26, r24
    1792:	cb 01       	movw	r24, r22
    1794:	98 ab       	std	Y+48, r25	; 0x30
    1796:	8f a7       	std	Y+47, r24	; 0x2f
    1798:	0f c0       	rjmp	.+30     	; 0x17b8 <HLCD_voidInit+0x38e>
    179a:	88 ec       	ldi	r24, 0xC8	; 200
    179c:	90 e0       	ldi	r25, 0x00	; 0
    179e:	9e a7       	std	Y+46, r25	; 0x2e
    17a0:	8d a7       	std	Y+45, r24	; 0x2d
    17a2:	8d a5       	ldd	r24, Y+45	; 0x2d
    17a4:	9e a5       	ldd	r25, Y+46	; 0x2e
    17a6:	01 97       	sbiw	r24, 0x01	; 1
    17a8:	f1 f7       	brne	.-4      	; 0x17a6 <HLCD_voidInit+0x37c>
    17aa:	9e a7       	std	Y+46, r25	; 0x2e
    17ac:	8d a7       	std	Y+45, r24	; 0x2d
		while(__ticks)
		{
			// wait 1/10 ms
			_delay_loop_2(((F_CPU) / 4e3) / 10);
			__ticks --;
    17ae:	8f a5       	ldd	r24, Y+47	; 0x2f
    17b0:	98 a9       	ldd	r25, Y+48	; 0x30
    17b2:	01 97       	sbiw	r24, 0x01	; 1
    17b4:	98 ab       	std	Y+48, r25	; 0x30
    17b6:	8f a7       	std	Y+47, r24	; 0x2f
		__ticks = 1;
	else if (__tmp > 65535)
	{
		//	__ticks = requested delay in 1/10 ms
		__ticks = (uint16_t) (__ms * 10.0);
		while(__ticks)
    17b8:	8f a5       	ldd	r24, Y+47	; 0x2f
    17ba:	98 a9       	ldd	r25, Y+48	; 0x30
    17bc:	00 97       	sbiw	r24, 0x00	; 0
    17be:	69 f7       	brne	.-38     	; 0x179a <HLCD_voidInit+0x370>
    17c0:	14 c0       	rjmp	.+40     	; 0x17ea <HLCD_voidInit+0x3c0>
			__ticks --;
		}
		return;
	}
	else
		__ticks = (uint16_t)__tmp;
    17c2:	69 a9       	ldd	r22, Y+49	; 0x31
    17c4:	7a a9       	ldd	r23, Y+50	; 0x32
    17c6:	8b a9       	ldd	r24, Y+51	; 0x33
    17c8:	9c a9       	ldd	r25, Y+52	; 0x34
    17ca:	0e 94 49 00 	call	0x92	; 0x92 <__fixunssfsi>
    17ce:	dc 01       	movw	r26, r24
    17d0:	cb 01       	movw	r24, r22
    17d2:	98 ab       	std	Y+48, r25	; 0x30
    17d4:	8f a7       	std	Y+47, r24	; 0x2f
    17d6:	8f a5       	ldd	r24, Y+47	; 0x2f
    17d8:	98 a9       	ldd	r25, Y+48	; 0x30
    17da:	9c a7       	std	Y+44, r25	; 0x2c
    17dc:	8b a7       	std	Y+43, r24	; 0x2b
    17de:	8b a5       	ldd	r24, Y+43	; 0x2b
    17e0:	9c a5       	ldd	r25, Y+44	; 0x2c
    17e2:	01 97       	sbiw	r24, 0x01	; 1
    17e4:	f1 f7       	brne	.-4      	; 0x17e2 <HLCD_voidInit+0x3b8>
    17e6:	9c a7       	std	Y+44, r25	; 0x2c
    17e8:	8b a7       	std	Y+43, r24	; 0x2b
	_delay_ms(1) ;
	HLCD_voidSendCmd(0x0E) ;
    17ea:	8e e0       	ldi	r24, 0x0E	; 14
    17ec:	0e 94 de 0f 	call	0x1fbc	; 0x1fbc <HLCD_voidSendCmd>
    17f0:	80 e0       	ldi	r24, 0x00	; 0
    17f2:	90 e0       	ldi	r25, 0x00	; 0
    17f4:	a0 e8       	ldi	r26, 0x80	; 128
    17f6:	bf e3       	ldi	r27, 0x3F	; 63
    17f8:	8f a3       	std	Y+39, r24	; 0x27
    17fa:	98 a7       	std	Y+40, r25	; 0x28
    17fc:	a9 a7       	std	Y+41, r26	; 0x29
    17fe:	ba a7       	std	Y+42, r27	; 0x2a
 */
void
_delay_ms(double __ms)
{
	uint16_t __ticks;
	double __tmp = ((F_CPU) / 4e3) * __ms;
    1800:	6f a1       	ldd	r22, Y+39	; 0x27
    1802:	78 a5       	ldd	r23, Y+40	; 0x28
    1804:	89 a5       	ldd	r24, Y+41	; 0x29
    1806:	9a a5       	ldd	r25, Y+42	; 0x2a
    1808:	20 e0       	ldi	r18, 0x00	; 0
    180a:	30 e0       	ldi	r19, 0x00	; 0
    180c:	4a ef       	ldi	r20, 0xFA	; 250
    180e:	54 e4       	ldi	r21, 0x44	; 68
    1810:	0e 94 1f 02 	call	0x43e	; 0x43e <__mulsf3>
    1814:	dc 01       	movw	r26, r24
    1816:	cb 01       	movw	r24, r22
    1818:	8b a3       	std	Y+35, r24	; 0x23
    181a:	9c a3       	std	Y+36, r25	; 0x24
    181c:	ad a3       	std	Y+37, r26	; 0x25
    181e:	be a3       	std	Y+38, r27	; 0x26
	if (__tmp < 1.0)
    1820:	6b a1       	ldd	r22, Y+35	; 0x23
    1822:	7c a1       	ldd	r23, Y+36	; 0x24
    1824:	8d a1       	ldd	r24, Y+37	; 0x25
    1826:	9e a1       	ldd	r25, Y+38	; 0x26
    1828:	20 e0       	ldi	r18, 0x00	; 0
    182a:	30 e0       	ldi	r19, 0x00	; 0
    182c:	40 e8       	ldi	r20, 0x80	; 128
    182e:	5f e3       	ldi	r21, 0x3F	; 63
    1830:	0e 94 79 03 	call	0x6f2	; 0x6f2 <__ltsf2>
    1834:	88 23       	and	r24, r24
    1836:	2c f4       	brge	.+10     	; 0x1842 <HLCD_voidInit+0x418>
		__ticks = 1;
    1838:	81 e0       	ldi	r24, 0x01	; 1
    183a:	90 e0       	ldi	r25, 0x00	; 0
    183c:	9a a3       	std	Y+34, r25	; 0x22
    183e:	89 a3       	std	Y+33, r24	; 0x21
    1840:	3f c0       	rjmp	.+126    	; 0x18c0 <HLCD_voidInit+0x496>
	else if (__tmp > 65535)
    1842:	6b a1       	ldd	r22, Y+35	; 0x23
    1844:	7c a1       	ldd	r23, Y+36	; 0x24
    1846:	8d a1       	ldd	r24, Y+37	; 0x25
    1848:	9e a1       	ldd	r25, Y+38	; 0x26
    184a:	20 e0       	ldi	r18, 0x00	; 0
    184c:	3f ef       	ldi	r19, 0xFF	; 255
    184e:	4f e7       	ldi	r20, 0x7F	; 127
    1850:	57 e4       	ldi	r21, 0x47	; 71
    1852:	0e 94 19 03 	call	0x632	; 0x632 <__gtsf2>
    1856:	18 16       	cp	r1, r24
    1858:	4c f5       	brge	.+82     	; 0x18ac <HLCD_voidInit+0x482>
	{
		//	__ticks = requested delay in 1/10 ms
		__ticks = (uint16_t) (__ms * 10.0);
    185a:	6f a1       	ldd	r22, Y+39	; 0x27
    185c:	78 a5       	ldd	r23, Y+40	; 0x28
    185e:	89 a5       	ldd	r24, Y+41	; 0x29
    1860:	9a a5       	ldd	r25, Y+42	; 0x2a
    1862:	20 e0       	ldi	r18, 0x00	; 0
    1864:	30 e0       	ldi	r19, 0x00	; 0
    1866:	40 e2       	ldi	r20, 0x20	; 32
    1868:	51 e4       	ldi	r21, 0x41	; 65
    186a:	0e 94 1f 02 	call	0x43e	; 0x43e <__mulsf3>
    186e:	dc 01       	movw	r26, r24
    1870:	cb 01       	movw	r24, r22
    1872:	bc 01       	movw	r22, r24
    1874:	cd 01       	movw	r24, r26
    1876:	0e 94 49 00 	call	0x92	; 0x92 <__fixunssfsi>
    187a:	dc 01       	movw	r26, r24
    187c:	cb 01       	movw	r24, r22
    187e:	9a a3       	std	Y+34, r25	; 0x22
    1880:	89 a3       	std	Y+33, r24	; 0x21
    1882:	0f c0       	rjmp	.+30     	; 0x18a2 <HLCD_voidInit+0x478>
    1884:	88 ec       	ldi	r24, 0xC8	; 200
    1886:	90 e0       	ldi	r25, 0x00	; 0
    1888:	98 a3       	std	Y+32, r25	; 0x20
    188a:	8f 8f       	std	Y+31, r24	; 0x1f
    188c:	8f 8d       	ldd	r24, Y+31	; 0x1f
    188e:	98 a1       	ldd	r25, Y+32	; 0x20
    1890:	01 97       	sbiw	r24, 0x01	; 1
    1892:	f1 f7       	brne	.-4      	; 0x1890 <HLCD_voidInit+0x466>
    1894:	98 a3       	std	Y+32, r25	; 0x20
    1896:	8f 8f       	std	Y+31, r24	; 0x1f
		while(__ticks)
		{
			// wait 1/10 ms
			_delay_loop_2(((F_CPU) / 4e3) / 10);
			__ticks --;
    1898:	89 a1       	ldd	r24, Y+33	; 0x21
    189a:	9a a1       	ldd	r25, Y+34	; 0x22
    189c:	01 97       	sbiw	r24, 0x01	; 1
    189e:	9a a3       	std	Y+34, r25	; 0x22
    18a0:	89 a3       	std	Y+33, r24	; 0x21
		__ticks = 1;
	else if (__tmp > 65535)
	{
		//	__ticks = requested delay in 1/10 ms
		__ticks = (uint16_t) (__ms * 10.0);
		while(__ticks)
    18a2:	89 a1       	ldd	r24, Y+33	; 0x21
    18a4:	9a a1       	ldd	r25, Y+34	; 0x22
    18a6:	00 97       	sbiw	r24, 0x00	; 0
    18a8:	69 f7       	brne	.-38     	; 0x1884 <HLCD_voidInit+0x45a>
    18aa:	14 c0       	rjmp	.+40     	; 0x18d4 <HLCD_voidInit+0x4aa>
			__ticks --;
		}
		return;
	}
	else
		__ticks = (uint16_t)__tmp;
    18ac:	6b a1       	ldd	r22, Y+35	; 0x23
    18ae:	7c a1       	ldd	r23, Y+36	; 0x24
    18b0:	8d a1       	ldd	r24, Y+37	; 0x25
    18b2:	9e a1       	ldd	r25, Y+38	; 0x26
    18b4:	0e 94 49 00 	call	0x92	; 0x92 <__fixunssfsi>
    18b8:	dc 01       	movw	r26, r24
    18ba:	cb 01       	movw	r24, r22
    18bc:	9a a3       	std	Y+34, r25	; 0x22
    18be:	89 a3       	std	Y+33, r24	; 0x21
    18c0:	89 a1       	ldd	r24, Y+33	; 0x21
    18c2:	9a a1       	ldd	r25, Y+34	; 0x22
    18c4:	9e 8f       	std	Y+30, r25	; 0x1e
    18c6:	8d 8f       	std	Y+29, r24	; 0x1d
    18c8:	8d 8d       	ldd	r24, Y+29	; 0x1d
    18ca:	9e 8d       	ldd	r25, Y+30	; 0x1e
    18cc:	01 97       	sbiw	r24, 0x01	; 1
    18ce:	f1 f7       	brne	.-4      	; 0x18cc <HLCD_voidInit+0x4a2>
    18d0:	9e 8f       	std	Y+30, r25	; 0x1e
    18d2:	8d 8f       	std	Y+29, r24	; 0x1d
	_delay_ms(1) ;
	HLCD_voidSendCmd(0x01) ;
    18d4:	81 e0       	ldi	r24, 0x01	; 1
    18d6:	0e 94 de 0f 	call	0x1fbc	; 0x1fbc <HLCD_voidSendCmd>
    18da:	80 e0       	ldi	r24, 0x00	; 0
    18dc:	90 e0       	ldi	r25, 0x00	; 0
    18de:	a0 e8       	ldi	r26, 0x80	; 128
    18e0:	b0 e4       	ldi	r27, 0x40	; 64
    18e2:	89 8f       	std	Y+25, r24	; 0x19
    18e4:	9a 8f       	std	Y+26, r25	; 0x1a
    18e6:	ab 8f       	std	Y+27, r26	; 0x1b
    18e8:	bc 8f       	std	Y+28, r27	; 0x1c
 */
void
_delay_ms(double __ms)
{
	uint16_t __ticks;
	double __tmp = ((F_CPU) / 4e3) * __ms;
    18ea:	69 8d       	ldd	r22, Y+25	; 0x19
    18ec:	7a 8d       	ldd	r23, Y+26	; 0x1a
    18ee:	8b 8d       	ldd	r24, Y+27	; 0x1b
    18f0:	9c 8d       	ldd	r25, Y+28	; 0x1c
    18f2:	20 e0       	ldi	r18, 0x00	; 0
    18f4:	30 e0       	ldi	r19, 0x00	; 0
    18f6:	4a ef       	ldi	r20, 0xFA	; 250
    18f8:	54 e4       	ldi	r21, 0x44	; 68
    18fa:	0e 94 1f 02 	call	0x43e	; 0x43e <__mulsf3>
    18fe:	dc 01       	movw	r26, r24
    1900:	cb 01       	movw	r24, r22
    1902:	8d 8b       	std	Y+21, r24	; 0x15
    1904:	9e 8b       	std	Y+22, r25	; 0x16
    1906:	af 8b       	std	Y+23, r26	; 0x17
    1908:	b8 8f       	std	Y+24, r27	; 0x18
	if (__tmp < 1.0)
    190a:	6d 89       	ldd	r22, Y+21	; 0x15
    190c:	7e 89       	ldd	r23, Y+22	; 0x16
    190e:	8f 89       	ldd	r24, Y+23	; 0x17
    1910:	98 8d       	ldd	r25, Y+24	; 0x18
    1912:	20 e0       	ldi	r18, 0x00	; 0
    1914:	30 e0       	ldi	r19, 0x00	; 0
    1916:	40 e8       	ldi	r20, 0x80	; 128
    1918:	5f e3       	ldi	r21, 0x3F	; 63
    191a:	0e 94 79 03 	call	0x6f2	; 0x6f2 <__ltsf2>
    191e:	88 23       	and	r24, r24
    1920:	2c f4       	brge	.+10     	; 0x192c <HLCD_voidInit+0x502>
		__ticks = 1;
    1922:	81 e0       	ldi	r24, 0x01	; 1
    1924:	90 e0       	ldi	r25, 0x00	; 0
    1926:	9c 8b       	std	Y+20, r25	; 0x14
    1928:	8b 8b       	std	Y+19, r24	; 0x13
    192a:	3f c0       	rjmp	.+126    	; 0x19aa <HLCD_voidInit+0x580>
	else if (__tmp > 65535)
    192c:	6d 89       	ldd	r22, Y+21	; 0x15
    192e:	7e 89       	ldd	r23, Y+22	; 0x16
    1930:	8f 89       	ldd	r24, Y+23	; 0x17
    1932:	98 8d       	ldd	r25, Y+24	; 0x18
    1934:	20 e0       	ldi	r18, 0x00	; 0
    1936:	3f ef       	ldi	r19, 0xFF	; 255
    1938:	4f e7       	ldi	r20, 0x7F	; 127
    193a:	57 e4       	ldi	r21, 0x47	; 71
    193c:	0e 94 19 03 	call	0x632	; 0x632 <__gtsf2>
    1940:	18 16       	cp	r1, r24
    1942:	4c f5       	brge	.+82     	; 0x1996 <HLCD_voidInit+0x56c>
	{
		//	__ticks = requested delay in 1/10 ms
		__ticks = (uint16_t) (__ms * 10.0);
    1944:	69 8d       	ldd	r22, Y+25	; 0x19
    1946:	7a 8d       	ldd	r23, Y+26	; 0x1a
    1948:	8b 8d       	ldd	r24, Y+27	; 0x1b
    194a:	9c 8d       	ldd	r25, Y+28	; 0x1c
    194c:	20 e0       	ldi	r18, 0x00	; 0
    194e:	30 e0       	ldi	r19, 0x00	; 0
    1950:	40 e2       	ldi	r20, 0x20	; 32
    1952:	51 e4       	ldi	r21, 0x41	; 65
    1954:	0e 94 1f 02 	call	0x43e	; 0x43e <__mulsf3>
    1958:	dc 01       	movw	r26, r24
    195a:	cb 01       	movw	r24, r22
    195c:	bc 01       	movw	r22, r24
    195e:	cd 01       	movw	r24, r26
    1960:	0e 94 49 00 	call	0x92	; 0x92 <__fixunssfsi>
    1964:	dc 01       	movw	r26, r24
    1966:	cb 01       	movw	r24, r22
    1968:	9c 8b       	std	Y+20, r25	; 0x14
    196a:	8b 8b       	std	Y+19, r24	; 0x13
    196c:	0f c0       	rjmp	.+30     	; 0x198c <HLCD_voidInit+0x562>
    196e:	88 ec       	ldi	r24, 0xC8	; 200
    1970:	90 e0       	ldi	r25, 0x00	; 0
    1972:	9a 8b       	std	Y+18, r25	; 0x12
    1974:	89 8b       	std	Y+17, r24	; 0x11
    1976:	89 89       	ldd	r24, Y+17	; 0x11
    1978:	9a 89       	ldd	r25, Y+18	; 0x12
    197a:	01 97       	sbiw	r24, 0x01	; 1
    197c:	f1 f7       	brne	.-4      	; 0x197a <HLCD_voidInit+0x550>
    197e:	9a 8b       	std	Y+18, r25	; 0x12
    1980:	89 8b       	std	Y+17, r24	; 0x11
		while(__ticks)
		{
			// wait 1/10 ms
			_delay_loop_2(((F_CPU) / 4e3) / 10);
			__ticks --;
    1982:	8b 89       	ldd	r24, Y+19	; 0x13
    1984:	9c 89       	ldd	r25, Y+20	; 0x14
    1986:	01 97       	sbiw	r24, 0x01	; 1
    1988:	9c 8b       	std	Y+20, r25	; 0x14
    198a:	8b 8b       	std	Y+19, r24	; 0x13
		__ticks = 1;
	else if (__tmp > 65535)
	{
		//	__ticks = requested delay in 1/10 ms
		__ticks = (uint16_t) (__ms * 10.0);
		while(__ticks)
    198c:	8b 89       	ldd	r24, Y+19	; 0x13
    198e:	9c 89       	ldd	r25, Y+20	; 0x14
    1990:	00 97       	sbiw	r24, 0x00	; 0
    1992:	69 f7       	brne	.-38     	; 0x196e <HLCD_voidInit+0x544>
    1994:	14 c0       	rjmp	.+40     	; 0x19be <HLCD_voidInit+0x594>
			__ticks --;
		}
		return;
	}
	else
		__ticks = (uint16_t)__tmp;
    1996:	6d 89       	ldd	r22, Y+21	; 0x15
    1998:	7e 89       	ldd	r23, Y+22	; 0x16
    199a:	8f 89       	ldd	r24, Y+23	; 0x17
    199c:	98 8d       	ldd	r25, Y+24	; 0x18
    199e:	0e 94 49 00 	call	0x92	; 0x92 <__fixunssfsi>
    19a2:	dc 01       	movw	r26, r24
    19a4:	cb 01       	movw	r24, r22
    19a6:	9c 8b       	std	Y+20, r25	; 0x14
    19a8:	8b 8b       	std	Y+19, r24	; 0x13
    19aa:	8b 89       	ldd	r24, Y+19	; 0x13
    19ac:	9c 89       	ldd	r25, Y+20	; 0x14
    19ae:	98 8b       	std	Y+16, r25	; 0x10
    19b0:	8f 87       	std	Y+15, r24	; 0x0f
    19b2:	8f 85       	ldd	r24, Y+15	; 0x0f
    19b4:	98 89       	ldd	r25, Y+16	; 0x10
    19b6:	01 97       	sbiw	r24, 0x01	; 1
    19b8:	f1 f7       	brne	.-4      	; 0x19b6 <HLCD_voidInit+0x58c>
    19ba:	98 8b       	std	Y+16, r25	; 0x10
    19bc:	8f 87       	std	Y+15, r24	; 0x0f
	_delay_ms(4) ;
	HLCD_voidSendCmd(0x06) ;
    19be:	86 e0       	ldi	r24, 0x06	; 6
    19c0:	0e 94 de 0f 	call	0x1fbc	; 0x1fbc <HLCD_voidSendCmd>
    19c4:	80 e0       	ldi	r24, 0x00	; 0
    19c6:	90 e0       	ldi	r25, 0x00	; 0
    19c8:	a0 e8       	ldi	r26, 0x80	; 128
    19ca:	bf e3       	ldi	r27, 0x3F	; 63
    19cc:	8b 87       	std	Y+11, r24	; 0x0b
    19ce:	9c 87       	std	Y+12, r25	; 0x0c
    19d0:	ad 87       	std	Y+13, r26	; 0x0d
    19d2:	be 87       	std	Y+14, r27	; 0x0e
 */
void
_delay_ms(double __ms)
{
	uint16_t __ticks;
	double __tmp = ((F_CPU) / 4e3) * __ms;
    19d4:	6b 85       	ldd	r22, Y+11	; 0x0b
    19d6:	7c 85       	ldd	r23, Y+12	; 0x0c
    19d8:	8d 85       	ldd	r24, Y+13	; 0x0d
    19da:	9e 85       	ldd	r25, Y+14	; 0x0e
    19dc:	20 e0       	ldi	r18, 0x00	; 0
    19de:	30 e0       	ldi	r19, 0x00	; 0
    19e0:	4a ef       	ldi	r20, 0xFA	; 250
    19e2:	54 e4       	ldi	r21, 0x44	; 68
    19e4:	0e 94 1f 02 	call	0x43e	; 0x43e <__mulsf3>
    19e8:	dc 01       	movw	r26, r24
    19ea:	cb 01       	movw	r24, r22
    19ec:	8f 83       	std	Y+7, r24	; 0x07
    19ee:	98 87       	std	Y+8, r25	; 0x08
    19f0:	a9 87       	std	Y+9, r26	; 0x09
    19f2:	ba 87       	std	Y+10, r27	; 0x0a
	if (__tmp < 1.0)
    19f4:	6f 81       	ldd	r22, Y+7	; 0x07
    19f6:	78 85       	ldd	r23, Y+8	; 0x08
    19f8:	89 85       	ldd	r24, Y+9	; 0x09
    19fa:	9a 85       	ldd	r25, Y+10	; 0x0a
    19fc:	20 e0       	ldi	r18, 0x00	; 0
    19fe:	30 e0       	ldi	r19, 0x00	; 0
    1a00:	40 e8       	ldi	r20, 0x80	; 128
    1a02:	5f e3       	ldi	r21, 0x3F	; 63
    1a04:	0e 94 79 03 	call	0x6f2	; 0x6f2 <__ltsf2>
    1a08:	88 23       	and	r24, r24
    1a0a:	2c f4       	brge	.+10     	; 0x1a16 <HLCD_voidInit+0x5ec>
		__ticks = 1;
    1a0c:	81 e0       	ldi	r24, 0x01	; 1
    1a0e:	90 e0       	ldi	r25, 0x00	; 0
    1a10:	9e 83       	std	Y+6, r25	; 0x06
    1a12:	8d 83       	std	Y+5, r24	; 0x05
    1a14:	3f c0       	rjmp	.+126    	; 0x1a94 <HLCD_voidInit+0x66a>
	else if (__tmp > 65535)
    1a16:	6f 81       	ldd	r22, Y+7	; 0x07
    1a18:	78 85       	ldd	r23, Y+8	; 0x08
    1a1a:	89 85       	ldd	r24, Y+9	; 0x09
    1a1c:	9a 85       	ldd	r25, Y+10	; 0x0a
    1a1e:	20 e0       	ldi	r18, 0x00	; 0
    1a20:	3f ef       	ldi	r19, 0xFF	; 255
    1a22:	4f e7       	ldi	r20, 0x7F	; 127
    1a24:	57 e4       	ldi	r21, 0x47	; 71
    1a26:	0e 94 19 03 	call	0x632	; 0x632 <__gtsf2>
    1a2a:	18 16       	cp	r1, r24
    1a2c:	4c f5       	brge	.+82     	; 0x1a80 <HLCD_voidInit+0x656>
	{
		//	__ticks = requested delay in 1/10 ms
		__ticks = (uint16_t) (__ms * 10.0);
    1a2e:	6b 85       	ldd	r22, Y+11	; 0x0b
    1a30:	7c 85       	ldd	r23, Y+12	; 0x0c
    1a32:	8d 85       	ldd	r24, Y+13	; 0x0d
    1a34:	9e 85       	ldd	r25, Y+14	; 0x0e
    1a36:	20 e0       	ldi	r18, 0x00	; 0
    1a38:	30 e0       	ldi	r19, 0x00	; 0
    1a3a:	40 e2       	ldi	r20, 0x20	; 32
    1a3c:	51 e4       	ldi	r21, 0x41	; 65
    1a3e:	0e 94 1f 02 	call	0x43e	; 0x43e <__mulsf3>
    1a42:	dc 01       	movw	r26, r24
    1a44:	cb 01       	movw	r24, r22
    1a46:	bc 01       	movw	r22, r24
    1a48:	cd 01       	movw	r24, r26
    1a4a:	0e 94 49 00 	call	0x92	; 0x92 <__fixunssfsi>
    1a4e:	dc 01       	movw	r26, r24
    1a50:	cb 01       	movw	r24, r22
    1a52:	9e 83       	std	Y+6, r25	; 0x06
    1a54:	8d 83       	std	Y+5, r24	; 0x05
    1a56:	0f c0       	rjmp	.+30     	; 0x1a76 <HLCD_voidInit+0x64c>
    1a58:	88 ec       	ldi	r24, 0xC8	; 200
    1a5a:	90 e0       	ldi	r25, 0x00	; 0
    1a5c:	9c 83       	std	Y+4, r25	; 0x04
    1a5e:	8b 83       	std	Y+3, r24	; 0x03
    1a60:	8b 81       	ldd	r24, Y+3	; 0x03
    1a62:	9c 81       	ldd	r25, Y+4	; 0x04
    1a64:	01 97       	sbiw	r24, 0x01	; 1
    1a66:	f1 f7       	brne	.-4      	; 0x1a64 <HLCD_voidInit+0x63a>
    1a68:	9c 83       	std	Y+4, r25	; 0x04
    1a6a:	8b 83       	std	Y+3, r24	; 0x03
		while(__ticks)
		{
			// wait 1/10 ms
			_delay_loop_2(((F_CPU) / 4e3) / 10);
			__ticks --;
    1a6c:	8d 81       	ldd	r24, Y+5	; 0x05
    1a6e:	9e 81       	ldd	r25, Y+6	; 0x06
    1a70:	01 97       	sbiw	r24, 0x01	; 1
    1a72:	9e 83       	std	Y+6, r25	; 0x06
    1a74:	8d 83       	std	Y+5, r24	; 0x05
		__ticks = 1;
	else if (__tmp > 65535)
	{
		//	__ticks = requested delay in 1/10 ms
		__ticks = (uint16_t) (__ms * 10.0);
		while(__ticks)
    1a76:	8d 81       	ldd	r24, Y+5	; 0x05
    1a78:	9e 81       	ldd	r25, Y+6	; 0x06
    1a7a:	00 97       	sbiw	r24, 0x00	; 0
    1a7c:	69 f7       	brne	.-38     	; 0x1a58 <HLCD_voidInit+0x62e>
    1a7e:	14 c0       	rjmp	.+40     	; 0x1aa8 <HLCD_voidInit+0x67e>
			__ticks --;
		}
		return;
	}
	else
		__ticks = (uint16_t)__tmp;
    1a80:	6f 81       	ldd	r22, Y+7	; 0x07
    1a82:	78 85       	ldd	r23, Y+8	; 0x08
    1a84:	89 85       	ldd	r24, Y+9	; 0x09
    1a86:	9a 85       	ldd	r25, Y+10	; 0x0a
    1a88:	0e 94 49 00 	call	0x92	; 0x92 <__fixunssfsi>
    1a8c:	dc 01       	movw	r26, r24
    1a8e:	cb 01       	movw	r24, r22
    1a90:	9e 83       	std	Y+6, r25	; 0x06
    1a92:	8d 83       	std	Y+5, r24	; 0x05
    1a94:	8d 81       	ldd	r24, Y+5	; 0x05
    1a96:	9e 81       	ldd	r25, Y+6	; 0x06
    1a98:	9a 83       	std	Y+2, r25	; 0x02
    1a9a:	89 83       	std	Y+1, r24	; 0x01
    1a9c:	89 81       	ldd	r24, Y+1	; 0x01
    1a9e:	9a 81       	ldd	r25, Y+2	; 0x02
    1aa0:	01 97       	sbiw	r24, 0x01	; 1
    1aa2:	f1 f7       	brne	.-4      	; 0x1aa0 <HLCD_voidInit+0x676>
    1aa4:	9a 83       	std	Y+2, r25	; 0x02
    1aa6:	89 83       	std	Y+1, r24	; 0x01
	_delay_ms(1) ;

#else
#error "invalid LCD Mode"
#endif
}
    1aa8:	cc 5a       	subi	r28, 0xAC	; 172
    1aaa:	df 4f       	sbci	r29, 0xFF	; 255
    1aac:	0f b6       	in	r0, 0x3f	; 63
    1aae:	f8 94       	cli
    1ab0:	de bf       	out	0x3e, r29	; 62
    1ab2:	0f be       	out	0x3f, r0	; 63
    1ab4:	cd bf       	out	0x3d, r28	; 61
    1ab6:	cf 91       	pop	r28
    1ab8:	df 91       	pop	r29
    1aba:	1f 91       	pop	r17
    1abc:	0f 91       	pop	r16
    1abe:	08 95       	ret

00001ac0 <HLCd_voidSendData>:
void HLCd_voidSendData (u8 A_u8Data)
{
    1ac0:	df 93       	push	r29
    1ac2:	cf 93       	push	r28
    1ac4:	cd b7       	in	r28, 0x3d	; 61
    1ac6:	de b7       	in	r29, 0x3e	; 62
    1ac8:	e9 97       	sbiw	r28, 0x39	; 57
    1aca:	0f b6       	in	r0, 0x3f	; 63
    1acc:	f8 94       	cli
    1ace:	de bf       	out	0x3e, r29	; 62
    1ad0:	0f be       	out	0x3f, r0	; 63
    1ad2:	cd bf       	out	0x3d, r28	; 61
    1ad4:	89 af       	std	Y+57, r24	; 0x39
	MDIO_voidSetPinValue(LCD_E_PORT, LCD_E_PIN, DIO_HIGH) ;
	_delay_ms(1) ;
	MDIO_voidSetPinValue(LCD_E_PORT, LCD_E_PIN, DIO_LOW) ;
	_delay_ms(1) ;
#elif LCD_MODE == 4
	MDIO_voidSetPinValue(LCD_RS_PORT, LCD_RS_PIN, DIO_HIGH) ;
    1ad6:	81 e0       	ldi	r24, 0x01	; 1
    1ad8:	60 e0       	ldi	r22, 0x00	; 0
    1ada:	41 e0       	ldi	r20, 0x01	; 1
    1adc:	0e 94 ed 06 	call	0xdda	; 0xdda <MDIO_voidSetPinValue>
	MDIO_voidSetPinValue(LCD_RW_PORT, LCD_RW_PIN, DIO_LOW) ;
    1ae0:	81 e0       	ldi	r24, 0x01	; 1
    1ae2:	61 e0       	ldi	r22, 0x01	; 1
    1ae4:	40 e0       	ldi	r20, 0x00	; 0
    1ae6:	0e 94 ed 06 	call	0xdda	; 0xdda <MDIO_voidSetPinValue>

	MDIO_voidSetPinValue(LCD_PORT, DIO_PIN4, READ_BIT(A_u8Data , 4 )) ;
    1aea:	89 ad       	ldd	r24, Y+57	; 0x39
    1aec:	88 2f       	mov	r24, r24
    1aee:	90 e0       	ldi	r25, 0x00	; 0
    1af0:	80 71       	andi	r24, 0x10	; 16
    1af2:	90 70       	andi	r25, 0x00	; 0
    1af4:	95 95       	asr	r25
    1af6:	87 95       	ror	r24
    1af8:	95 95       	asr	r25
    1afa:	87 95       	ror	r24
    1afc:	95 95       	asr	r25
    1afe:	87 95       	ror	r24
    1b00:	95 95       	asr	r25
    1b02:	87 95       	ror	r24
    1b04:	98 2f       	mov	r25, r24
    1b06:	80 e0       	ldi	r24, 0x00	; 0
    1b08:	64 e0       	ldi	r22, 0x04	; 4
    1b0a:	49 2f       	mov	r20, r25
    1b0c:	0e 94 ed 06 	call	0xdda	; 0xdda <MDIO_voidSetPinValue>
	MDIO_voidSetPinValue(LCD_PORT, DIO_PIN5, READ_BIT(A_u8Data , 5 )) ;
    1b10:	89 ad       	ldd	r24, Y+57	; 0x39
    1b12:	88 2f       	mov	r24, r24
    1b14:	90 e0       	ldi	r25, 0x00	; 0
    1b16:	80 72       	andi	r24, 0x20	; 32
    1b18:	90 70       	andi	r25, 0x00	; 0
    1b1a:	95 95       	asr	r25
    1b1c:	87 95       	ror	r24
    1b1e:	95 95       	asr	r25
    1b20:	87 95       	ror	r24
    1b22:	95 95       	asr	r25
    1b24:	87 95       	ror	r24
    1b26:	95 95       	asr	r25
    1b28:	87 95       	ror	r24
    1b2a:	95 95       	asr	r25
    1b2c:	87 95       	ror	r24
    1b2e:	98 2f       	mov	r25, r24
    1b30:	80 e0       	ldi	r24, 0x00	; 0
    1b32:	65 e0       	ldi	r22, 0x05	; 5
    1b34:	49 2f       	mov	r20, r25
    1b36:	0e 94 ed 06 	call	0xdda	; 0xdda <MDIO_voidSetPinValue>
	MDIO_voidSetPinValue(LCD_PORT, DIO_PIN6, READ_BIT(A_u8Data , 6 )) ;
    1b3a:	89 ad       	ldd	r24, Y+57	; 0x39
    1b3c:	88 2f       	mov	r24, r24
    1b3e:	90 e0       	ldi	r25, 0x00	; 0
    1b40:	80 74       	andi	r24, 0x40	; 64
    1b42:	90 70       	andi	r25, 0x00	; 0
    1b44:	08 2e       	mov	r0, r24
    1b46:	89 2f       	mov	r24, r25
    1b48:	00 0c       	add	r0, r0
    1b4a:	88 1f       	adc	r24, r24
    1b4c:	99 0b       	sbc	r25, r25
    1b4e:	00 0c       	add	r0, r0
    1b50:	88 1f       	adc	r24, r24
    1b52:	99 1f       	adc	r25, r25
    1b54:	98 2f       	mov	r25, r24
    1b56:	80 e0       	ldi	r24, 0x00	; 0
    1b58:	66 e0       	ldi	r22, 0x06	; 6
    1b5a:	49 2f       	mov	r20, r25
    1b5c:	0e 94 ed 06 	call	0xdda	; 0xdda <MDIO_voidSetPinValue>
	MDIO_voidSetPinValue(LCD_PORT, DIO_PIN7, READ_BIT(A_u8Data , 7 )) ;
    1b60:	89 ad       	ldd	r24, Y+57	; 0x39
    1b62:	98 2f       	mov	r25, r24
    1b64:	99 1f       	adc	r25, r25
    1b66:	99 27       	eor	r25, r25
    1b68:	99 1f       	adc	r25, r25
    1b6a:	80 e0       	ldi	r24, 0x00	; 0
    1b6c:	67 e0       	ldi	r22, 0x07	; 7
    1b6e:	49 2f       	mov	r20, r25
    1b70:	0e 94 ed 06 	call	0xdda	; 0xdda <MDIO_voidSetPinValue>

	MDIO_voidSetPinValue(LCD_E_PORT, LCD_E_PIN, DIO_HIGH) ;
    1b74:	81 e0       	ldi	r24, 0x01	; 1
    1b76:	62 e0       	ldi	r22, 0x02	; 2
    1b78:	41 e0       	ldi	r20, 0x01	; 1
    1b7a:	0e 94 ed 06 	call	0xdda	; 0xdda <MDIO_voidSetPinValue>
    1b7e:	80 e0       	ldi	r24, 0x00	; 0
    1b80:	90 e0       	ldi	r25, 0x00	; 0
    1b82:	a0 e8       	ldi	r26, 0x80	; 128
    1b84:	bf e3       	ldi	r27, 0x3F	; 63
    1b86:	8d ab       	std	Y+53, r24	; 0x35
    1b88:	9e ab       	std	Y+54, r25	; 0x36
    1b8a:	af ab       	std	Y+55, r26	; 0x37
    1b8c:	b8 af       	std	Y+56, r27	; 0x38
 */
void
_delay_ms(double __ms)
{
	uint16_t __ticks;
	double __tmp = ((F_CPU) / 4e3) * __ms;
    1b8e:	6d a9       	ldd	r22, Y+53	; 0x35
    1b90:	7e a9       	ldd	r23, Y+54	; 0x36
    1b92:	8f a9       	ldd	r24, Y+55	; 0x37
    1b94:	98 ad       	ldd	r25, Y+56	; 0x38
    1b96:	20 e0       	ldi	r18, 0x00	; 0
    1b98:	30 e0       	ldi	r19, 0x00	; 0
    1b9a:	4a ef       	ldi	r20, 0xFA	; 250
    1b9c:	54 e4       	ldi	r21, 0x44	; 68
    1b9e:	0e 94 1f 02 	call	0x43e	; 0x43e <__mulsf3>
    1ba2:	dc 01       	movw	r26, r24
    1ba4:	cb 01       	movw	r24, r22
    1ba6:	89 ab       	std	Y+49, r24	; 0x31
    1ba8:	9a ab       	std	Y+50, r25	; 0x32
    1baa:	ab ab       	std	Y+51, r26	; 0x33
    1bac:	bc ab       	std	Y+52, r27	; 0x34
	if (__tmp < 1.0)
    1bae:	69 a9       	ldd	r22, Y+49	; 0x31
    1bb0:	7a a9       	ldd	r23, Y+50	; 0x32
    1bb2:	8b a9       	ldd	r24, Y+51	; 0x33
    1bb4:	9c a9       	ldd	r25, Y+52	; 0x34
    1bb6:	20 e0       	ldi	r18, 0x00	; 0
    1bb8:	30 e0       	ldi	r19, 0x00	; 0
    1bba:	40 e8       	ldi	r20, 0x80	; 128
    1bbc:	5f e3       	ldi	r21, 0x3F	; 63
    1bbe:	0e 94 79 03 	call	0x6f2	; 0x6f2 <__ltsf2>
    1bc2:	88 23       	and	r24, r24
    1bc4:	2c f4       	brge	.+10     	; 0x1bd0 <HLCd_voidSendData+0x110>
		__ticks = 1;
    1bc6:	81 e0       	ldi	r24, 0x01	; 1
    1bc8:	90 e0       	ldi	r25, 0x00	; 0
    1bca:	98 ab       	std	Y+48, r25	; 0x30
    1bcc:	8f a7       	std	Y+47, r24	; 0x2f
    1bce:	3f c0       	rjmp	.+126    	; 0x1c4e <HLCd_voidSendData+0x18e>
	else if (__tmp > 65535)
    1bd0:	69 a9       	ldd	r22, Y+49	; 0x31
    1bd2:	7a a9       	ldd	r23, Y+50	; 0x32
    1bd4:	8b a9       	ldd	r24, Y+51	; 0x33
    1bd6:	9c a9       	ldd	r25, Y+52	; 0x34
    1bd8:	20 e0       	ldi	r18, 0x00	; 0
    1bda:	3f ef       	ldi	r19, 0xFF	; 255
    1bdc:	4f e7       	ldi	r20, 0x7F	; 127
    1bde:	57 e4       	ldi	r21, 0x47	; 71
    1be0:	0e 94 19 03 	call	0x632	; 0x632 <__gtsf2>
    1be4:	18 16       	cp	r1, r24
    1be6:	4c f5       	brge	.+82     	; 0x1c3a <HLCd_voidSendData+0x17a>
	{
		//	__ticks = requested delay in 1/10 ms
		__ticks = (uint16_t) (__ms * 10.0);
    1be8:	6d a9       	ldd	r22, Y+53	; 0x35
    1bea:	7e a9       	ldd	r23, Y+54	; 0x36
    1bec:	8f a9       	ldd	r24, Y+55	; 0x37
    1bee:	98 ad       	ldd	r25, Y+56	; 0x38
    1bf0:	20 e0       	ldi	r18, 0x00	; 0
    1bf2:	30 e0       	ldi	r19, 0x00	; 0
    1bf4:	40 e2       	ldi	r20, 0x20	; 32
    1bf6:	51 e4       	ldi	r21, 0x41	; 65
    1bf8:	0e 94 1f 02 	call	0x43e	; 0x43e <__mulsf3>
    1bfc:	dc 01       	movw	r26, r24
    1bfe:	cb 01       	movw	r24, r22
    1c00:	bc 01       	movw	r22, r24
    1c02:	cd 01       	movw	r24, r26
    1c04:	0e 94 49 00 	call	0x92	; 0x92 <__fixunssfsi>
    1c08:	dc 01       	movw	r26, r24
    1c0a:	cb 01       	movw	r24, r22
    1c0c:	98 ab       	std	Y+48, r25	; 0x30
    1c0e:	8f a7       	std	Y+47, r24	; 0x2f
    1c10:	0f c0       	rjmp	.+30     	; 0x1c30 <HLCd_voidSendData+0x170>
    1c12:	88 ec       	ldi	r24, 0xC8	; 200
    1c14:	90 e0       	ldi	r25, 0x00	; 0
    1c16:	9e a7       	std	Y+46, r25	; 0x2e
    1c18:	8d a7       	std	Y+45, r24	; 0x2d
    1c1a:	8d a5       	ldd	r24, Y+45	; 0x2d
    1c1c:	9e a5       	ldd	r25, Y+46	; 0x2e
    1c1e:	01 97       	sbiw	r24, 0x01	; 1
    1c20:	f1 f7       	brne	.-4      	; 0x1c1e <HLCd_voidSendData+0x15e>
    1c22:	9e a7       	std	Y+46, r25	; 0x2e
    1c24:	8d a7       	std	Y+45, r24	; 0x2d
		while(__ticks)
		{
			// wait 1/10 ms
			_delay_loop_2(((F_CPU) / 4e3) / 10);
			__ticks --;
    1c26:	8f a5       	ldd	r24, Y+47	; 0x2f
    1c28:	98 a9       	ldd	r25, Y+48	; 0x30
    1c2a:	01 97       	sbiw	r24, 0x01	; 1
    1c2c:	98 ab       	std	Y+48, r25	; 0x30
    1c2e:	8f a7       	std	Y+47, r24	; 0x2f
		__ticks = 1;
	else if (__tmp > 65535)
	{
		//	__ticks = requested delay in 1/10 ms
		__ticks = (uint16_t) (__ms * 10.0);
		while(__ticks)
    1c30:	8f a5       	ldd	r24, Y+47	; 0x2f
    1c32:	98 a9       	ldd	r25, Y+48	; 0x30
    1c34:	00 97       	sbiw	r24, 0x00	; 0
    1c36:	69 f7       	brne	.-38     	; 0x1c12 <HLCd_voidSendData+0x152>
    1c38:	14 c0       	rjmp	.+40     	; 0x1c62 <HLCd_voidSendData+0x1a2>
			__ticks --;
		}
		return;
	}
	else
		__ticks = (uint16_t)__tmp;
    1c3a:	69 a9       	ldd	r22, Y+49	; 0x31
    1c3c:	7a a9       	ldd	r23, Y+50	; 0x32
    1c3e:	8b a9       	ldd	r24, Y+51	; 0x33
    1c40:	9c a9       	ldd	r25, Y+52	; 0x34
    1c42:	0e 94 49 00 	call	0x92	; 0x92 <__fixunssfsi>
    1c46:	dc 01       	movw	r26, r24
    1c48:	cb 01       	movw	r24, r22
    1c4a:	98 ab       	std	Y+48, r25	; 0x30
    1c4c:	8f a7       	std	Y+47, r24	; 0x2f
    1c4e:	8f a5       	ldd	r24, Y+47	; 0x2f
    1c50:	98 a9       	ldd	r25, Y+48	; 0x30
    1c52:	9c a7       	std	Y+44, r25	; 0x2c
    1c54:	8b a7       	std	Y+43, r24	; 0x2b
    1c56:	8b a5       	ldd	r24, Y+43	; 0x2b
    1c58:	9c a5       	ldd	r25, Y+44	; 0x2c
    1c5a:	01 97       	sbiw	r24, 0x01	; 1
    1c5c:	f1 f7       	brne	.-4      	; 0x1c5a <HLCd_voidSendData+0x19a>
    1c5e:	9c a7       	std	Y+44, r25	; 0x2c
    1c60:	8b a7       	std	Y+43, r24	; 0x2b
	_delay_ms(1) ;
	MDIO_voidSetPinValue(LCD_E_PORT, LCD_E_PIN, DIO_LOW) ;
    1c62:	81 e0       	ldi	r24, 0x01	; 1
    1c64:	62 e0       	ldi	r22, 0x02	; 2
    1c66:	40 e0       	ldi	r20, 0x00	; 0
    1c68:	0e 94 ed 06 	call	0xdda	; 0xdda <MDIO_voidSetPinValue>
    1c6c:	80 e0       	ldi	r24, 0x00	; 0
    1c6e:	90 e0       	ldi	r25, 0x00	; 0
    1c70:	a0 e8       	ldi	r26, 0x80	; 128
    1c72:	bf e3       	ldi	r27, 0x3F	; 63
    1c74:	8f a3       	std	Y+39, r24	; 0x27
    1c76:	98 a7       	std	Y+40, r25	; 0x28
    1c78:	a9 a7       	std	Y+41, r26	; 0x29
    1c7a:	ba a7       	std	Y+42, r27	; 0x2a
 */
void
_delay_ms(double __ms)
{
	uint16_t __ticks;
	double __tmp = ((F_CPU) / 4e3) * __ms;
    1c7c:	6f a1       	ldd	r22, Y+39	; 0x27
    1c7e:	78 a5       	ldd	r23, Y+40	; 0x28
    1c80:	89 a5       	ldd	r24, Y+41	; 0x29
    1c82:	9a a5       	ldd	r25, Y+42	; 0x2a
    1c84:	20 e0       	ldi	r18, 0x00	; 0
    1c86:	30 e0       	ldi	r19, 0x00	; 0
    1c88:	4a ef       	ldi	r20, 0xFA	; 250
    1c8a:	54 e4       	ldi	r21, 0x44	; 68
    1c8c:	0e 94 1f 02 	call	0x43e	; 0x43e <__mulsf3>
    1c90:	dc 01       	movw	r26, r24
    1c92:	cb 01       	movw	r24, r22
    1c94:	8b a3       	std	Y+35, r24	; 0x23
    1c96:	9c a3       	std	Y+36, r25	; 0x24
    1c98:	ad a3       	std	Y+37, r26	; 0x25
    1c9a:	be a3       	std	Y+38, r27	; 0x26
	if (__tmp < 1.0)
    1c9c:	6b a1       	ldd	r22, Y+35	; 0x23
    1c9e:	7c a1       	ldd	r23, Y+36	; 0x24
    1ca0:	8d a1       	ldd	r24, Y+37	; 0x25
    1ca2:	9e a1       	ldd	r25, Y+38	; 0x26
    1ca4:	20 e0       	ldi	r18, 0x00	; 0
    1ca6:	30 e0       	ldi	r19, 0x00	; 0
    1ca8:	40 e8       	ldi	r20, 0x80	; 128
    1caa:	5f e3       	ldi	r21, 0x3F	; 63
    1cac:	0e 94 79 03 	call	0x6f2	; 0x6f2 <__ltsf2>
    1cb0:	88 23       	and	r24, r24
    1cb2:	2c f4       	brge	.+10     	; 0x1cbe <HLCd_voidSendData+0x1fe>
		__ticks = 1;
    1cb4:	81 e0       	ldi	r24, 0x01	; 1
    1cb6:	90 e0       	ldi	r25, 0x00	; 0
    1cb8:	9a a3       	std	Y+34, r25	; 0x22
    1cba:	89 a3       	std	Y+33, r24	; 0x21
    1cbc:	3f c0       	rjmp	.+126    	; 0x1d3c <HLCd_voidSendData+0x27c>
	else if (__tmp > 65535)
    1cbe:	6b a1       	ldd	r22, Y+35	; 0x23
    1cc0:	7c a1       	ldd	r23, Y+36	; 0x24
    1cc2:	8d a1       	ldd	r24, Y+37	; 0x25
    1cc4:	9e a1       	ldd	r25, Y+38	; 0x26
    1cc6:	20 e0       	ldi	r18, 0x00	; 0
    1cc8:	3f ef       	ldi	r19, 0xFF	; 255
    1cca:	4f e7       	ldi	r20, 0x7F	; 127
    1ccc:	57 e4       	ldi	r21, 0x47	; 71
    1cce:	0e 94 19 03 	call	0x632	; 0x632 <__gtsf2>
    1cd2:	18 16       	cp	r1, r24
    1cd4:	4c f5       	brge	.+82     	; 0x1d28 <HLCd_voidSendData+0x268>
	{
		//	__ticks = requested delay in 1/10 ms
		__ticks = (uint16_t) (__ms * 10.0);
    1cd6:	6f a1       	ldd	r22, Y+39	; 0x27
    1cd8:	78 a5       	ldd	r23, Y+40	; 0x28
    1cda:	89 a5       	ldd	r24, Y+41	; 0x29
    1cdc:	9a a5       	ldd	r25, Y+42	; 0x2a
    1cde:	20 e0       	ldi	r18, 0x00	; 0
    1ce0:	30 e0       	ldi	r19, 0x00	; 0
    1ce2:	40 e2       	ldi	r20, 0x20	; 32
    1ce4:	51 e4       	ldi	r21, 0x41	; 65
    1ce6:	0e 94 1f 02 	call	0x43e	; 0x43e <__mulsf3>
    1cea:	dc 01       	movw	r26, r24
    1cec:	cb 01       	movw	r24, r22
    1cee:	bc 01       	movw	r22, r24
    1cf0:	cd 01       	movw	r24, r26
    1cf2:	0e 94 49 00 	call	0x92	; 0x92 <__fixunssfsi>
    1cf6:	dc 01       	movw	r26, r24
    1cf8:	cb 01       	movw	r24, r22
    1cfa:	9a a3       	std	Y+34, r25	; 0x22
    1cfc:	89 a3       	std	Y+33, r24	; 0x21
    1cfe:	0f c0       	rjmp	.+30     	; 0x1d1e <HLCd_voidSendData+0x25e>
    1d00:	88 ec       	ldi	r24, 0xC8	; 200
    1d02:	90 e0       	ldi	r25, 0x00	; 0
    1d04:	98 a3       	std	Y+32, r25	; 0x20
    1d06:	8f 8f       	std	Y+31, r24	; 0x1f
    1d08:	8f 8d       	ldd	r24, Y+31	; 0x1f
    1d0a:	98 a1       	ldd	r25, Y+32	; 0x20
    1d0c:	01 97       	sbiw	r24, 0x01	; 1
    1d0e:	f1 f7       	brne	.-4      	; 0x1d0c <HLCd_voidSendData+0x24c>
    1d10:	98 a3       	std	Y+32, r25	; 0x20
    1d12:	8f 8f       	std	Y+31, r24	; 0x1f
		while(__ticks)
		{
			// wait 1/10 ms
			_delay_loop_2(((F_CPU) / 4e3) / 10);
			__ticks --;
    1d14:	89 a1       	ldd	r24, Y+33	; 0x21
    1d16:	9a a1       	ldd	r25, Y+34	; 0x22
    1d18:	01 97       	sbiw	r24, 0x01	; 1
    1d1a:	9a a3       	std	Y+34, r25	; 0x22
    1d1c:	89 a3       	std	Y+33, r24	; 0x21
		__ticks = 1;
	else if (__tmp > 65535)
	{
		//	__ticks = requested delay in 1/10 ms
		__ticks = (uint16_t) (__ms * 10.0);
		while(__ticks)
    1d1e:	89 a1       	ldd	r24, Y+33	; 0x21
    1d20:	9a a1       	ldd	r25, Y+34	; 0x22
    1d22:	00 97       	sbiw	r24, 0x00	; 0
    1d24:	69 f7       	brne	.-38     	; 0x1d00 <HLCd_voidSendData+0x240>
    1d26:	14 c0       	rjmp	.+40     	; 0x1d50 <HLCd_voidSendData+0x290>
			__ticks --;
		}
		return;
	}
	else
		__ticks = (uint16_t)__tmp;
    1d28:	6b a1       	ldd	r22, Y+35	; 0x23
    1d2a:	7c a1       	ldd	r23, Y+36	; 0x24
    1d2c:	8d a1       	ldd	r24, Y+37	; 0x25
    1d2e:	9e a1       	ldd	r25, Y+38	; 0x26
    1d30:	0e 94 49 00 	call	0x92	; 0x92 <__fixunssfsi>
    1d34:	dc 01       	movw	r26, r24
    1d36:	cb 01       	movw	r24, r22
    1d38:	9a a3       	std	Y+34, r25	; 0x22
    1d3a:	89 a3       	std	Y+33, r24	; 0x21
    1d3c:	89 a1       	ldd	r24, Y+33	; 0x21
    1d3e:	9a a1       	ldd	r25, Y+34	; 0x22
    1d40:	9e 8f       	std	Y+30, r25	; 0x1e
    1d42:	8d 8f       	std	Y+29, r24	; 0x1d
    1d44:	8d 8d       	ldd	r24, Y+29	; 0x1d
    1d46:	9e 8d       	ldd	r25, Y+30	; 0x1e
    1d48:	01 97       	sbiw	r24, 0x01	; 1
    1d4a:	f1 f7       	brne	.-4      	; 0x1d48 <HLCd_voidSendData+0x288>
    1d4c:	9e 8f       	std	Y+30, r25	; 0x1e
    1d4e:	8d 8f       	std	Y+29, r24	; 0x1d
	_delay_ms(1) ;

	MDIO_voidSetPinValue(LCD_RS_PORT, LCD_RS_PIN, DIO_HIGH) ;
    1d50:	81 e0       	ldi	r24, 0x01	; 1
    1d52:	60 e0       	ldi	r22, 0x00	; 0
    1d54:	41 e0       	ldi	r20, 0x01	; 1
    1d56:	0e 94 ed 06 	call	0xdda	; 0xdda <MDIO_voidSetPinValue>
	MDIO_voidSetPinValue(LCD_RW_PORT, LCD_RW_PIN, DIO_LOW) ;
    1d5a:	81 e0       	ldi	r24, 0x01	; 1
    1d5c:	61 e0       	ldi	r22, 0x01	; 1
    1d5e:	40 e0       	ldi	r20, 0x00	; 0
    1d60:	0e 94 ed 06 	call	0xdda	; 0xdda <MDIO_voidSetPinValue>

	MDIO_voidSetPinValue(LCD_PORT, DIO_PIN4, READ_BIT(A_u8Data , 0 )) ;
    1d64:	89 ad       	ldd	r24, Y+57	; 0x39
    1d66:	98 2f       	mov	r25, r24
    1d68:	91 70       	andi	r25, 0x01	; 1
    1d6a:	80 e0       	ldi	r24, 0x00	; 0
    1d6c:	64 e0       	ldi	r22, 0x04	; 4
    1d6e:	49 2f       	mov	r20, r25
    1d70:	0e 94 ed 06 	call	0xdda	; 0xdda <MDIO_voidSetPinValue>
	MDIO_voidSetPinValue(LCD_PORT, DIO_PIN5, READ_BIT(A_u8Data , 1 )) ;
    1d74:	89 ad       	ldd	r24, Y+57	; 0x39
    1d76:	88 2f       	mov	r24, r24
    1d78:	90 e0       	ldi	r25, 0x00	; 0
    1d7a:	82 70       	andi	r24, 0x02	; 2
    1d7c:	90 70       	andi	r25, 0x00	; 0
    1d7e:	95 95       	asr	r25
    1d80:	87 95       	ror	r24
    1d82:	98 2f       	mov	r25, r24
    1d84:	80 e0       	ldi	r24, 0x00	; 0
    1d86:	65 e0       	ldi	r22, 0x05	; 5
    1d88:	49 2f       	mov	r20, r25
    1d8a:	0e 94 ed 06 	call	0xdda	; 0xdda <MDIO_voidSetPinValue>
	MDIO_voidSetPinValue(LCD_PORT, DIO_PIN6, READ_BIT(A_u8Data , 2 )) ;
    1d8e:	89 ad       	ldd	r24, Y+57	; 0x39
    1d90:	88 2f       	mov	r24, r24
    1d92:	90 e0       	ldi	r25, 0x00	; 0
    1d94:	84 70       	andi	r24, 0x04	; 4
    1d96:	90 70       	andi	r25, 0x00	; 0
    1d98:	95 95       	asr	r25
    1d9a:	87 95       	ror	r24
    1d9c:	95 95       	asr	r25
    1d9e:	87 95       	ror	r24
    1da0:	98 2f       	mov	r25, r24
    1da2:	80 e0       	ldi	r24, 0x00	; 0
    1da4:	66 e0       	ldi	r22, 0x06	; 6
    1da6:	49 2f       	mov	r20, r25
    1da8:	0e 94 ed 06 	call	0xdda	; 0xdda <MDIO_voidSetPinValue>
	MDIO_voidSetPinValue(LCD_PORT, DIO_PIN7, READ_BIT(A_u8Data , 3 )) ;
    1dac:	89 ad       	ldd	r24, Y+57	; 0x39
    1dae:	88 2f       	mov	r24, r24
    1db0:	90 e0       	ldi	r25, 0x00	; 0
    1db2:	88 70       	andi	r24, 0x08	; 8
    1db4:	90 70       	andi	r25, 0x00	; 0
    1db6:	95 95       	asr	r25
    1db8:	87 95       	ror	r24
    1dba:	95 95       	asr	r25
    1dbc:	87 95       	ror	r24
    1dbe:	95 95       	asr	r25
    1dc0:	87 95       	ror	r24
    1dc2:	98 2f       	mov	r25, r24
    1dc4:	80 e0       	ldi	r24, 0x00	; 0
    1dc6:	67 e0       	ldi	r22, 0x07	; 7
    1dc8:	49 2f       	mov	r20, r25
    1dca:	0e 94 ed 06 	call	0xdda	; 0xdda <MDIO_voidSetPinValue>

	MDIO_voidSetPinValue(LCD_E_PORT, LCD_E_PIN, DIO_HIGH) ;
    1dce:	81 e0       	ldi	r24, 0x01	; 1
    1dd0:	62 e0       	ldi	r22, 0x02	; 2
    1dd2:	41 e0       	ldi	r20, 0x01	; 1
    1dd4:	0e 94 ed 06 	call	0xdda	; 0xdda <MDIO_voidSetPinValue>
    1dd8:	80 e0       	ldi	r24, 0x00	; 0
    1dda:	90 e0       	ldi	r25, 0x00	; 0
    1ddc:	a0 e8       	ldi	r26, 0x80	; 128
    1dde:	bf e3       	ldi	r27, 0x3F	; 63
    1de0:	89 8f       	std	Y+25, r24	; 0x19
    1de2:	9a 8f       	std	Y+26, r25	; 0x1a
    1de4:	ab 8f       	std	Y+27, r26	; 0x1b
    1de6:	bc 8f       	std	Y+28, r27	; 0x1c
 */
void
_delay_ms(double __ms)
{
	uint16_t __ticks;
	double __tmp = ((F_CPU) / 4e3) * __ms;
    1de8:	69 8d       	ldd	r22, Y+25	; 0x19
    1dea:	7a 8d       	ldd	r23, Y+26	; 0x1a
    1dec:	8b 8d       	ldd	r24, Y+27	; 0x1b
    1dee:	9c 8d       	ldd	r25, Y+28	; 0x1c
    1df0:	20 e0       	ldi	r18, 0x00	; 0
    1df2:	30 e0       	ldi	r19, 0x00	; 0
    1df4:	4a ef       	ldi	r20, 0xFA	; 250
    1df6:	54 e4       	ldi	r21, 0x44	; 68
    1df8:	0e 94 1f 02 	call	0x43e	; 0x43e <__mulsf3>
    1dfc:	dc 01       	movw	r26, r24
    1dfe:	cb 01       	movw	r24, r22
    1e00:	8d 8b       	std	Y+21, r24	; 0x15
    1e02:	9e 8b       	std	Y+22, r25	; 0x16
    1e04:	af 8b       	std	Y+23, r26	; 0x17
    1e06:	b8 8f       	std	Y+24, r27	; 0x18
	if (__tmp < 1.0)
    1e08:	6d 89       	ldd	r22, Y+21	; 0x15
    1e0a:	7e 89       	ldd	r23, Y+22	; 0x16
    1e0c:	8f 89       	ldd	r24, Y+23	; 0x17
    1e0e:	98 8d       	ldd	r25, Y+24	; 0x18
    1e10:	20 e0       	ldi	r18, 0x00	; 0
    1e12:	30 e0       	ldi	r19, 0x00	; 0
    1e14:	40 e8       	ldi	r20, 0x80	; 128
    1e16:	5f e3       	ldi	r21, 0x3F	; 63
    1e18:	0e 94 79 03 	call	0x6f2	; 0x6f2 <__ltsf2>
    1e1c:	88 23       	and	r24, r24
    1e1e:	2c f4       	brge	.+10     	; 0x1e2a <HLCd_voidSendData+0x36a>
		__ticks = 1;
    1e20:	81 e0       	ldi	r24, 0x01	; 1
    1e22:	90 e0       	ldi	r25, 0x00	; 0
    1e24:	9c 8b       	std	Y+20, r25	; 0x14
    1e26:	8b 8b       	std	Y+19, r24	; 0x13
    1e28:	3f c0       	rjmp	.+126    	; 0x1ea8 <HLCd_voidSendData+0x3e8>
	else if (__tmp > 65535)
    1e2a:	6d 89       	ldd	r22, Y+21	; 0x15
    1e2c:	7e 89       	ldd	r23, Y+22	; 0x16
    1e2e:	8f 89       	ldd	r24, Y+23	; 0x17
    1e30:	98 8d       	ldd	r25, Y+24	; 0x18
    1e32:	20 e0       	ldi	r18, 0x00	; 0
    1e34:	3f ef       	ldi	r19, 0xFF	; 255
    1e36:	4f e7       	ldi	r20, 0x7F	; 127
    1e38:	57 e4       	ldi	r21, 0x47	; 71
    1e3a:	0e 94 19 03 	call	0x632	; 0x632 <__gtsf2>
    1e3e:	18 16       	cp	r1, r24
    1e40:	4c f5       	brge	.+82     	; 0x1e94 <HLCd_voidSendData+0x3d4>
	{
		//	__ticks = requested delay in 1/10 ms
		__ticks = (uint16_t) (__ms * 10.0);
    1e42:	69 8d       	ldd	r22, Y+25	; 0x19
    1e44:	7a 8d       	ldd	r23, Y+26	; 0x1a
    1e46:	8b 8d       	ldd	r24, Y+27	; 0x1b
    1e48:	9c 8d       	ldd	r25, Y+28	; 0x1c
    1e4a:	20 e0       	ldi	r18, 0x00	; 0
    1e4c:	30 e0       	ldi	r19, 0x00	; 0
    1e4e:	40 e2       	ldi	r20, 0x20	; 32
    1e50:	51 e4       	ldi	r21, 0x41	; 65
    1e52:	0e 94 1f 02 	call	0x43e	; 0x43e <__mulsf3>
    1e56:	dc 01       	movw	r26, r24
    1e58:	cb 01       	movw	r24, r22
    1e5a:	bc 01       	movw	r22, r24
    1e5c:	cd 01       	movw	r24, r26
    1e5e:	0e 94 49 00 	call	0x92	; 0x92 <__fixunssfsi>
    1e62:	dc 01       	movw	r26, r24
    1e64:	cb 01       	movw	r24, r22
    1e66:	9c 8b       	std	Y+20, r25	; 0x14
    1e68:	8b 8b       	std	Y+19, r24	; 0x13
    1e6a:	0f c0       	rjmp	.+30     	; 0x1e8a <HLCd_voidSendData+0x3ca>
    1e6c:	88 ec       	ldi	r24, 0xC8	; 200
    1e6e:	90 e0       	ldi	r25, 0x00	; 0
    1e70:	9a 8b       	std	Y+18, r25	; 0x12
    1e72:	89 8b       	std	Y+17, r24	; 0x11
    1e74:	89 89       	ldd	r24, Y+17	; 0x11
    1e76:	9a 89       	ldd	r25, Y+18	; 0x12
    1e78:	01 97       	sbiw	r24, 0x01	; 1
    1e7a:	f1 f7       	brne	.-4      	; 0x1e78 <HLCd_voidSendData+0x3b8>
    1e7c:	9a 8b       	std	Y+18, r25	; 0x12
    1e7e:	89 8b       	std	Y+17, r24	; 0x11
		while(__ticks)
		{
			// wait 1/10 ms
			_delay_loop_2(((F_CPU) / 4e3) / 10);
			__ticks --;
    1e80:	8b 89       	ldd	r24, Y+19	; 0x13
    1e82:	9c 89       	ldd	r25, Y+20	; 0x14
    1e84:	01 97       	sbiw	r24, 0x01	; 1
    1e86:	9c 8b       	std	Y+20, r25	; 0x14
    1e88:	8b 8b       	std	Y+19, r24	; 0x13
		__ticks = 1;
	else if (__tmp > 65535)
	{
		//	__ticks = requested delay in 1/10 ms
		__ticks = (uint16_t) (__ms * 10.0);
		while(__ticks)
    1e8a:	8b 89       	ldd	r24, Y+19	; 0x13
    1e8c:	9c 89       	ldd	r25, Y+20	; 0x14
    1e8e:	00 97       	sbiw	r24, 0x00	; 0
    1e90:	69 f7       	brne	.-38     	; 0x1e6c <HLCd_voidSendData+0x3ac>
    1e92:	14 c0       	rjmp	.+40     	; 0x1ebc <HLCd_voidSendData+0x3fc>
			__ticks --;
		}
		return;
	}
	else
		__ticks = (uint16_t)__tmp;
    1e94:	6d 89       	ldd	r22, Y+21	; 0x15
    1e96:	7e 89       	ldd	r23, Y+22	; 0x16
    1e98:	8f 89       	ldd	r24, Y+23	; 0x17
    1e9a:	98 8d       	ldd	r25, Y+24	; 0x18
    1e9c:	0e 94 49 00 	call	0x92	; 0x92 <__fixunssfsi>
    1ea0:	dc 01       	movw	r26, r24
    1ea2:	cb 01       	movw	r24, r22
    1ea4:	9c 8b       	std	Y+20, r25	; 0x14
    1ea6:	8b 8b       	std	Y+19, r24	; 0x13
    1ea8:	8b 89       	ldd	r24, Y+19	; 0x13
    1eaa:	9c 89       	ldd	r25, Y+20	; 0x14
    1eac:	98 8b       	std	Y+16, r25	; 0x10
    1eae:	8f 87       	std	Y+15, r24	; 0x0f
    1eb0:	8f 85       	ldd	r24, Y+15	; 0x0f
    1eb2:	98 89       	ldd	r25, Y+16	; 0x10
    1eb4:	01 97       	sbiw	r24, 0x01	; 1
    1eb6:	f1 f7       	brne	.-4      	; 0x1eb4 <HLCd_voidSendData+0x3f4>
    1eb8:	98 8b       	std	Y+16, r25	; 0x10
    1eba:	8f 87       	std	Y+15, r24	; 0x0f
	_delay_ms(1) ;
	MDIO_voidSetPinValue(LCD_E_PORT, LCD_E_PIN, DIO_LOW) ;
    1ebc:	81 e0       	ldi	r24, 0x01	; 1
    1ebe:	62 e0       	ldi	r22, 0x02	; 2
    1ec0:	40 e0       	ldi	r20, 0x00	; 0
    1ec2:	0e 94 ed 06 	call	0xdda	; 0xdda <MDIO_voidSetPinValue>
    1ec6:	80 e0       	ldi	r24, 0x00	; 0
    1ec8:	90 e0       	ldi	r25, 0x00	; 0
    1eca:	a0 e8       	ldi	r26, 0x80	; 128
    1ecc:	bf e3       	ldi	r27, 0x3F	; 63
    1ece:	8b 87       	std	Y+11, r24	; 0x0b
    1ed0:	9c 87       	std	Y+12, r25	; 0x0c
    1ed2:	ad 87       	std	Y+13, r26	; 0x0d
    1ed4:	be 87       	std	Y+14, r27	; 0x0e
 */
void
_delay_ms(double __ms)
{
	uint16_t __ticks;
	double __tmp = ((F_CPU) / 4e3) * __ms;
    1ed6:	6b 85       	ldd	r22, Y+11	; 0x0b
    1ed8:	7c 85       	ldd	r23, Y+12	; 0x0c
    1eda:	8d 85       	ldd	r24, Y+13	; 0x0d
    1edc:	9e 85       	ldd	r25, Y+14	; 0x0e
    1ede:	20 e0       	ldi	r18, 0x00	; 0
    1ee0:	30 e0       	ldi	r19, 0x00	; 0
    1ee2:	4a ef       	ldi	r20, 0xFA	; 250
    1ee4:	54 e4       	ldi	r21, 0x44	; 68
    1ee6:	0e 94 1f 02 	call	0x43e	; 0x43e <__mulsf3>
    1eea:	dc 01       	movw	r26, r24
    1eec:	cb 01       	movw	r24, r22
    1eee:	8f 83       	std	Y+7, r24	; 0x07
    1ef0:	98 87       	std	Y+8, r25	; 0x08
    1ef2:	a9 87       	std	Y+9, r26	; 0x09
    1ef4:	ba 87       	std	Y+10, r27	; 0x0a
	if (__tmp < 1.0)
    1ef6:	6f 81       	ldd	r22, Y+7	; 0x07
    1ef8:	78 85       	ldd	r23, Y+8	; 0x08
    1efa:	89 85       	ldd	r24, Y+9	; 0x09
    1efc:	9a 85       	ldd	r25, Y+10	; 0x0a
    1efe:	20 e0       	ldi	r18, 0x00	; 0
    1f00:	30 e0       	ldi	r19, 0x00	; 0
    1f02:	40 e8       	ldi	r20, 0x80	; 128
    1f04:	5f e3       	ldi	r21, 0x3F	; 63
    1f06:	0e 94 79 03 	call	0x6f2	; 0x6f2 <__ltsf2>
    1f0a:	88 23       	and	r24, r24
    1f0c:	2c f4       	brge	.+10     	; 0x1f18 <HLCd_voidSendData+0x458>
		__ticks = 1;
    1f0e:	81 e0       	ldi	r24, 0x01	; 1
    1f10:	90 e0       	ldi	r25, 0x00	; 0
    1f12:	9e 83       	std	Y+6, r25	; 0x06
    1f14:	8d 83       	std	Y+5, r24	; 0x05
    1f16:	3f c0       	rjmp	.+126    	; 0x1f96 <HLCd_voidSendData+0x4d6>
	else if (__tmp > 65535)
    1f18:	6f 81       	ldd	r22, Y+7	; 0x07
    1f1a:	78 85       	ldd	r23, Y+8	; 0x08
    1f1c:	89 85       	ldd	r24, Y+9	; 0x09
    1f1e:	9a 85       	ldd	r25, Y+10	; 0x0a
    1f20:	20 e0       	ldi	r18, 0x00	; 0
    1f22:	3f ef       	ldi	r19, 0xFF	; 255
    1f24:	4f e7       	ldi	r20, 0x7F	; 127
    1f26:	57 e4       	ldi	r21, 0x47	; 71
    1f28:	0e 94 19 03 	call	0x632	; 0x632 <__gtsf2>
    1f2c:	18 16       	cp	r1, r24
    1f2e:	4c f5       	brge	.+82     	; 0x1f82 <HLCd_voidSendData+0x4c2>
	{
		//	__ticks = requested delay in 1/10 ms
		__ticks = (uint16_t) (__ms * 10.0);
    1f30:	6b 85       	ldd	r22, Y+11	; 0x0b
    1f32:	7c 85       	ldd	r23, Y+12	; 0x0c
    1f34:	8d 85       	ldd	r24, Y+13	; 0x0d
    1f36:	9e 85       	ldd	r25, Y+14	; 0x0e
    1f38:	20 e0       	ldi	r18, 0x00	; 0
    1f3a:	30 e0       	ldi	r19, 0x00	; 0
    1f3c:	40 e2       	ldi	r20, 0x20	; 32
    1f3e:	51 e4       	ldi	r21, 0x41	; 65
    1f40:	0e 94 1f 02 	call	0x43e	; 0x43e <__mulsf3>
    1f44:	dc 01       	movw	r26, r24
    1f46:	cb 01       	movw	r24, r22
    1f48:	bc 01       	movw	r22, r24
    1f4a:	cd 01       	movw	r24, r26
    1f4c:	0e 94 49 00 	call	0x92	; 0x92 <__fixunssfsi>
    1f50:	dc 01       	movw	r26, r24
    1f52:	cb 01       	movw	r24, r22
    1f54:	9e 83       	std	Y+6, r25	; 0x06
    1f56:	8d 83       	std	Y+5, r24	; 0x05
    1f58:	0f c0       	rjmp	.+30     	; 0x1f78 <HLCd_voidSendData+0x4b8>
    1f5a:	88 ec       	ldi	r24, 0xC8	; 200
    1f5c:	90 e0       	ldi	r25, 0x00	; 0
    1f5e:	9c 83       	std	Y+4, r25	; 0x04
    1f60:	8b 83       	std	Y+3, r24	; 0x03
    1f62:	8b 81       	ldd	r24, Y+3	; 0x03
    1f64:	9c 81       	ldd	r25, Y+4	; 0x04
    1f66:	01 97       	sbiw	r24, 0x01	; 1
    1f68:	f1 f7       	brne	.-4      	; 0x1f66 <HLCd_voidSendData+0x4a6>
    1f6a:	9c 83       	std	Y+4, r25	; 0x04
    1f6c:	8b 83       	std	Y+3, r24	; 0x03
		while(__ticks)
		{
			// wait 1/10 ms
			_delay_loop_2(((F_CPU) / 4e3) / 10);
			__ticks --;
    1f6e:	8d 81       	ldd	r24, Y+5	; 0x05
    1f70:	9e 81       	ldd	r25, Y+6	; 0x06
    1f72:	01 97       	sbiw	r24, 0x01	; 1
    1f74:	9e 83       	std	Y+6, r25	; 0x06
    1f76:	8d 83       	std	Y+5, r24	; 0x05
		__ticks = 1;
	else if (__tmp > 65535)
	{
		//	__ticks = requested delay in 1/10 ms
		__ticks = (uint16_t) (__ms * 10.0);
		while(__ticks)
    1f78:	8d 81       	ldd	r24, Y+5	; 0x05
    1f7a:	9e 81       	ldd	r25, Y+6	; 0x06
    1f7c:	00 97       	sbiw	r24, 0x00	; 0
    1f7e:	69 f7       	brne	.-38     	; 0x1f5a <HLCd_voidSendData+0x49a>
    1f80:	14 c0       	rjmp	.+40     	; 0x1faa <HLCd_voidSendData+0x4ea>
			__ticks --;
		}
		return;
	}
	else
		__ticks = (uint16_t)__tmp;
    1f82:	6f 81       	ldd	r22, Y+7	; 0x07
    1f84:	78 85       	ldd	r23, Y+8	; 0x08
    1f86:	89 85       	ldd	r24, Y+9	; 0x09
    1f88:	9a 85       	ldd	r25, Y+10	; 0x0a
    1f8a:	0e 94 49 00 	call	0x92	; 0x92 <__fixunssfsi>
    1f8e:	dc 01       	movw	r26, r24
    1f90:	cb 01       	movw	r24, r22
    1f92:	9e 83       	std	Y+6, r25	; 0x06
    1f94:	8d 83       	std	Y+5, r24	; 0x05
    1f96:	8d 81       	ldd	r24, Y+5	; 0x05
    1f98:	9e 81       	ldd	r25, Y+6	; 0x06
    1f9a:	9a 83       	std	Y+2, r25	; 0x02
    1f9c:	89 83       	std	Y+1, r24	; 0x01
    1f9e:	89 81       	ldd	r24, Y+1	; 0x01
    1fa0:	9a 81       	ldd	r25, Y+2	; 0x02
    1fa2:	01 97       	sbiw	r24, 0x01	; 1
    1fa4:	f1 f7       	brne	.-4      	; 0x1fa2 <HLCd_voidSendData+0x4e2>
    1fa6:	9a 83       	std	Y+2, r25	; 0x02
    1fa8:	89 83       	std	Y+1, r24	; 0x01
	_delay_ms(1) ;
#else
#error "invalid LCD Mode"
#endif
}
    1faa:	e9 96       	adiw	r28, 0x39	; 57
    1fac:	0f b6       	in	r0, 0x3f	; 63
    1fae:	f8 94       	cli
    1fb0:	de bf       	out	0x3e, r29	; 62
    1fb2:	0f be       	out	0x3f, r0	; 63
    1fb4:	cd bf       	out	0x3d, r28	; 61
    1fb6:	cf 91       	pop	r28
    1fb8:	df 91       	pop	r29
    1fba:	08 95       	ret

00001fbc <HLCD_voidSendCmd>:
void HLCD_voidSendCmd  (u8 A_u8Cmd)
{
    1fbc:	df 93       	push	r29
    1fbe:	cf 93       	push	r28
    1fc0:	cd b7       	in	r28, 0x3d	; 61
    1fc2:	de b7       	in	r29, 0x3e	; 62
    1fc4:	e9 97       	sbiw	r28, 0x39	; 57
    1fc6:	0f b6       	in	r0, 0x3f	; 63
    1fc8:	f8 94       	cli
    1fca:	de bf       	out	0x3e, r29	; 62
    1fcc:	0f be       	out	0x3f, r0	; 63
    1fce:	cd bf       	out	0x3d, r28	; 61
    1fd0:	89 af       	std	Y+57, r24	; 0x39
	MDIO_voidSetPinValue(LCD_E_PORT, LCD_E_PIN, DIO_HIGH) ;
	_delay_ms(1) ;
	MDIO_voidSetPinValue(LCD_E_PORT, LCD_E_PIN, DIO_LOW) ;
	_delay_ms(1) ;
#elif LCD_MODE == 4
	MDIO_voidSetPinValue(LCD_RS_PORT, LCD_RS_PIN, DIO_LOW) ;
    1fd2:	81 e0       	ldi	r24, 0x01	; 1
    1fd4:	60 e0       	ldi	r22, 0x00	; 0
    1fd6:	40 e0       	ldi	r20, 0x00	; 0
    1fd8:	0e 94 ed 06 	call	0xdda	; 0xdda <MDIO_voidSetPinValue>
	MDIO_voidSetPinValue(LCD_RW_PORT, LCD_RW_PIN, DIO_LOW) ;
    1fdc:	81 e0       	ldi	r24, 0x01	; 1
    1fde:	61 e0       	ldi	r22, 0x01	; 1
    1fe0:	40 e0       	ldi	r20, 0x00	; 0
    1fe2:	0e 94 ed 06 	call	0xdda	; 0xdda <MDIO_voidSetPinValue>

	MDIO_voidSetPinValue(LCD_PORT, DIO_PIN4, READ_BIT(A_u8Cmd , 4 )) ;
    1fe6:	89 ad       	ldd	r24, Y+57	; 0x39
    1fe8:	88 2f       	mov	r24, r24
    1fea:	90 e0       	ldi	r25, 0x00	; 0
    1fec:	80 71       	andi	r24, 0x10	; 16
    1fee:	90 70       	andi	r25, 0x00	; 0
    1ff0:	95 95       	asr	r25
    1ff2:	87 95       	ror	r24
    1ff4:	95 95       	asr	r25
    1ff6:	87 95       	ror	r24
    1ff8:	95 95       	asr	r25
    1ffa:	87 95       	ror	r24
    1ffc:	95 95       	asr	r25
    1ffe:	87 95       	ror	r24
    2000:	98 2f       	mov	r25, r24
    2002:	80 e0       	ldi	r24, 0x00	; 0
    2004:	64 e0       	ldi	r22, 0x04	; 4
    2006:	49 2f       	mov	r20, r25
    2008:	0e 94 ed 06 	call	0xdda	; 0xdda <MDIO_voidSetPinValue>
	MDIO_voidSetPinValue(LCD_PORT, DIO_PIN5, READ_BIT(A_u8Cmd , 5 )) ;
    200c:	89 ad       	ldd	r24, Y+57	; 0x39
    200e:	88 2f       	mov	r24, r24
    2010:	90 e0       	ldi	r25, 0x00	; 0
    2012:	80 72       	andi	r24, 0x20	; 32
    2014:	90 70       	andi	r25, 0x00	; 0
    2016:	95 95       	asr	r25
    2018:	87 95       	ror	r24
    201a:	95 95       	asr	r25
    201c:	87 95       	ror	r24
    201e:	95 95       	asr	r25
    2020:	87 95       	ror	r24
    2022:	95 95       	asr	r25
    2024:	87 95       	ror	r24
    2026:	95 95       	asr	r25
    2028:	87 95       	ror	r24
    202a:	98 2f       	mov	r25, r24
    202c:	80 e0       	ldi	r24, 0x00	; 0
    202e:	65 e0       	ldi	r22, 0x05	; 5
    2030:	49 2f       	mov	r20, r25
    2032:	0e 94 ed 06 	call	0xdda	; 0xdda <MDIO_voidSetPinValue>
	MDIO_voidSetPinValue(LCD_PORT, DIO_PIN6, READ_BIT(A_u8Cmd , 6 )) ;
    2036:	89 ad       	ldd	r24, Y+57	; 0x39
    2038:	88 2f       	mov	r24, r24
    203a:	90 e0       	ldi	r25, 0x00	; 0
    203c:	80 74       	andi	r24, 0x40	; 64
    203e:	90 70       	andi	r25, 0x00	; 0
    2040:	08 2e       	mov	r0, r24
    2042:	89 2f       	mov	r24, r25
    2044:	00 0c       	add	r0, r0
    2046:	88 1f       	adc	r24, r24
    2048:	99 0b       	sbc	r25, r25
    204a:	00 0c       	add	r0, r0
    204c:	88 1f       	adc	r24, r24
    204e:	99 1f       	adc	r25, r25
    2050:	98 2f       	mov	r25, r24
    2052:	80 e0       	ldi	r24, 0x00	; 0
    2054:	66 e0       	ldi	r22, 0x06	; 6
    2056:	49 2f       	mov	r20, r25
    2058:	0e 94 ed 06 	call	0xdda	; 0xdda <MDIO_voidSetPinValue>
	MDIO_voidSetPinValue(LCD_PORT, DIO_PIN7, READ_BIT(A_u8Cmd , 7 )) ;
    205c:	89 ad       	ldd	r24, Y+57	; 0x39
    205e:	98 2f       	mov	r25, r24
    2060:	99 1f       	adc	r25, r25
    2062:	99 27       	eor	r25, r25
    2064:	99 1f       	adc	r25, r25
    2066:	80 e0       	ldi	r24, 0x00	; 0
    2068:	67 e0       	ldi	r22, 0x07	; 7
    206a:	49 2f       	mov	r20, r25
    206c:	0e 94 ed 06 	call	0xdda	; 0xdda <MDIO_voidSetPinValue>

	MDIO_voidSetPinValue(LCD_E_PORT, LCD_E_PIN, DIO_HIGH) ;
    2070:	81 e0       	ldi	r24, 0x01	; 1
    2072:	62 e0       	ldi	r22, 0x02	; 2
    2074:	41 e0       	ldi	r20, 0x01	; 1
    2076:	0e 94 ed 06 	call	0xdda	; 0xdda <MDIO_voidSetPinValue>
    207a:	80 e0       	ldi	r24, 0x00	; 0
    207c:	90 e0       	ldi	r25, 0x00	; 0
    207e:	a0 e8       	ldi	r26, 0x80	; 128
    2080:	bf e3       	ldi	r27, 0x3F	; 63
    2082:	8d ab       	std	Y+53, r24	; 0x35
    2084:	9e ab       	std	Y+54, r25	; 0x36
    2086:	af ab       	std	Y+55, r26	; 0x37
    2088:	b8 af       	std	Y+56, r27	; 0x38
 */
void
_delay_ms(double __ms)
{
	uint16_t __ticks;
	double __tmp = ((F_CPU) / 4e3) * __ms;
    208a:	6d a9       	ldd	r22, Y+53	; 0x35
    208c:	7e a9       	ldd	r23, Y+54	; 0x36
    208e:	8f a9       	ldd	r24, Y+55	; 0x37
    2090:	98 ad       	ldd	r25, Y+56	; 0x38
    2092:	20 e0       	ldi	r18, 0x00	; 0
    2094:	30 e0       	ldi	r19, 0x00	; 0
    2096:	4a ef       	ldi	r20, 0xFA	; 250
    2098:	54 e4       	ldi	r21, 0x44	; 68
    209a:	0e 94 1f 02 	call	0x43e	; 0x43e <__mulsf3>
    209e:	dc 01       	movw	r26, r24
    20a0:	cb 01       	movw	r24, r22
    20a2:	89 ab       	std	Y+49, r24	; 0x31
    20a4:	9a ab       	std	Y+50, r25	; 0x32
    20a6:	ab ab       	std	Y+51, r26	; 0x33
    20a8:	bc ab       	std	Y+52, r27	; 0x34
	if (__tmp < 1.0)
    20aa:	69 a9       	ldd	r22, Y+49	; 0x31
    20ac:	7a a9       	ldd	r23, Y+50	; 0x32
    20ae:	8b a9       	ldd	r24, Y+51	; 0x33
    20b0:	9c a9       	ldd	r25, Y+52	; 0x34
    20b2:	20 e0       	ldi	r18, 0x00	; 0
    20b4:	30 e0       	ldi	r19, 0x00	; 0
    20b6:	40 e8       	ldi	r20, 0x80	; 128
    20b8:	5f e3       	ldi	r21, 0x3F	; 63
    20ba:	0e 94 79 03 	call	0x6f2	; 0x6f2 <__ltsf2>
    20be:	88 23       	and	r24, r24
    20c0:	2c f4       	brge	.+10     	; 0x20cc <HLCD_voidSendCmd+0x110>
		__ticks = 1;
    20c2:	81 e0       	ldi	r24, 0x01	; 1
    20c4:	90 e0       	ldi	r25, 0x00	; 0
    20c6:	98 ab       	std	Y+48, r25	; 0x30
    20c8:	8f a7       	std	Y+47, r24	; 0x2f
    20ca:	3f c0       	rjmp	.+126    	; 0x214a <HLCD_voidSendCmd+0x18e>
	else if (__tmp > 65535)
    20cc:	69 a9       	ldd	r22, Y+49	; 0x31
    20ce:	7a a9       	ldd	r23, Y+50	; 0x32
    20d0:	8b a9       	ldd	r24, Y+51	; 0x33
    20d2:	9c a9       	ldd	r25, Y+52	; 0x34
    20d4:	20 e0       	ldi	r18, 0x00	; 0
    20d6:	3f ef       	ldi	r19, 0xFF	; 255
    20d8:	4f e7       	ldi	r20, 0x7F	; 127
    20da:	57 e4       	ldi	r21, 0x47	; 71
    20dc:	0e 94 19 03 	call	0x632	; 0x632 <__gtsf2>
    20e0:	18 16       	cp	r1, r24
    20e2:	4c f5       	brge	.+82     	; 0x2136 <HLCD_voidSendCmd+0x17a>
	{
		//	__ticks = requested delay in 1/10 ms
		__ticks = (uint16_t) (__ms * 10.0);
    20e4:	6d a9       	ldd	r22, Y+53	; 0x35
    20e6:	7e a9       	ldd	r23, Y+54	; 0x36
    20e8:	8f a9       	ldd	r24, Y+55	; 0x37
    20ea:	98 ad       	ldd	r25, Y+56	; 0x38
    20ec:	20 e0       	ldi	r18, 0x00	; 0
    20ee:	30 e0       	ldi	r19, 0x00	; 0
    20f0:	40 e2       	ldi	r20, 0x20	; 32
    20f2:	51 e4       	ldi	r21, 0x41	; 65
    20f4:	0e 94 1f 02 	call	0x43e	; 0x43e <__mulsf3>
    20f8:	dc 01       	movw	r26, r24
    20fa:	cb 01       	movw	r24, r22
    20fc:	bc 01       	movw	r22, r24
    20fe:	cd 01       	movw	r24, r26
    2100:	0e 94 49 00 	call	0x92	; 0x92 <__fixunssfsi>
    2104:	dc 01       	movw	r26, r24
    2106:	cb 01       	movw	r24, r22
    2108:	98 ab       	std	Y+48, r25	; 0x30
    210a:	8f a7       	std	Y+47, r24	; 0x2f
    210c:	0f c0       	rjmp	.+30     	; 0x212c <HLCD_voidSendCmd+0x170>
    210e:	88 ec       	ldi	r24, 0xC8	; 200
    2110:	90 e0       	ldi	r25, 0x00	; 0
    2112:	9e a7       	std	Y+46, r25	; 0x2e
    2114:	8d a7       	std	Y+45, r24	; 0x2d
    2116:	8d a5       	ldd	r24, Y+45	; 0x2d
    2118:	9e a5       	ldd	r25, Y+46	; 0x2e
    211a:	01 97       	sbiw	r24, 0x01	; 1
    211c:	f1 f7       	brne	.-4      	; 0x211a <HLCD_voidSendCmd+0x15e>
    211e:	9e a7       	std	Y+46, r25	; 0x2e
    2120:	8d a7       	std	Y+45, r24	; 0x2d
		while(__ticks)
		{
			// wait 1/10 ms
			_delay_loop_2(((F_CPU) / 4e3) / 10);
			__ticks --;
    2122:	8f a5       	ldd	r24, Y+47	; 0x2f
    2124:	98 a9       	ldd	r25, Y+48	; 0x30
    2126:	01 97       	sbiw	r24, 0x01	; 1
    2128:	98 ab       	std	Y+48, r25	; 0x30
    212a:	8f a7       	std	Y+47, r24	; 0x2f
		__ticks = 1;
	else if (__tmp > 65535)
	{
		//	__ticks = requested delay in 1/10 ms
		__ticks = (uint16_t) (__ms * 10.0);
		while(__ticks)
    212c:	8f a5       	ldd	r24, Y+47	; 0x2f
    212e:	98 a9       	ldd	r25, Y+48	; 0x30
    2130:	00 97       	sbiw	r24, 0x00	; 0
    2132:	69 f7       	brne	.-38     	; 0x210e <HLCD_voidSendCmd+0x152>
    2134:	14 c0       	rjmp	.+40     	; 0x215e <HLCD_voidSendCmd+0x1a2>
			__ticks --;
		}
		return;
	}
	else
		__ticks = (uint16_t)__tmp;
    2136:	69 a9       	ldd	r22, Y+49	; 0x31
    2138:	7a a9       	ldd	r23, Y+50	; 0x32
    213a:	8b a9       	ldd	r24, Y+51	; 0x33
    213c:	9c a9       	ldd	r25, Y+52	; 0x34
    213e:	0e 94 49 00 	call	0x92	; 0x92 <__fixunssfsi>
    2142:	dc 01       	movw	r26, r24
    2144:	cb 01       	movw	r24, r22
    2146:	98 ab       	std	Y+48, r25	; 0x30
    2148:	8f a7       	std	Y+47, r24	; 0x2f
    214a:	8f a5       	ldd	r24, Y+47	; 0x2f
    214c:	98 a9       	ldd	r25, Y+48	; 0x30
    214e:	9c a7       	std	Y+44, r25	; 0x2c
    2150:	8b a7       	std	Y+43, r24	; 0x2b
    2152:	8b a5       	ldd	r24, Y+43	; 0x2b
    2154:	9c a5       	ldd	r25, Y+44	; 0x2c
    2156:	01 97       	sbiw	r24, 0x01	; 1
    2158:	f1 f7       	brne	.-4      	; 0x2156 <HLCD_voidSendCmd+0x19a>
    215a:	9c a7       	std	Y+44, r25	; 0x2c
    215c:	8b a7       	std	Y+43, r24	; 0x2b
	_delay_ms(1) ;
	MDIO_voidSetPinValue(LCD_E_PORT, LCD_E_PIN, DIO_LOW) ;
    215e:	81 e0       	ldi	r24, 0x01	; 1
    2160:	62 e0       	ldi	r22, 0x02	; 2
    2162:	40 e0       	ldi	r20, 0x00	; 0
    2164:	0e 94 ed 06 	call	0xdda	; 0xdda <MDIO_voidSetPinValue>
    2168:	80 e0       	ldi	r24, 0x00	; 0
    216a:	90 e0       	ldi	r25, 0x00	; 0
    216c:	a0 e8       	ldi	r26, 0x80	; 128
    216e:	bf e3       	ldi	r27, 0x3F	; 63
    2170:	8f a3       	std	Y+39, r24	; 0x27
    2172:	98 a7       	std	Y+40, r25	; 0x28
    2174:	a9 a7       	std	Y+41, r26	; 0x29
    2176:	ba a7       	std	Y+42, r27	; 0x2a
 */
void
_delay_ms(double __ms)
{
	uint16_t __ticks;
	double __tmp = ((F_CPU) / 4e3) * __ms;
    2178:	6f a1       	ldd	r22, Y+39	; 0x27
    217a:	78 a5       	ldd	r23, Y+40	; 0x28
    217c:	89 a5       	ldd	r24, Y+41	; 0x29
    217e:	9a a5       	ldd	r25, Y+42	; 0x2a
    2180:	20 e0       	ldi	r18, 0x00	; 0
    2182:	30 e0       	ldi	r19, 0x00	; 0
    2184:	4a ef       	ldi	r20, 0xFA	; 250
    2186:	54 e4       	ldi	r21, 0x44	; 68
    2188:	0e 94 1f 02 	call	0x43e	; 0x43e <__mulsf3>
    218c:	dc 01       	movw	r26, r24
    218e:	cb 01       	movw	r24, r22
    2190:	8b a3       	std	Y+35, r24	; 0x23
    2192:	9c a3       	std	Y+36, r25	; 0x24
    2194:	ad a3       	std	Y+37, r26	; 0x25
    2196:	be a3       	std	Y+38, r27	; 0x26
	if (__tmp < 1.0)
    2198:	6b a1       	ldd	r22, Y+35	; 0x23
    219a:	7c a1       	ldd	r23, Y+36	; 0x24
    219c:	8d a1       	ldd	r24, Y+37	; 0x25
    219e:	9e a1       	ldd	r25, Y+38	; 0x26
    21a0:	20 e0       	ldi	r18, 0x00	; 0
    21a2:	30 e0       	ldi	r19, 0x00	; 0
    21a4:	40 e8       	ldi	r20, 0x80	; 128
    21a6:	5f e3       	ldi	r21, 0x3F	; 63
    21a8:	0e 94 79 03 	call	0x6f2	; 0x6f2 <__ltsf2>
    21ac:	88 23       	and	r24, r24
    21ae:	2c f4       	brge	.+10     	; 0x21ba <HLCD_voidSendCmd+0x1fe>
		__ticks = 1;
    21b0:	81 e0       	ldi	r24, 0x01	; 1
    21b2:	90 e0       	ldi	r25, 0x00	; 0
    21b4:	9a a3       	std	Y+34, r25	; 0x22
    21b6:	89 a3       	std	Y+33, r24	; 0x21
    21b8:	3f c0       	rjmp	.+126    	; 0x2238 <HLCD_voidSendCmd+0x27c>
	else if (__tmp > 65535)
    21ba:	6b a1       	ldd	r22, Y+35	; 0x23
    21bc:	7c a1       	ldd	r23, Y+36	; 0x24
    21be:	8d a1       	ldd	r24, Y+37	; 0x25
    21c0:	9e a1       	ldd	r25, Y+38	; 0x26
    21c2:	20 e0       	ldi	r18, 0x00	; 0
    21c4:	3f ef       	ldi	r19, 0xFF	; 255
    21c6:	4f e7       	ldi	r20, 0x7F	; 127
    21c8:	57 e4       	ldi	r21, 0x47	; 71
    21ca:	0e 94 19 03 	call	0x632	; 0x632 <__gtsf2>
    21ce:	18 16       	cp	r1, r24
    21d0:	4c f5       	brge	.+82     	; 0x2224 <HLCD_voidSendCmd+0x268>
	{
		//	__ticks = requested delay in 1/10 ms
		__ticks = (uint16_t) (__ms * 10.0);
    21d2:	6f a1       	ldd	r22, Y+39	; 0x27
    21d4:	78 a5       	ldd	r23, Y+40	; 0x28
    21d6:	89 a5       	ldd	r24, Y+41	; 0x29
    21d8:	9a a5       	ldd	r25, Y+42	; 0x2a
    21da:	20 e0       	ldi	r18, 0x00	; 0
    21dc:	30 e0       	ldi	r19, 0x00	; 0
    21de:	40 e2       	ldi	r20, 0x20	; 32
    21e0:	51 e4       	ldi	r21, 0x41	; 65
    21e2:	0e 94 1f 02 	call	0x43e	; 0x43e <__mulsf3>
    21e6:	dc 01       	movw	r26, r24
    21e8:	cb 01       	movw	r24, r22
    21ea:	bc 01       	movw	r22, r24
    21ec:	cd 01       	movw	r24, r26
    21ee:	0e 94 49 00 	call	0x92	; 0x92 <__fixunssfsi>
    21f2:	dc 01       	movw	r26, r24
    21f4:	cb 01       	movw	r24, r22
    21f6:	9a a3       	std	Y+34, r25	; 0x22
    21f8:	89 a3       	std	Y+33, r24	; 0x21
    21fa:	0f c0       	rjmp	.+30     	; 0x221a <HLCD_voidSendCmd+0x25e>
    21fc:	88 ec       	ldi	r24, 0xC8	; 200
    21fe:	90 e0       	ldi	r25, 0x00	; 0
    2200:	98 a3       	std	Y+32, r25	; 0x20
    2202:	8f 8f       	std	Y+31, r24	; 0x1f
    2204:	8f 8d       	ldd	r24, Y+31	; 0x1f
    2206:	98 a1       	ldd	r25, Y+32	; 0x20
    2208:	01 97       	sbiw	r24, 0x01	; 1
    220a:	f1 f7       	brne	.-4      	; 0x2208 <HLCD_voidSendCmd+0x24c>
    220c:	98 a3       	std	Y+32, r25	; 0x20
    220e:	8f 8f       	std	Y+31, r24	; 0x1f
		while(__ticks)
		{
			// wait 1/10 ms
			_delay_loop_2(((F_CPU) / 4e3) / 10);
			__ticks --;
    2210:	89 a1       	ldd	r24, Y+33	; 0x21
    2212:	9a a1       	ldd	r25, Y+34	; 0x22
    2214:	01 97       	sbiw	r24, 0x01	; 1
    2216:	9a a3       	std	Y+34, r25	; 0x22
    2218:	89 a3       	std	Y+33, r24	; 0x21
		__ticks = 1;
	else if (__tmp > 65535)
	{
		//	__ticks = requested delay in 1/10 ms
		__ticks = (uint16_t) (__ms * 10.0);
		while(__ticks)
    221a:	89 a1       	ldd	r24, Y+33	; 0x21
    221c:	9a a1       	ldd	r25, Y+34	; 0x22
    221e:	00 97       	sbiw	r24, 0x00	; 0
    2220:	69 f7       	brne	.-38     	; 0x21fc <HLCD_voidSendCmd+0x240>
    2222:	14 c0       	rjmp	.+40     	; 0x224c <HLCD_voidSendCmd+0x290>
			__ticks --;
		}
		return;
	}
	else
		__ticks = (uint16_t)__tmp;
    2224:	6b a1       	ldd	r22, Y+35	; 0x23
    2226:	7c a1       	ldd	r23, Y+36	; 0x24
    2228:	8d a1       	ldd	r24, Y+37	; 0x25
    222a:	9e a1       	ldd	r25, Y+38	; 0x26
    222c:	0e 94 49 00 	call	0x92	; 0x92 <__fixunssfsi>
    2230:	dc 01       	movw	r26, r24
    2232:	cb 01       	movw	r24, r22
    2234:	9a a3       	std	Y+34, r25	; 0x22
    2236:	89 a3       	std	Y+33, r24	; 0x21
    2238:	89 a1       	ldd	r24, Y+33	; 0x21
    223a:	9a a1       	ldd	r25, Y+34	; 0x22
    223c:	9e 8f       	std	Y+30, r25	; 0x1e
    223e:	8d 8f       	std	Y+29, r24	; 0x1d
    2240:	8d 8d       	ldd	r24, Y+29	; 0x1d
    2242:	9e 8d       	ldd	r25, Y+30	; 0x1e
    2244:	01 97       	sbiw	r24, 0x01	; 1
    2246:	f1 f7       	brne	.-4      	; 0x2244 <HLCD_voidSendCmd+0x288>
    2248:	9e 8f       	std	Y+30, r25	; 0x1e
    224a:	8d 8f       	std	Y+29, r24	; 0x1d
	_delay_ms(1) ;

	MDIO_voidSetPinValue(LCD_RS_PORT, LCD_RS_PIN, DIO_LOW) ;
    224c:	81 e0       	ldi	r24, 0x01	; 1
    224e:	60 e0       	ldi	r22, 0x00	; 0
    2250:	40 e0       	ldi	r20, 0x00	; 0
    2252:	0e 94 ed 06 	call	0xdda	; 0xdda <MDIO_voidSetPinValue>
	MDIO_voidSetPinValue(LCD_RW_PORT, LCD_RW_PIN, DIO_LOW) ;
    2256:	81 e0       	ldi	r24, 0x01	; 1
    2258:	61 e0       	ldi	r22, 0x01	; 1
    225a:	40 e0       	ldi	r20, 0x00	; 0
    225c:	0e 94 ed 06 	call	0xdda	; 0xdda <MDIO_voidSetPinValue>

	MDIO_voidSetPinValue(LCD_PORT, DIO_PIN4, READ_BIT(A_u8Cmd , 0 )) ;
    2260:	89 ad       	ldd	r24, Y+57	; 0x39
    2262:	98 2f       	mov	r25, r24
    2264:	91 70       	andi	r25, 0x01	; 1
    2266:	80 e0       	ldi	r24, 0x00	; 0
    2268:	64 e0       	ldi	r22, 0x04	; 4
    226a:	49 2f       	mov	r20, r25
    226c:	0e 94 ed 06 	call	0xdda	; 0xdda <MDIO_voidSetPinValue>
	MDIO_voidSetPinValue(LCD_PORT, DIO_PIN5, READ_BIT(A_u8Cmd , 1 )) ;
    2270:	89 ad       	ldd	r24, Y+57	; 0x39
    2272:	88 2f       	mov	r24, r24
    2274:	90 e0       	ldi	r25, 0x00	; 0
    2276:	82 70       	andi	r24, 0x02	; 2
    2278:	90 70       	andi	r25, 0x00	; 0
    227a:	95 95       	asr	r25
    227c:	87 95       	ror	r24
    227e:	98 2f       	mov	r25, r24
    2280:	80 e0       	ldi	r24, 0x00	; 0
    2282:	65 e0       	ldi	r22, 0x05	; 5
    2284:	49 2f       	mov	r20, r25
    2286:	0e 94 ed 06 	call	0xdda	; 0xdda <MDIO_voidSetPinValue>
	MDIO_voidSetPinValue(LCD_PORT, DIO_PIN6, READ_BIT(A_u8Cmd , 2 )) ;
    228a:	89 ad       	ldd	r24, Y+57	; 0x39
    228c:	88 2f       	mov	r24, r24
    228e:	90 e0       	ldi	r25, 0x00	; 0
    2290:	84 70       	andi	r24, 0x04	; 4
    2292:	90 70       	andi	r25, 0x00	; 0
    2294:	95 95       	asr	r25
    2296:	87 95       	ror	r24
    2298:	95 95       	asr	r25
    229a:	87 95       	ror	r24
    229c:	98 2f       	mov	r25, r24
    229e:	80 e0       	ldi	r24, 0x00	; 0
    22a0:	66 e0       	ldi	r22, 0x06	; 6
    22a2:	49 2f       	mov	r20, r25
    22a4:	0e 94 ed 06 	call	0xdda	; 0xdda <MDIO_voidSetPinValue>
	MDIO_voidSetPinValue(LCD_PORT, DIO_PIN7, READ_BIT(A_u8Cmd , 3 )) ;
    22a8:	89 ad       	ldd	r24, Y+57	; 0x39
    22aa:	88 2f       	mov	r24, r24
    22ac:	90 e0       	ldi	r25, 0x00	; 0
    22ae:	88 70       	andi	r24, 0x08	; 8
    22b0:	90 70       	andi	r25, 0x00	; 0
    22b2:	95 95       	asr	r25
    22b4:	87 95       	ror	r24
    22b6:	95 95       	asr	r25
    22b8:	87 95       	ror	r24
    22ba:	95 95       	asr	r25
    22bc:	87 95       	ror	r24
    22be:	98 2f       	mov	r25, r24
    22c0:	80 e0       	ldi	r24, 0x00	; 0
    22c2:	67 e0       	ldi	r22, 0x07	; 7
    22c4:	49 2f       	mov	r20, r25
    22c6:	0e 94 ed 06 	call	0xdda	; 0xdda <MDIO_voidSetPinValue>

	MDIO_voidSetPinValue(LCD_E_PORT, LCD_E_PIN, DIO_HIGH) ;
    22ca:	81 e0       	ldi	r24, 0x01	; 1
    22cc:	62 e0       	ldi	r22, 0x02	; 2
    22ce:	41 e0       	ldi	r20, 0x01	; 1
    22d0:	0e 94 ed 06 	call	0xdda	; 0xdda <MDIO_voidSetPinValue>
    22d4:	80 e0       	ldi	r24, 0x00	; 0
    22d6:	90 e0       	ldi	r25, 0x00	; 0
    22d8:	a0 e8       	ldi	r26, 0x80	; 128
    22da:	bf e3       	ldi	r27, 0x3F	; 63
    22dc:	89 8f       	std	Y+25, r24	; 0x19
    22de:	9a 8f       	std	Y+26, r25	; 0x1a
    22e0:	ab 8f       	std	Y+27, r26	; 0x1b
    22e2:	bc 8f       	std	Y+28, r27	; 0x1c
 */
void
_delay_ms(double __ms)
{
	uint16_t __ticks;
	double __tmp = ((F_CPU) / 4e3) * __ms;
    22e4:	69 8d       	ldd	r22, Y+25	; 0x19
    22e6:	7a 8d       	ldd	r23, Y+26	; 0x1a
    22e8:	8b 8d       	ldd	r24, Y+27	; 0x1b
    22ea:	9c 8d       	ldd	r25, Y+28	; 0x1c
    22ec:	20 e0       	ldi	r18, 0x00	; 0
    22ee:	30 e0       	ldi	r19, 0x00	; 0
    22f0:	4a ef       	ldi	r20, 0xFA	; 250
    22f2:	54 e4       	ldi	r21, 0x44	; 68
    22f4:	0e 94 1f 02 	call	0x43e	; 0x43e <__mulsf3>
    22f8:	dc 01       	movw	r26, r24
    22fa:	cb 01       	movw	r24, r22
    22fc:	8d 8b       	std	Y+21, r24	; 0x15
    22fe:	9e 8b       	std	Y+22, r25	; 0x16
    2300:	af 8b       	std	Y+23, r26	; 0x17
    2302:	b8 8f       	std	Y+24, r27	; 0x18
	if (__tmp < 1.0)
    2304:	6d 89       	ldd	r22, Y+21	; 0x15
    2306:	7e 89       	ldd	r23, Y+22	; 0x16
    2308:	8f 89       	ldd	r24, Y+23	; 0x17
    230a:	98 8d       	ldd	r25, Y+24	; 0x18
    230c:	20 e0       	ldi	r18, 0x00	; 0
    230e:	30 e0       	ldi	r19, 0x00	; 0
    2310:	40 e8       	ldi	r20, 0x80	; 128
    2312:	5f e3       	ldi	r21, 0x3F	; 63
    2314:	0e 94 79 03 	call	0x6f2	; 0x6f2 <__ltsf2>
    2318:	88 23       	and	r24, r24
    231a:	2c f4       	brge	.+10     	; 0x2326 <HLCD_voidSendCmd+0x36a>
		__ticks = 1;
    231c:	81 e0       	ldi	r24, 0x01	; 1
    231e:	90 e0       	ldi	r25, 0x00	; 0
    2320:	9c 8b       	std	Y+20, r25	; 0x14
    2322:	8b 8b       	std	Y+19, r24	; 0x13
    2324:	3f c0       	rjmp	.+126    	; 0x23a4 <HLCD_voidSendCmd+0x3e8>
	else if (__tmp > 65535)
    2326:	6d 89       	ldd	r22, Y+21	; 0x15
    2328:	7e 89       	ldd	r23, Y+22	; 0x16
    232a:	8f 89       	ldd	r24, Y+23	; 0x17
    232c:	98 8d       	ldd	r25, Y+24	; 0x18
    232e:	20 e0       	ldi	r18, 0x00	; 0
    2330:	3f ef       	ldi	r19, 0xFF	; 255
    2332:	4f e7       	ldi	r20, 0x7F	; 127
    2334:	57 e4       	ldi	r21, 0x47	; 71
    2336:	0e 94 19 03 	call	0x632	; 0x632 <__gtsf2>
    233a:	18 16       	cp	r1, r24
    233c:	4c f5       	brge	.+82     	; 0x2390 <HLCD_voidSendCmd+0x3d4>
	{
		//	__ticks = requested delay in 1/10 ms
		__ticks = (uint16_t) (__ms * 10.0);
    233e:	69 8d       	ldd	r22, Y+25	; 0x19
    2340:	7a 8d       	ldd	r23, Y+26	; 0x1a
    2342:	8b 8d       	ldd	r24, Y+27	; 0x1b
    2344:	9c 8d       	ldd	r25, Y+28	; 0x1c
    2346:	20 e0       	ldi	r18, 0x00	; 0
    2348:	30 e0       	ldi	r19, 0x00	; 0
    234a:	40 e2       	ldi	r20, 0x20	; 32
    234c:	51 e4       	ldi	r21, 0x41	; 65
    234e:	0e 94 1f 02 	call	0x43e	; 0x43e <__mulsf3>
    2352:	dc 01       	movw	r26, r24
    2354:	cb 01       	movw	r24, r22
    2356:	bc 01       	movw	r22, r24
    2358:	cd 01       	movw	r24, r26
    235a:	0e 94 49 00 	call	0x92	; 0x92 <__fixunssfsi>
    235e:	dc 01       	movw	r26, r24
    2360:	cb 01       	movw	r24, r22
    2362:	9c 8b       	std	Y+20, r25	; 0x14
    2364:	8b 8b       	std	Y+19, r24	; 0x13
    2366:	0f c0       	rjmp	.+30     	; 0x2386 <HLCD_voidSendCmd+0x3ca>
    2368:	88 ec       	ldi	r24, 0xC8	; 200
    236a:	90 e0       	ldi	r25, 0x00	; 0
    236c:	9a 8b       	std	Y+18, r25	; 0x12
    236e:	89 8b       	std	Y+17, r24	; 0x11
    2370:	89 89       	ldd	r24, Y+17	; 0x11
    2372:	9a 89       	ldd	r25, Y+18	; 0x12
    2374:	01 97       	sbiw	r24, 0x01	; 1
    2376:	f1 f7       	brne	.-4      	; 0x2374 <HLCD_voidSendCmd+0x3b8>
    2378:	9a 8b       	std	Y+18, r25	; 0x12
    237a:	89 8b       	std	Y+17, r24	; 0x11
		while(__ticks)
		{
			// wait 1/10 ms
			_delay_loop_2(((F_CPU) / 4e3) / 10);
			__ticks --;
    237c:	8b 89       	ldd	r24, Y+19	; 0x13
    237e:	9c 89       	ldd	r25, Y+20	; 0x14
    2380:	01 97       	sbiw	r24, 0x01	; 1
    2382:	9c 8b       	std	Y+20, r25	; 0x14
    2384:	8b 8b       	std	Y+19, r24	; 0x13
		__ticks = 1;
	else if (__tmp > 65535)
	{
		//	__ticks = requested delay in 1/10 ms
		__ticks = (uint16_t) (__ms * 10.0);
		while(__ticks)
    2386:	8b 89       	ldd	r24, Y+19	; 0x13
    2388:	9c 89       	ldd	r25, Y+20	; 0x14
    238a:	00 97       	sbiw	r24, 0x00	; 0
    238c:	69 f7       	brne	.-38     	; 0x2368 <HLCD_voidSendCmd+0x3ac>
    238e:	14 c0       	rjmp	.+40     	; 0x23b8 <HLCD_voidSendCmd+0x3fc>
			__ticks --;
		}
		return;
	}
	else
		__ticks = (uint16_t)__tmp;
    2390:	6d 89       	ldd	r22, Y+21	; 0x15
    2392:	7e 89       	ldd	r23, Y+22	; 0x16
    2394:	8f 89       	ldd	r24, Y+23	; 0x17
    2396:	98 8d       	ldd	r25, Y+24	; 0x18
    2398:	0e 94 49 00 	call	0x92	; 0x92 <__fixunssfsi>
    239c:	dc 01       	movw	r26, r24
    239e:	cb 01       	movw	r24, r22
    23a0:	9c 8b       	std	Y+20, r25	; 0x14
    23a2:	8b 8b       	std	Y+19, r24	; 0x13
    23a4:	8b 89       	ldd	r24, Y+19	; 0x13
    23a6:	9c 89       	ldd	r25, Y+20	; 0x14
    23a8:	98 8b       	std	Y+16, r25	; 0x10
    23aa:	8f 87       	std	Y+15, r24	; 0x0f
    23ac:	8f 85       	ldd	r24, Y+15	; 0x0f
    23ae:	98 89       	ldd	r25, Y+16	; 0x10
    23b0:	01 97       	sbiw	r24, 0x01	; 1
    23b2:	f1 f7       	brne	.-4      	; 0x23b0 <HLCD_voidSendCmd+0x3f4>
    23b4:	98 8b       	std	Y+16, r25	; 0x10
    23b6:	8f 87       	std	Y+15, r24	; 0x0f
	_delay_ms(1) ;
	MDIO_voidSetPinValue(LCD_E_PORT, LCD_E_PIN, DIO_LOW) ;
    23b8:	81 e0       	ldi	r24, 0x01	; 1
    23ba:	62 e0       	ldi	r22, 0x02	; 2
    23bc:	40 e0       	ldi	r20, 0x00	; 0
    23be:	0e 94 ed 06 	call	0xdda	; 0xdda <MDIO_voidSetPinValue>
    23c2:	80 e0       	ldi	r24, 0x00	; 0
    23c4:	90 e0       	ldi	r25, 0x00	; 0
    23c6:	a0 e8       	ldi	r26, 0x80	; 128
    23c8:	bf e3       	ldi	r27, 0x3F	; 63
    23ca:	8b 87       	std	Y+11, r24	; 0x0b
    23cc:	9c 87       	std	Y+12, r25	; 0x0c
    23ce:	ad 87       	std	Y+13, r26	; 0x0d
    23d0:	be 87       	std	Y+14, r27	; 0x0e
 */
void
_delay_ms(double __ms)
{
	uint16_t __ticks;
	double __tmp = ((F_CPU) / 4e3) * __ms;
    23d2:	6b 85       	ldd	r22, Y+11	; 0x0b
    23d4:	7c 85       	ldd	r23, Y+12	; 0x0c
    23d6:	8d 85       	ldd	r24, Y+13	; 0x0d
    23d8:	9e 85       	ldd	r25, Y+14	; 0x0e
    23da:	20 e0       	ldi	r18, 0x00	; 0
    23dc:	30 e0       	ldi	r19, 0x00	; 0
    23de:	4a ef       	ldi	r20, 0xFA	; 250
    23e0:	54 e4       	ldi	r21, 0x44	; 68
    23e2:	0e 94 1f 02 	call	0x43e	; 0x43e <__mulsf3>
    23e6:	dc 01       	movw	r26, r24
    23e8:	cb 01       	movw	r24, r22
    23ea:	8f 83       	std	Y+7, r24	; 0x07
    23ec:	98 87       	std	Y+8, r25	; 0x08
    23ee:	a9 87       	std	Y+9, r26	; 0x09
    23f0:	ba 87       	std	Y+10, r27	; 0x0a
	if (__tmp < 1.0)
    23f2:	6f 81       	ldd	r22, Y+7	; 0x07
    23f4:	78 85       	ldd	r23, Y+8	; 0x08
    23f6:	89 85       	ldd	r24, Y+9	; 0x09
    23f8:	9a 85       	ldd	r25, Y+10	; 0x0a
    23fa:	20 e0       	ldi	r18, 0x00	; 0
    23fc:	30 e0       	ldi	r19, 0x00	; 0
    23fe:	40 e8       	ldi	r20, 0x80	; 128
    2400:	5f e3       	ldi	r21, 0x3F	; 63
    2402:	0e 94 79 03 	call	0x6f2	; 0x6f2 <__ltsf2>
    2406:	88 23       	and	r24, r24
    2408:	2c f4       	brge	.+10     	; 0x2414 <HLCD_voidSendCmd+0x458>
		__ticks = 1;
    240a:	81 e0       	ldi	r24, 0x01	; 1
    240c:	90 e0       	ldi	r25, 0x00	; 0
    240e:	9e 83       	std	Y+6, r25	; 0x06
    2410:	8d 83       	std	Y+5, r24	; 0x05
    2412:	3f c0       	rjmp	.+126    	; 0x2492 <HLCD_voidSendCmd+0x4d6>
	else if (__tmp > 65535)
    2414:	6f 81       	ldd	r22, Y+7	; 0x07
    2416:	78 85       	ldd	r23, Y+8	; 0x08
    2418:	89 85       	ldd	r24, Y+9	; 0x09
    241a:	9a 85       	ldd	r25, Y+10	; 0x0a
    241c:	20 e0       	ldi	r18, 0x00	; 0
    241e:	3f ef       	ldi	r19, 0xFF	; 255
    2420:	4f e7       	ldi	r20, 0x7F	; 127
    2422:	57 e4       	ldi	r21, 0x47	; 71
    2424:	0e 94 19 03 	call	0x632	; 0x632 <__gtsf2>
    2428:	18 16       	cp	r1, r24
    242a:	4c f5       	brge	.+82     	; 0x247e <HLCD_voidSendCmd+0x4c2>
	{
		//	__ticks = requested delay in 1/10 ms
		__ticks = (uint16_t) (__ms * 10.0);
    242c:	6b 85       	ldd	r22, Y+11	; 0x0b
    242e:	7c 85       	ldd	r23, Y+12	; 0x0c
    2430:	8d 85       	ldd	r24, Y+13	; 0x0d
    2432:	9e 85       	ldd	r25, Y+14	; 0x0e
    2434:	20 e0       	ldi	r18, 0x00	; 0
    2436:	30 e0       	ldi	r19, 0x00	; 0
    2438:	40 e2       	ldi	r20, 0x20	; 32
    243a:	51 e4       	ldi	r21, 0x41	; 65
    243c:	0e 94 1f 02 	call	0x43e	; 0x43e <__mulsf3>
    2440:	dc 01       	movw	r26, r24
    2442:	cb 01       	movw	r24, r22
    2444:	bc 01       	movw	r22, r24
    2446:	cd 01       	movw	r24, r26
    2448:	0e 94 49 00 	call	0x92	; 0x92 <__fixunssfsi>
    244c:	dc 01       	movw	r26, r24
    244e:	cb 01       	movw	r24, r22
    2450:	9e 83       	std	Y+6, r25	; 0x06
    2452:	8d 83       	std	Y+5, r24	; 0x05
    2454:	0f c0       	rjmp	.+30     	; 0x2474 <HLCD_voidSendCmd+0x4b8>
    2456:	88 ec       	ldi	r24, 0xC8	; 200
    2458:	90 e0       	ldi	r25, 0x00	; 0
    245a:	9c 83       	std	Y+4, r25	; 0x04
    245c:	8b 83       	std	Y+3, r24	; 0x03
    245e:	8b 81       	ldd	r24, Y+3	; 0x03
    2460:	9c 81       	ldd	r25, Y+4	; 0x04
    2462:	01 97       	sbiw	r24, 0x01	; 1
    2464:	f1 f7       	brne	.-4      	; 0x2462 <HLCD_voidSendCmd+0x4a6>
    2466:	9c 83       	std	Y+4, r25	; 0x04
    2468:	8b 83       	std	Y+3, r24	; 0x03
		while(__ticks)
		{
			// wait 1/10 ms
			_delay_loop_2(((F_CPU) / 4e3) / 10);
			__ticks --;
    246a:	8d 81       	ldd	r24, Y+5	; 0x05
    246c:	9e 81       	ldd	r25, Y+6	; 0x06
    246e:	01 97       	sbiw	r24, 0x01	; 1
    2470:	9e 83       	std	Y+6, r25	; 0x06
    2472:	8d 83       	std	Y+5, r24	; 0x05
		__ticks = 1;
	else if (__tmp > 65535)
	{
		//	__ticks = requested delay in 1/10 ms
		__ticks = (uint16_t) (__ms * 10.0);
		while(__ticks)
    2474:	8d 81       	ldd	r24, Y+5	; 0x05
    2476:	9e 81       	ldd	r25, Y+6	; 0x06
    2478:	00 97       	sbiw	r24, 0x00	; 0
    247a:	69 f7       	brne	.-38     	; 0x2456 <HLCD_voidSendCmd+0x49a>
    247c:	14 c0       	rjmp	.+40     	; 0x24a6 <HLCD_voidSendCmd+0x4ea>
			__ticks --;
		}
		return;
	}
	else
		__ticks = (uint16_t)__tmp;
    247e:	6f 81       	ldd	r22, Y+7	; 0x07
    2480:	78 85       	ldd	r23, Y+8	; 0x08
    2482:	89 85       	ldd	r24, Y+9	; 0x09
    2484:	9a 85       	ldd	r25, Y+10	; 0x0a
    2486:	0e 94 49 00 	call	0x92	; 0x92 <__fixunssfsi>
    248a:	dc 01       	movw	r26, r24
    248c:	cb 01       	movw	r24, r22
    248e:	9e 83       	std	Y+6, r25	; 0x06
    2490:	8d 83       	std	Y+5, r24	; 0x05
    2492:	8d 81       	ldd	r24, Y+5	; 0x05
    2494:	9e 81       	ldd	r25, Y+6	; 0x06
    2496:	9a 83       	std	Y+2, r25	; 0x02
    2498:	89 83       	std	Y+1, r24	; 0x01
    249a:	89 81       	ldd	r24, Y+1	; 0x01
    249c:	9a 81       	ldd	r25, Y+2	; 0x02
    249e:	01 97       	sbiw	r24, 0x01	; 1
    24a0:	f1 f7       	brne	.-4      	; 0x249e <HLCD_voidSendCmd+0x4e2>
    24a2:	9a 83       	std	Y+2, r25	; 0x02
    24a4:	89 83       	std	Y+1, r24	; 0x01
	_delay_ms(1) ;
#else
#error "invalid LCD Mode"
#endif
}
    24a6:	e9 96       	adiw	r28, 0x39	; 57
    24a8:	0f b6       	in	r0, 0x3f	; 63
    24aa:	f8 94       	cli
    24ac:	de bf       	out	0x3e, r29	; 62
    24ae:	0f be       	out	0x3f, r0	; 63
    24b0:	cd bf       	out	0x3d, r28	; 61
    24b2:	cf 91       	pop	r28
    24b4:	df 91       	pop	r29
    24b6:	08 95       	ret

000024b8 <HLCD_voidDisplayStr>:
void HLCD_voidDisplayStr (u8* AP_u8Str)
{
    24b8:	df 93       	push	r29
    24ba:	cf 93       	push	r28
    24bc:	00 d0       	rcall	.+0      	; 0x24be <HLCD_voidDisplayStr+0x6>
    24be:	0f 92       	push	r0
    24c0:	cd b7       	in	r28, 0x3d	; 61
    24c2:	de b7       	in	r29, 0x3e	; 62
    24c4:	9b 83       	std	Y+3, r25	; 0x03
    24c6:	8a 83       	std	Y+2, r24	; 0x02
	u8 L_u8Iterator  = 0;
    24c8:	19 82       	std	Y+1, r1	; 0x01
    24ca:	0e c0       	rjmp	.+28     	; 0x24e8 <HLCD_voidDisplayStr+0x30>
	while (AP_u8Str[L_u8Iterator] != '\0')
	{
		HLCd_voidSendData(AP_u8Str[L_u8Iterator]) ;
    24cc:	89 81       	ldd	r24, Y+1	; 0x01
    24ce:	28 2f       	mov	r18, r24
    24d0:	30 e0       	ldi	r19, 0x00	; 0
    24d2:	8a 81       	ldd	r24, Y+2	; 0x02
    24d4:	9b 81       	ldd	r25, Y+3	; 0x03
    24d6:	fc 01       	movw	r30, r24
    24d8:	e2 0f       	add	r30, r18
    24da:	f3 1f       	adc	r31, r19
    24dc:	80 81       	ld	r24, Z
    24de:	0e 94 60 0d 	call	0x1ac0	; 0x1ac0 <HLCd_voidSendData>
		L_u8Iterator ++ ;
    24e2:	89 81       	ldd	r24, Y+1	; 0x01
    24e4:	8f 5f       	subi	r24, 0xFF	; 255
    24e6:	89 83       	std	Y+1, r24	; 0x01
#endif
}
void HLCD_voidDisplayStr (u8* AP_u8Str)
{
	u8 L_u8Iterator  = 0;
	while (AP_u8Str[L_u8Iterator] != '\0')
    24e8:	89 81       	ldd	r24, Y+1	; 0x01
    24ea:	28 2f       	mov	r18, r24
    24ec:	30 e0       	ldi	r19, 0x00	; 0
    24ee:	8a 81       	ldd	r24, Y+2	; 0x02
    24f0:	9b 81       	ldd	r25, Y+3	; 0x03
    24f2:	fc 01       	movw	r30, r24
    24f4:	e2 0f       	add	r30, r18
    24f6:	f3 1f       	adc	r31, r19
    24f8:	80 81       	ld	r24, Z
    24fa:	88 23       	and	r24, r24
    24fc:	39 f7       	brne	.-50     	; 0x24cc <HLCD_voidDisplayStr+0x14>
	{
		HLCd_voidSendData(AP_u8Str[L_u8Iterator]) ;
		L_u8Iterator ++ ;
	}
}
    24fe:	0f 90       	pop	r0
    2500:	0f 90       	pop	r0
    2502:	0f 90       	pop	r0
    2504:	cf 91       	pop	r28
    2506:	df 91       	pop	r29
    2508:	08 95       	ret

0000250a <HLCD_voidClrDisplay>:
void HLCD_voidClrDisplay        (void)
{
    250a:	df 93       	push	r29
    250c:	cf 93       	push	r28
    250e:	cd b7       	in	r28, 0x3d	; 61
    2510:	de b7       	in	r29, 0x3e	; 62
    2512:	2e 97       	sbiw	r28, 0x0e	; 14
    2514:	0f b6       	in	r0, 0x3f	; 63
    2516:	f8 94       	cli
    2518:	de bf       	out	0x3e, r29	; 62
    251a:	0f be       	out	0x3f, r0	; 63
    251c:	cd bf       	out	0x3d, r28	; 61
	HLCD_voidSendCmd(0x01) ;
    251e:	81 e0       	ldi	r24, 0x01	; 1
    2520:	0e 94 de 0f 	call	0x1fbc	; 0x1fbc <HLCD_voidSendCmd>
    2524:	80 e0       	ldi	r24, 0x00	; 0
    2526:	90 e0       	ldi	r25, 0x00	; 0
    2528:	a0 e8       	ldi	r26, 0x80	; 128
    252a:	b0 e4       	ldi	r27, 0x40	; 64
    252c:	8b 87       	std	Y+11, r24	; 0x0b
    252e:	9c 87       	std	Y+12, r25	; 0x0c
    2530:	ad 87       	std	Y+13, r26	; 0x0d
    2532:	be 87       	std	Y+14, r27	; 0x0e
 */
void
_delay_ms(double __ms)
{
	uint16_t __ticks;
	double __tmp = ((F_CPU) / 4e3) * __ms;
    2534:	6b 85       	ldd	r22, Y+11	; 0x0b
    2536:	7c 85       	ldd	r23, Y+12	; 0x0c
    2538:	8d 85       	ldd	r24, Y+13	; 0x0d
    253a:	9e 85       	ldd	r25, Y+14	; 0x0e
    253c:	20 e0       	ldi	r18, 0x00	; 0
    253e:	30 e0       	ldi	r19, 0x00	; 0
    2540:	4a ef       	ldi	r20, 0xFA	; 250
    2542:	54 e4       	ldi	r21, 0x44	; 68
    2544:	0e 94 1f 02 	call	0x43e	; 0x43e <__mulsf3>
    2548:	dc 01       	movw	r26, r24
    254a:	cb 01       	movw	r24, r22
    254c:	8f 83       	std	Y+7, r24	; 0x07
    254e:	98 87       	std	Y+8, r25	; 0x08
    2550:	a9 87       	std	Y+9, r26	; 0x09
    2552:	ba 87       	std	Y+10, r27	; 0x0a
	if (__tmp < 1.0)
    2554:	6f 81       	ldd	r22, Y+7	; 0x07
    2556:	78 85       	ldd	r23, Y+8	; 0x08
    2558:	89 85       	ldd	r24, Y+9	; 0x09
    255a:	9a 85       	ldd	r25, Y+10	; 0x0a
    255c:	20 e0       	ldi	r18, 0x00	; 0
    255e:	30 e0       	ldi	r19, 0x00	; 0
    2560:	40 e8       	ldi	r20, 0x80	; 128
    2562:	5f e3       	ldi	r21, 0x3F	; 63
    2564:	0e 94 79 03 	call	0x6f2	; 0x6f2 <__ltsf2>
    2568:	88 23       	and	r24, r24
    256a:	2c f4       	brge	.+10     	; 0x2576 <HLCD_voidClrDisplay+0x6c>
		__ticks = 1;
    256c:	81 e0       	ldi	r24, 0x01	; 1
    256e:	90 e0       	ldi	r25, 0x00	; 0
    2570:	9e 83       	std	Y+6, r25	; 0x06
    2572:	8d 83       	std	Y+5, r24	; 0x05
    2574:	3f c0       	rjmp	.+126    	; 0x25f4 <HLCD_voidClrDisplay+0xea>
	else if (__tmp > 65535)
    2576:	6f 81       	ldd	r22, Y+7	; 0x07
    2578:	78 85       	ldd	r23, Y+8	; 0x08
    257a:	89 85       	ldd	r24, Y+9	; 0x09
    257c:	9a 85       	ldd	r25, Y+10	; 0x0a
    257e:	20 e0       	ldi	r18, 0x00	; 0
    2580:	3f ef       	ldi	r19, 0xFF	; 255
    2582:	4f e7       	ldi	r20, 0x7F	; 127
    2584:	57 e4       	ldi	r21, 0x47	; 71
    2586:	0e 94 19 03 	call	0x632	; 0x632 <__gtsf2>
    258a:	18 16       	cp	r1, r24
    258c:	4c f5       	brge	.+82     	; 0x25e0 <HLCD_voidClrDisplay+0xd6>
	{
		//	__ticks = requested delay in 1/10 ms
		__ticks = (uint16_t) (__ms * 10.0);
    258e:	6b 85       	ldd	r22, Y+11	; 0x0b
    2590:	7c 85       	ldd	r23, Y+12	; 0x0c
    2592:	8d 85       	ldd	r24, Y+13	; 0x0d
    2594:	9e 85       	ldd	r25, Y+14	; 0x0e
    2596:	20 e0       	ldi	r18, 0x00	; 0
    2598:	30 e0       	ldi	r19, 0x00	; 0
    259a:	40 e2       	ldi	r20, 0x20	; 32
    259c:	51 e4       	ldi	r21, 0x41	; 65
    259e:	0e 94 1f 02 	call	0x43e	; 0x43e <__mulsf3>
    25a2:	dc 01       	movw	r26, r24
    25a4:	cb 01       	movw	r24, r22
    25a6:	bc 01       	movw	r22, r24
    25a8:	cd 01       	movw	r24, r26
    25aa:	0e 94 49 00 	call	0x92	; 0x92 <__fixunssfsi>
    25ae:	dc 01       	movw	r26, r24
    25b0:	cb 01       	movw	r24, r22
    25b2:	9e 83       	std	Y+6, r25	; 0x06
    25b4:	8d 83       	std	Y+5, r24	; 0x05
    25b6:	0f c0       	rjmp	.+30     	; 0x25d6 <HLCD_voidClrDisplay+0xcc>
    25b8:	88 ec       	ldi	r24, 0xC8	; 200
    25ba:	90 e0       	ldi	r25, 0x00	; 0
    25bc:	9c 83       	std	Y+4, r25	; 0x04
    25be:	8b 83       	std	Y+3, r24	; 0x03
    25c0:	8b 81       	ldd	r24, Y+3	; 0x03
    25c2:	9c 81       	ldd	r25, Y+4	; 0x04
    25c4:	01 97       	sbiw	r24, 0x01	; 1
    25c6:	f1 f7       	brne	.-4      	; 0x25c4 <HLCD_voidClrDisplay+0xba>
    25c8:	9c 83       	std	Y+4, r25	; 0x04
    25ca:	8b 83       	std	Y+3, r24	; 0x03
		while(__ticks)
		{
			// wait 1/10 ms
			_delay_loop_2(((F_CPU) / 4e3) / 10);
			__ticks --;
    25cc:	8d 81       	ldd	r24, Y+5	; 0x05
    25ce:	9e 81       	ldd	r25, Y+6	; 0x06
    25d0:	01 97       	sbiw	r24, 0x01	; 1
    25d2:	9e 83       	std	Y+6, r25	; 0x06
    25d4:	8d 83       	std	Y+5, r24	; 0x05
		__ticks = 1;
	else if (__tmp > 65535)
	{
		//	__ticks = requested delay in 1/10 ms
		__ticks = (uint16_t) (__ms * 10.0);
		while(__ticks)
    25d6:	8d 81       	ldd	r24, Y+5	; 0x05
    25d8:	9e 81       	ldd	r25, Y+6	; 0x06
    25da:	00 97       	sbiw	r24, 0x00	; 0
    25dc:	69 f7       	brne	.-38     	; 0x25b8 <HLCD_voidClrDisplay+0xae>
    25de:	14 c0       	rjmp	.+40     	; 0x2608 <HLCD_voidClrDisplay+0xfe>
			__ticks --;
		}
		return;
	}
	else
		__ticks = (uint16_t)__tmp;
    25e0:	6f 81       	ldd	r22, Y+7	; 0x07
    25e2:	78 85       	ldd	r23, Y+8	; 0x08
    25e4:	89 85       	ldd	r24, Y+9	; 0x09
    25e6:	9a 85       	ldd	r25, Y+10	; 0x0a
    25e8:	0e 94 49 00 	call	0x92	; 0x92 <__fixunssfsi>
    25ec:	dc 01       	movw	r26, r24
    25ee:	cb 01       	movw	r24, r22
    25f0:	9e 83       	std	Y+6, r25	; 0x06
    25f2:	8d 83       	std	Y+5, r24	; 0x05
    25f4:	8d 81       	ldd	r24, Y+5	; 0x05
    25f6:	9e 81       	ldd	r25, Y+6	; 0x06
    25f8:	9a 83       	std	Y+2, r25	; 0x02
    25fa:	89 83       	std	Y+1, r24	; 0x01
    25fc:	89 81       	ldd	r24, Y+1	; 0x01
    25fe:	9a 81       	ldd	r25, Y+2	; 0x02
    2600:	01 97       	sbiw	r24, 0x01	; 1
    2602:	f1 f7       	brne	.-4      	; 0x2600 <HLCD_voidClrDisplay+0xf6>
    2604:	9a 83       	std	Y+2, r25	; 0x02
    2606:	89 83       	std	Y+1, r24	; 0x01
	_delay_ms(4) ;
}
    2608:	2e 96       	adiw	r28, 0x0e	; 14
    260a:	0f b6       	in	r0, 0x3f	; 63
    260c:	f8 94       	cli
    260e:	de bf       	out	0x3e, r29	; 62
    2610:	0f be       	out	0x3f, r0	; 63
    2612:	cd bf       	out	0x3d, r28	; 61
    2614:	cf 91       	pop	r28
    2616:	df 91       	pop	r29
    2618:	08 95       	ret

0000261a <HLCD_voidShiftDisplayLeft>:
void HLCD_voidShiftDisplayLeft  (void)
{
    261a:	df 93       	push	r29
    261c:	cf 93       	push	r28
    261e:	cd b7       	in	r28, 0x3d	; 61
    2620:	de b7       	in	r29, 0x3e	; 62
    2622:	2e 97       	sbiw	r28, 0x0e	; 14
    2624:	0f b6       	in	r0, 0x3f	; 63
    2626:	f8 94       	cli
    2628:	de bf       	out	0x3e, r29	; 62
    262a:	0f be       	out	0x3f, r0	; 63
    262c:	cd bf       	out	0x3d, r28	; 61
	HLCD_voidSendCmd(0x18) ;
    262e:	88 e1       	ldi	r24, 0x18	; 24
    2630:	0e 94 de 0f 	call	0x1fbc	; 0x1fbc <HLCD_voidSendCmd>
    2634:	80 e0       	ldi	r24, 0x00	; 0
    2636:	90 e0       	ldi	r25, 0x00	; 0
    2638:	a0 e8       	ldi	r26, 0x80	; 128
    263a:	bf e3       	ldi	r27, 0x3F	; 63
    263c:	8b 87       	std	Y+11, r24	; 0x0b
    263e:	9c 87       	std	Y+12, r25	; 0x0c
    2640:	ad 87       	std	Y+13, r26	; 0x0d
    2642:	be 87       	std	Y+14, r27	; 0x0e
 */
void
_delay_ms(double __ms)
{
	uint16_t __ticks;
	double __tmp = ((F_CPU) / 4e3) * __ms;
    2644:	6b 85       	ldd	r22, Y+11	; 0x0b
    2646:	7c 85       	ldd	r23, Y+12	; 0x0c
    2648:	8d 85       	ldd	r24, Y+13	; 0x0d
    264a:	9e 85       	ldd	r25, Y+14	; 0x0e
    264c:	20 e0       	ldi	r18, 0x00	; 0
    264e:	30 e0       	ldi	r19, 0x00	; 0
    2650:	4a ef       	ldi	r20, 0xFA	; 250
    2652:	54 e4       	ldi	r21, 0x44	; 68
    2654:	0e 94 1f 02 	call	0x43e	; 0x43e <__mulsf3>
    2658:	dc 01       	movw	r26, r24
    265a:	cb 01       	movw	r24, r22
    265c:	8f 83       	std	Y+7, r24	; 0x07
    265e:	98 87       	std	Y+8, r25	; 0x08
    2660:	a9 87       	std	Y+9, r26	; 0x09
    2662:	ba 87       	std	Y+10, r27	; 0x0a
	if (__tmp < 1.0)
    2664:	6f 81       	ldd	r22, Y+7	; 0x07
    2666:	78 85       	ldd	r23, Y+8	; 0x08
    2668:	89 85       	ldd	r24, Y+9	; 0x09
    266a:	9a 85       	ldd	r25, Y+10	; 0x0a
    266c:	20 e0       	ldi	r18, 0x00	; 0
    266e:	30 e0       	ldi	r19, 0x00	; 0
    2670:	40 e8       	ldi	r20, 0x80	; 128
    2672:	5f e3       	ldi	r21, 0x3F	; 63
    2674:	0e 94 79 03 	call	0x6f2	; 0x6f2 <__ltsf2>
    2678:	88 23       	and	r24, r24
    267a:	2c f4       	brge	.+10     	; 0x2686 <HLCD_voidShiftDisplayLeft+0x6c>
		__ticks = 1;
    267c:	81 e0       	ldi	r24, 0x01	; 1
    267e:	90 e0       	ldi	r25, 0x00	; 0
    2680:	9e 83       	std	Y+6, r25	; 0x06
    2682:	8d 83       	std	Y+5, r24	; 0x05
    2684:	3f c0       	rjmp	.+126    	; 0x2704 <HLCD_voidShiftDisplayLeft+0xea>
	else if (__tmp > 65535)
    2686:	6f 81       	ldd	r22, Y+7	; 0x07
    2688:	78 85       	ldd	r23, Y+8	; 0x08
    268a:	89 85       	ldd	r24, Y+9	; 0x09
    268c:	9a 85       	ldd	r25, Y+10	; 0x0a
    268e:	20 e0       	ldi	r18, 0x00	; 0
    2690:	3f ef       	ldi	r19, 0xFF	; 255
    2692:	4f e7       	ldi	r20, 0x7F	; 127
    2694:	57 e4       	ldi	r21, 0x47	; 71
    2696:	0e 94 19 03 	call	0x632	; 0x632 <__gtsf2>
    269a:	18 16       	cp	r1, r24
    269c:	4c f5       	brge	.+82     	; 0x26f0 <HLCD_voidShiftDisplayLeft+0xd6>
	{
		//	__ticks = requested delay in 1/10 ms
		__ticks = (uint16_t) (__ms * 10.0);
    269e:	6b 85       	ldd	r22, Y+11	; 0x0b
    26a0:	7c 85       	ldd	r23, Y+12	; 0x0c
    26a2:	8d 85       	ldd	r24, Y+13	; 0x0d
    26a4:	9e 85       	ldd	r25, Y+14	; 0x0e
    26a6:	20 e0       	ldi	r18, 0x00	; 0
    26a8:	30 e0       	ldi	r19, 0x00	; 0
    26aa:	40 e2       	ldi	r20, 0x20	; 32
    26ac:	51 e4       	ldi	r21, 0x41	; 65
    26ae:	0e 94 1f 02 	call	0x43e	; 0x43e <__mulsf3>
    26b2:	dc 01       	movw	r26, r24
    26b4:	cb 01       	movw	r24, r22
    26b6:	bc 01       	movw	r22, r24
    26b8:	cd 01       	movw	r24, r26
    26ba:	0e 94 49 00 	call	0x92	; 0x92 <__fixunssfsi>
    26be:	dc 01       	movw	r26, r24
    26c0:	cb 01       	movw	r24, r22
    26c2:	9e 83       	std	Y+6, r25	; 0x06
    26c4:	8d 83       	std	Y+5, r24	; 0x05
    26c6:	0f c0       	rjmp	.+30     	; 0x26e6 <HLCD_voidShiftDisplayLeft+0xcc>
    26c8:	88 ec       	ldi	r24, 0xC8	; 200
    26ca:	90 e0       	ldi	r25, 0x00	; 0
    26cc:	9c 83       	std	Y+4, r25	; 0x04
    26ce:	8b 83       	std	Y+3, r24	; 0x03
    26d0:	8b 81       	ldd	r24, Y+3	; 0x03
    26d2:	9c 81       	ldd	r25, Y+4	; 0x04
    26d4:	01 97       	sbiw	r24, 0x01	; 1
    26d6:	f1 f7       	brne	.-4      	; 0x26d4 <HLCD_voidShiftDisplayLeft+0xba>
    26d8:	9c 83       	std	Y+4, r25	; 0x04
    26da:	8b 83       	std	Y+3, r24	; 0x03
		while(__ticks)
		{
			// wait 1/10 ms
			_delay_loop_2(((F_CPU) / 4e3) / 10);
			__ticks --;
    26dc:	8d 81       	ldd	r24, Y+5	; 0x05
    26de:	9e 81       	ldd	r25, Y+6	; 0x06
    26e0:	01 97       	sbiw	r24, 0x01	; 1
    26e2:	9e 83       	std	Y+6, r25	; 0x06
    26e4:	8d 83       	std	Y+5, r24	; 0x05
		__ticks = 1;
	else if (__tmp > 65535)
	{
		//	__ticks = requested delay in 1/10 ms
		__ticks = (uint16_t) (__ms * 10.0);
		while(__ticks)
    26e6:	8d 81       	ldd	r24, Y+5	; 0x05
    26e8:	9e 81       	ldd	r25, Y+6	; 0x06
    26ea:	00 97       	sbiw	r24, 0x00	; 0
    26ec:	69 f7       	brne	.-38     	; 0x26c8 <HLCD_voidShiftDisplayLeft+0xae>
    26ee:	14 c0       	rjmp	.+40     	; 0x2718 <HLCD_voidShiftDisplayLeft+0xfe>
			__ticks --;
		}
		return;
	}
	else
		__ticks = (uint16_t)__tmp;
    26f0:	6f 81       	ldd	r22, Y+7	; 0x07
    26f2:	78 85       	ldd	r23, Y+8	; 0x08
    26f4:	89 85       	ldd	r24, Y+9	; 0x09
    26f6:	9a 85       	ldd	r25, Y+10	; 0x0a
    26f8:	0e 94 49 00 	call	0x92	; 0x92 <__fixunssfsi>
    26fc:	dc 01       	movw	r26, r24
    26fe:	cb 01       	movw	r24, r22
    2700:	9e 83       	std	Y+6, r25	; 0x06
    2702:	8d 83       	std	Y+5, r24	; 0x05
    2704:	8d 81       	ldd	r24, Y+5	; 0x05
    2706:	9e 81       	ldd	r25, Y+6	; 0x06
    2708:	9a 83       	std	Y+2, r25	; 0x02
    270a:	89 83       	std	Y+1, r24	; 0x01
    270c:	89 81       	ldd	r24, Y+1	; 0x01
    270e:	9a 81       	ldd	r25, Y+2	; 0x02
    2710:	01 97       	sbiw	r24, 0x01	; 1
    2712:	f1 f7       	brne	.-4      	; 0x2710 <HLCD_voidShiftDisplayLeft+0xf6>
    2714:	9a 83       	std	Y+2, r25	; 0x02
    2716:	89 83       	std	Y+1, r24	; 0x01
		_delay_ms(1) ;
}
    2718:	2e 96       	adiw	r28, 0x0e	; 14
    271a:	0f b6       	in	r0, 0x3f	; 63
    271c:	f8 94       	cli
    271e:	de bf       	out	0x3e, r29	; 62
    2720:	0f be       	out	0x3f, r0	; 63
    2722:	cd bf       	out	0x3d, r28	; 61
    2724:	cf 91       	pop	r28
    2726:	df 91       	pop	r29
    2728:	08 95       	ret

0000272a <HLCD_voidShiftDisplayRight>:
void HLCD_voidShiftDisplayRight (void)
{
    272a:	df 93       	push	r29
    272c:	cf 93       	push	r28
    272e:	cd b7       	in	r28, 0x3d	; 61
    2730:	de b7       	in	r29, 0x3e	; 62
    2732:	2e 97       	sbiw	r28, 0x0e	; 14
    2734:	0f b6       	in	r0, 0x3f	; 63
    2736:	f8 94       	cli
    2738:	de bf       	out	0x3e, r29	; 62
    273a:	0f be       	out	0x3f, r0	; 63
    273c:	cd bf       	out	0x3d, r28	; 61
	HLCD_voidSendCmd(0x1C) ;
    273e:	8c e1       	ldi	r24, 0x1C	; 28
    2740:	0e 94 de 0f 	call	0x1fbc	; 0x1fbc <HLCD_voidSendCmd>
    2744:	80 e0       	ldi	r24, 0x00	; 0
    2746:	90 e0       	ldi	r25, 0x00	; 0
    2748:	a0 e8       	ldi	r26, 0x80	; 128
    274a:	bf e3       	ldi	r27, 0x3F	; 63
    274c:	8b 87       	std	Y+11, r24	; 0x0b
    274e:	9c 87       	std	Y+12, r25	; 0x0c
    2750:	ad 87       	std	Y+13, r26	; 0x0d
    2752:	be 87       	std	Y+14, r27	; 0x0e
 */
void
_delay_ms(double __ms)
{
	uint16_t __ticks;
	double __tmp = ((F_CPU) / 4e3) * __ms;
    2754:	6b 85       	ldd	r22, Y+11	; 0x0b
    2756:	7c 85       	ldd	r23, Y+12	; 0x0c
    2758:	8d 85       	ldd	r24, Y+13	; 0x0d
    275a:	9e 85       	ldd	r25, Y+14	; 0x0e
    275c:	20 e0       	ldi	r18, 0x00	; 0
    275e:	30 e0       	ldi	r19, 0x00	; 0
    2760:	4a ef       	ldi	r20, 0xFA	; 250
    2762:	54 e4       	ldi	r21, 0x44	; 68
    2764:	0e 94 1f 02 	call	0x43e	; 0x43e <__mulsf3>
    2768:	dc 01       	movw	r26, r24
    276a:	cb 01       	movw	r24, r22
    276c:	8f 83       	std	Y+7, r24	; 0x07
    276e:	98 87       	std	Y+8, r25	; 0x08
    2770:	a9 87       	std	Y+9, r26	; 0x09
    2772:	ba 87       	std	Y+10, r27	; 0x0a
	if (__tmp < 1.0)
    2774:	6f 81       	ldd	r22, Y+7	; 0x07
    2776:	78 85       	ldd	r23, Y+8	; 0x08
    2778:	89 85       	ldd	r24, Y+9	; 0x09
    277a:	9a 85       	ldd	r25, Y+10	; 0x0a
    277c:	20 e0       	ldi	r18, 0x00	; 0
    277e:	30 e0       	ldi	r19, 0x00	; 0
    2780:	40 e8       	ldi	r20, 0x80	; 128
    2782:	5f e3       	ldi	r21, 0x3F	; 63
    2784:	0e 94 79 03 	call	0x6f2	; 0x6f2 <__ltsf2>
    2788:	88 23       	and	r24, r24
    278a:	2c f4       	brge	.+10     	; 0x2796 <HLCD_voidShiftDisplayRight+0x6c>
		__ticks = 1;
    278c:	81 e0       	ldi	r24, 0x01	; 1
    278e:	90 e0       	ldi	r25, 0x00	; 0
    2790:	9e 83       	std	Y+6, r25	; 0x06
    2792:	8d 83       	std	Y+5, r24	; 0x05
    2794:	3f c0       	rjmp	.+126    	; 0x2814 <HLCD_voidShiftDisplayRight+0xea>
	else if (__tmp > 65535)
    2796:	6f 81       	ldd	r22, Y+7	; 0x07
    2798:	78 85       	ldd	r23, Y+8	; 0x08
    279a:	89 85       	ldd	r24, Y+9	; 0x09
    279c:	9a 85       	ldd	r25, Y+10	; 0x0a
    279e:	20 e0       	ldi	r18, 0x00	; 0
    27a0:	3f ef       	ldi	r19, 0xFF	; 255
    27a2:	4f e7       	ldi	r20, 0x7F	; 127
    27a4:	57 e4       	ldi	r21, 0x47	; 71
    27a6:	0e 94 19 03 	call	0x632	; 0x632 <__gtsf2>
    27aa:	18 16       	cp	r1, r24
    27ac:	4c f5       	brge	.+82     	; 0x2800 <HLCD_voidShiftDisplayRight+0xd6>
	{
		//	__ticks = requested delay in 1/10 ms
		__ticks = (uint16_t) (__ms * 10.0);
    27ae:	6b 85       	ldd	r22, Y+11	; 0x0b
    27b0:	7c 85       	ldd	r23, Y+12	; 0x0c
    27b2:	8d 85       	ldd	r24, Y+13	; 0x0d
    27b4:	9e 85       	ldd	r25, Y+14	; 0x0e
    27b6:	20 e0       	ldi	r18, 0x00	; 0
    27b8:	30 e0       	ldi	r19, 0x00	; 0
    27ba:	40 e2       	ldi	r20, 0x20	; 32
    27bc:	51 e4       	ldi	r21, 0x41	; 65
    27be:	0e 94 1f 02 	call	0x43e	; 0x43e <__mulsf3>
    27c2:	dc 01       	movw	r26, r24
    27c4:	cb 01       	movw	r24, r22
    27c6:	bc 01       	movw	r22, r24
    27c8:	cd 01       	movw	r24, r26
    27ca:	0e 94 49 00 	call	0x92	; 0x92 <__fixunssfsi>
    27ce:	dc 01       	movw	r26, r24
    27d0:	cb 01       	movw	r24, r22
    27d2:	9e 83       	std	Y+6, r25	; 0x06
    27d4:	8d 83       	std	Y+5, r24	; 0x05
    27d6:	0f c0       	rjmp	.+30     	; 0x27f6 <HLCD_voidShiftDisplayRight+0xcc>
    27d8:	88 ec       	ldi	r24, 0xC8	; 200
    27da:	90 e0       	ldi	r25, 0x00	; 0
    27dc:	9c 83       	std	Y+4, r25	; 0x04
    27de:	8b 83       	std	Y+3, r24	; 0x03
    27e0:	8b 81       	ldd	r24, Y+3	; 0x03
    27e2:	9c 81       	ldd	r25, Y+4	; 0x04
    27e4:	01 97       	sbiw	r24, 0x01	; 1
    27e6:	f1 f7       	brne	.-4      	; 0x27e4 <HLCD_voidShiftDisplayRight+0xba>
    27e8:	9c 83       	std	Y+4, r25	; 0x04
    27ea:	8b 83       	std	Y+3, r24	; 0x03
		while(__ticks)
		{
			// wait 1/10 ms
			_delay_loop_2(((F_CPU) / 4e3) / 10);
			__ticks --;
    27ec:	8d 81       	ldd	r24, Y+5	; 0x05
    27ee:	9e 81       	ldd	r25, Y+6	; 0x06
    27f0:	01 97       	sbiw	r24, 0x01	; 1
    27f2:	9e 83       	std	Y+6, r25	; 0x06
    27f4:	8d 83       	std	Y+5, r24	; 0x05
		__ticks = 1;
	else if (__tmp > 65535)
	{
		//	__ticks = requested delay in 1/10 ms
		__ticks = (uint16_t) (__ms * 10.0);
		while(__ticks)
    27f6:	8d 81       	ldd	r24, Y+5	; 0x05
    27f8:	9e 81       	ldd	r25, Y+6	; 0x06
    27fa:	00 97       	sbiw	r24, 0x00	; 0
    27fc:	69 f7       	brne	.-38     	; 0x27d8 <HLCD_voidShiftDisplayRight+0xae>
    27fe:	14 c0       	rjmp	.+40     	; 0x2828 <HLCD_voidShiftDisplayRight+0xfe>
			__ticks --;
		}
		return;
	}
	else
		__ticks = (uint16_t)__tmp;
    2800:	6f 81       	ldd	r22, Y+7	; 0x07
    2802:	78 85       	ldd	r23, Y+8	; 0x08
    2804:	89 85       	ldd	r24, Y+9	; 0x09
    2806:	9a 85       	ldd	r25, Y+10	; 0x0a
    2808:	0e 94 49 00 	call	0x92	; 0x92 <__fixunssfsi>
    280c:	dc 01       	movw	r26, r24
    280e:	cb 01       	movw	r24, r22
    2810:	9e 83       	std	Y+6, r25	; 0x06
    2812:	8d 83       	std	Y+5, r24	; 0x05
    2814:	8d 81       	ldd	r24, Y+5	; 0x05
    2816:	9e 81       	ldd	r25, Y+6	; 0x06
    2818:	9a 83       	std	Y+2, r25	; 0x02
    281a:	89 83       	std	Y+1, r24	; 0x01
    281c:	89 81       	ldd	r24, Y+1	; 0x01
    281e:	9a 81       	ldd	r25, Y+2	; 0x02
    2820:	01 97       	sbiw	r24, 0x01	; 1
    2822:	f1 f7       	brne	.-4      	; 0x2820 <HLCD_voidShiftDisplayRight+0xf6>
    2824:	9a 83       	std	Y+2, r25	; 0x02
    2826:	89 83       	std	Y+1, r24	; 0x01
		_delay_ms(1) ;
}
    2828:	2e 96       	adiw	r28, 0x0e	; 14
    282a:	0f b6       	in	r0, 0x3f	; 63
    282c:	f8 94       	cli
    282e:	de bf       	out	0x3e, r29	; 62
    2830:	0f be       	out	0x3f, r0	; 63
    2832:	cd bf       	out	0x3d, r28	; 61
    2834:	cf 91       	pop	r28
    2836:	df 91       	pop	r29
    2838:	08 95       	ret

0000283a <HLCD_voidMoveCursor>:
void HLCD_voidMoveCursor        (u8 A_u8Row , u8 A_u8Col)
{
    283a:	df 93       	push	r29
    283c:	cf 93       	push	r28
    283e:	00 d0       	rcall	.+0      	; 0x2840 <HLCD_voidMoveCursor+0x6>
    2840:	0f 92       	push	r0
    2842:	cd b7       	in	r28, 0x3d	; 61
    2844:	de b7       	in	r29, 0x3e	; 62
    2846:	8a 83       	std	Y+2, r24	; 0x02
    2848:	6b 83       	std	Y+3, r22	; 0x03
	u8 L_u8AC ;
	if (A_u8Row == LCD_ROW0)
    284a:	8a 81       	ldd	r24, Y+2	; 0x02
    284c:	88 23       	and	r24, r24
    284e:	19 f4       	brne	.+6      	; 0x2856 <HLCD_voidMoveCursor+0x1c>
	{
		L_u8AC = A_u8Col ;
    2850:	8b 81       	ldd	r24, Y+3	; 0x03
    2852:	89 83       	std	Y+1, r24	; 0x01
    2854:	06 c0       	rjmp	.+12     	; 0x2862 <HLCD_voidMoveCursor+0x28>
	}
	else if (A_u8Row == LCD_ROW1)
    2856:	8a 81       	ldd	r24, Y+2	; 0x02
    2858:	81 30       	cpi	r24, 0x01	; 1
    285a:	19 f4       	brne	.+6      	; 0x2862 <HLCD_voidMoveCursor+0x28>
	{
		L_u8AC = A_u8Col+0x40 ;
    285c:	8b 81       	ldd	r24, Y+3	; 0x03
    285e:	80 5c       	subi	r24, 0xC0	; 192
    2860:	89 83       	std	Y+1, r24	; 0x01
	}
	HLCD_voidSendCmd(L_u8AC+0x80) ;
    2862:	89 81       	ldd	r24, Y+1	; 0x01
    2864:	80 58       	subi	r24, 0x80	; 128
    2866:	0e 94 de 0f 	call	0x1fbc	; 0x1fbc <HLCD_voidSendCmd>
}
    286a:	0f 90       	pop	r0
    286c:	0f 90       	pop	r0
    286e:	0f 90       	pop	r0
    2870:	cf 91       	pop	r28
    2872:	df 91       	pop	r29
    2874:	08 95       	ret

00002876 <HKP_voidInit>:
		{'8' , '5' , '2' , '0'} ,
		{'9' , '6' , '3' , '='} ,
		{'/' , '*' , '-' , '+'}
};
void HKP_voidInit (u8 A_u8KpPort)
{
    2876:	df 93       	push	r29
    2878:	cf 93       	push	r28
    287a:	0f 92       	push	r0
    287c:	cd b7       	in	r28, 0x3d	; 61
    287e:	de b7       	in	r29, 0x3e	; 62
    2880:	89 83       	std	Y+1, r24	; 0x01
	MDIO_voidInitPort(A_u8KpPort, 0xF0) ;
    2882:	89 81       	ldd	r24, Y+1	; 0x01
    2884:	60 ef       	ldi	r22, 0xF0	; 240
    2886:	0e 94 07 09 	call	0x120e	; 0x120e <MDIO_voidInitPort>
	MDIO_voidSetPortValue(A_u8KpPort, 0xFF) ;
    288a:	89 81       	ldd	r24, Y+1	; 0x01
    288c:	6f ef       	ldi	r22, 0xFF	; 255
    288e:	0e 94 48 09 	call	0x1290	; 0x1290 <MDIO_voidSetPortValue>
}
    2892:	0f 90       	pop	r0
    2894:	cf 91       	pop	r28
    2896:	df 91       	pop	r29
    2898:	08 95       	ret

0000289a <HKP_u8GetValue>:
u8   HKP_u8GetValue (u8 A_u8KpPort)
{
    289a:	df 93       	push	r29
    289c:	cf 93       	push	r28
    289e:	cd b7       	in	r28, 0x3d	; 61
    28a0:	de b7       	in	r29, 0x3e	; 62
    28a2:	a1 97       	sbiw	r28, 0x21	; 33
    28a4:	0f b6       	in	r0, 0x3f	; 63
    28a6:	f8 94       	cli
    28a8:	de bf       	out	0x3e, r29	; 62
    28aa:	0f be       	out	0x3f, r0	; 63
    28ac:	cd bf       	out	0x3d, r28	; 61
    28ae:	88 a3       	std	Y+32, r24	; 0x20
	u8 L_u8Col , L_u8Row ;
	u8 L_u8KpPressedValue = 255 ;
    28b0:	8f ef       	ldi	r24, 0xFF	; 255
    28b2:	8d 8f       	std	Y+29, r24	; 0x1d
	for (L_u8Col = 0 ; L_u8Col < 4 ; L_u8Col ++)
    28b4:	1f 8e       	std	Y+31, r1	; 0x1f
    28b6:	36 c1       	rjmp	.+620    	; 0x2b24 <HKP_u8GetValue+0x28a>
	{
		MDIO_voidSetPinValue(A_u8KpPort, L_u8Col + 4, DIO_LOW) ;
    28b8:	8f 8d       	ldd	r24, Y+31	; 0x1f
    28ba:	98 2f       	mov	r25, r24
    28bc:	9c 5f       	subi	r25, 0xFC	; 252
    28be:	88 a1       	ldd	r24, Y+32	; 0x20
    28c0:	69 2f       	mov	r22, r25
    28c2:	40 e0       	ldi	r20, 0x00	; 0
    28c4:	0e 94 ed 06 	call	0xdda	; 0xdda <MDIO_voidSetPinValue>
		for (L_u8Row = 0 ; L_u8Row < 4 ; L_u8Row ++)
    28c8:	1e 8e       	std	Y+30, r1	; 0x1e
    28ca:	1d c1       	rjmp	.+570    	; 0x2b06 <HKP_u8GetValue+0x26c>
		{
			if (MDIO_u8ReadPinValue(A_u8KpPort, L_u8Row) == 0)
    28cc:	88 a1       	ldd	r24, Y+32	; 0x20
    28ce:	6e 8d       	ldd	r22, Y+30	; 0x1e
    28d0:	0e 94 df 07 	call	0xfbe	; 0xfbe <MDIO_u8ReadPinValue>
    28d4:	88 23       	and	r24, r24
    28d6:	09 f0       	breq	.+2      	; 0x28da <HKP_u8GetValue+0x40>
    28d8:	11 c1       	rjmp	.+546    	; 0x2afc <HKP_u8GetValue+0x262>
    28da:	80 e0       	ldi	r24, 0x00	; 0
    28dc:	90 e0       	ldi	r25, 0x00	; 0
    28de:	a0 ea       	ldi	r26, 0xA0	; 160
    28e0:	b1 e4       	ldi	r27, 0x41	; 65
    28e2:	89 8f       	std	Y+25, r24	; 0x19
    28e4:	9a 8f       	std	Y+26, r25	; 0x1a
    28e6:	ab 8f       	std	Y+27, r26	; 0x1b
    28e8:	bc 8f       	std	Y+28, r27	; 0x1c
 */
void
_delay_ms(double __ms)
{
	uint16_t __ticks;
	double __tmp = ((F_CPU) / 4e3) * __ms;
    28ea:	69 8d       	ldd	r22, Y+25	; 0x19
    28ec:	7a 8d       	ldd	r23, Y+26	; 0x1a
    28ee:	8b 8d       	ldd	r24, Y+27	; 0x1b
    28f0:	9c 8d       	ldd	r25, Y+28	; 0x1c
    28f2:	20 e0       	ldi	r18, 0x00	; 0
    28f4:	30 e0       	ldi	r19, 0x00	; 0
    28f6:	4a ef       	ldi	r20, 0xFA	; 250
    28f8:	54 e4       	ldi	r21, 0x44	; 68
    28fa:	0e 94 1f 02 	call	0x43e	; 0x43e <__mulsf3>
    28fe:	dc 01       	movw	r26, r24
    2900:	cb 01       	movw	r24, r22
    2902:	8d 8b       	std	Y+21, r24	; 0x15
    2904:	9e 8b       	std	Y+22, r25	; 0x16
    2906:	af 8b       	std	Y+23, r26	; 0x17
    2908:	b8 8f       	std	Y+24, r27	; 0x18
	if (__tmp < 1.0)
    290a:	6d 89       	ldd	r22, Y+21	; 0x15
    290c:	7e 89       	ldd	r23, Y+22	; 0x16
    290e:	8f 89       	ldd	r24, Y+23	; 0x17
    2910:	98 8d       	ldd	r25, Y+24	; 0x18
    2912:	20 e0       	ldi	r18, 0x00	; 0
    2914:	30 e0       	ldi	r19, 0x00	; 0
    2916:	40 e8       	ldi	r20, 0x80	; 128
    2918:	5f e3       	ldi	r21, 0x3F	; 63
    291a:	0e 94 79 03 	call	0x6f2	; 0x6f2 <__ltsf2>
    291e:	88 23       	and	r24, r24
    2920:	2c f4       	brge	.+10     	; 0x292c <HKP_u8GetValue+0x92>
		__ticks = 1;
    2922:	81 e0       	ldi	r24, 0x01	; 1
    2924:	90 e0       	ldi	r25, 0x00	; 0
    2926:	9c 8b       	std	Y+20, r25	; 0x14
    2928:	8b 8b       	std	Y+19, r24	; 0x13
    292a:	3f c0       	rjmp	.+126    	; 0x29aa <HKP_u8GetValue+0x110>
	else if (__tmp > 65535)
    292c:	6d 89       	ldd	r22, Y+21	; 0x15
    292e:	7e 89       	ldd	r23, Y+22	; 0x16
    2930:	8f 89       	ldd	r24, Y+23	; 0x17
    2932:	98 8d       	ldd	r25, Y+24	; 0x18
    2934:	20 e0       	ldi	r18, 0x00	; 0
    2936:	3f ef       	ldi	r19, 0xFF	; 255
    2938:	4f e7       	ldi	r20, 0x7F	; 127
    293a:	57 e4       	ldi	r21, 0x47	; 71
    293c:	0e 94 19 03 	call	0x632	; 0x632 <__gtsf2>
    2940:	18 16       	cp	r1, r24
    2942:	4c f5       	brge	.+82     	; 0x2996 <HKP_u8GetValue+0xfc>
	{
		//	__ticks = requested delay in 1/10 ms
		__ticks = (uint16_t) (__ms * 10.0);
    2944:	69 8d       	ldd	r22, Y+25	; 0x19
    2946:	7a 8d       	ldd	r23, Y+26	; 0x1a
    2948:	8b 8d       	ldd	r24, Y+27	; 0x1b
    294a:	9c 8d       	ldd	r25, Y+28	; 0x1c
    294c:	20 e0       	ldi	r18, 0x00	; 0
    294e:	30 e0       	ldi	r19, 0x00	; 0
    2950:	40 e2       	ldi	r20, 0x20	; 32
    2952:	51 e4       	ldi	r21, 0x41	; 65
    2954:	0e 94 1f 02 	call	0x43e	; 0x43e <__mulsf3>
    2958:	dc 01       	movw	r26, r24
    295a:	cb 01       	movw	r24, r22
    295c:	bc 01       	movw	r22, r24
    295e:	cd 01       	movw	r24, r26
    2960:	0e 94 49 00 	call	0x92	; 0x92 <__fixunssfsi>
    2964:	dc 01       	movw	r26, r24
    2966:	cb 01       	movw	r24, r22
    2968:	9c 8b       	std	Y+20, r25	; 0x14
    296a:	8b 8b       	std	Y+19, r24	; 0x13
    296c:	0f c0       	rjmp	.+30     	; 0x298c <HKP_u8GetValue+0xf2>
    296e:	88 ec       	ldi	r24, 0xC8	; 200
    2970:	90 e0       	ldi	r25, 0x00	; 0
    2972:	9a 8b       	std	Y+18, r25	; 0x12
    2974:	89 8b       	std	Y+17, r24	; 0x11
    2976:	89 89       	ldd	r24, Y+17	; 0x11
    2978:	9a 89       	ldd	r25, Y+18	; 0x12
    297a:	01 97       	sbiw	r24, 0x01	; 1
    297c:	f1 f7       	brne	.-4      	; 0x297a <HKP_u8GetValue+0xe0>
    297e:	9a 8b       	std	Y+18, r25	; 0x12
    2980:	89 8b       	std	Y+17, r24	; 0x11
		while(__ticks)
		{
			// wait 1/10 ms
			_delay_loop_2(((F_CPU) / 4e3) / 10);
			__ticks --;
    2982:	8b 89       	ldd	r24, Y+19	; 0x13
    2984:	9c 89       	ldd	r25, Y+20	; 0x14
    2986:	01 97       	sbiw	r24, 0x01	; 1
    2988:	9c 8b       	std	Y+20, r25	; 0x14
    298a:	8b 8b       	std	Y+19, r24	; 0x13
		__ticks = 1;
	else if (__tmp > 65535)
	{
		//	__ticks = requested delay in 1/10 ms
		__ticks = (uint16_t) (__ms * 10.0);
		while(__ticks)
    298c:	8b 89       	ldd	r24, Y+19	; 0x13
    298e:	9c 89       	ldd	r25, Y+20	; 0x14
    2990:	00 97       	sbiw	r24, 0x00	; 0
    2992:	69 f7       	brne	.-38     	; 0x296e <HKP_u8GetValue+0xd4>
    2994:	14 c0       	rjmp	.+40     	; 0x29be <HKP_u8GetValue+0x124>
			__ticks --;
		}
		return;
	}
	else
		__ticks = (uint16_t)__tmp;
    2996:	6d 89       	ldd	r22, Y+21	; 0x15
    2998:	7e 89       	ldd	r23, Y+22	; 0x16
    299a:	8f 89       	ldd	r24, Y+23	; 0x17
    299c:	98 8d       	ldd	r25, Y+24	; 0x18
    299e:	0e 94 49 00 	call	0x92	; 0x92 <__fixunssfsi>
    29a2:	dc 01       	movw	r26, r24
    29a4:	cb 01       	movw	r24, r22
    29a6:	9c 8b       	std	Y+20, r25	; 0x14
    29a8:	8b 8b       	std	Y+19, r24	; 0x13
    29aa:	8b 89       	ldd	r24, Y+19	; 0x13
    29ac:	9c 89       	ldd	r25, Y+20	; 0x14
    29ae:	98 8b       	std	Y+16, r25	; 0x10
    29b0:	8f 87       	std	Y+15, r24	; 0x0f
    29b2:	8f 85       	ldd	r24, Y+15	; 0x0f
    29b4:	98 89       	ldd	r25, Y+16	; 0x10
    29b6:	01 97       	sbiw	r24, 0x01	; 1
    29b8:	f1 f7       	brne	.-4      	; 0x29b6 <HKP_u8GetValue+0x11c>
    29ba:	98 8b       	std	Y+16, r25	; 0x10
    29bc:	8f 87       	std	Y+15, r24	; 0x0f
			{
				_delay_ms(20) ;
				if (MDIO_u8ReadPinValue(A_u8KpPort, L_u8Row) == 0)
    29be:	88 a1       	ldd	r24, Y+32	; 0x20
    29c0:	6e 8d       	ldd	r22, Y+30	; 0x1e
    29c2:	0e 94 df 07 	call	0xfbe	; 0xfbe <MDIO_u8ReadPinValue>
    29c6:	88 23       	and	r24, r24
    29c8:	09 f0       	breq	.+2      	; 0x29cc <HKP_u8GetValue+0x132>
    29ca:	95 c0       	rjmp	.+298    	; 0x2af6 <HKP_u8GetValue+0x25c>
				{
					L_u8KpPressedValue = GR_u8KpData [L_u8Col] [L_u8Row] ;
    29cc:	8f 8d       	ldd	r24, Y+31	; 0x1f
    29ce:	48 2f       	mov	r20, r24
    29d0:	50 e0       	ldi	r21, 0x00	; 0
    29d2:	8e 8d       	ldd	r24, Y+30	; 0x1e
    29d4:	28 2f       	mov	r18, r24
    29d6:	30 e0       	ldi	r19, 0x00	; 0
    29d8:	ca 01       	movw	r24, r20
    29da:	88 0f       	add	r24, r24
    29dc:	99 1f       	adc	r25, r25
    29de:	88 0f       	add	r24, r24
    29e0:	99 1f       	adc	r25, r25
    29e2:	82 0f       	add	r24, r18
    29e4:	93 1f       	adc	r25, r19
    29e6:	fc 01       	movw	r30, r24
    29e8:	e5 53       	subi	r30, 0x35	; 53
    29ea:	ff 4f       	sbci	r31, 0xFF	; 255
    29ec:	80 81       	ld	r24, Z
    29ee:	8d 8f       	std	Y+29, r24	; 0x1d
					while (MDIO_u8ReadPinValue(A_u8KpPort, L_u8Row) == 0) ;
    29f0:	88 a1       	ldd	r24, Y+32	; 0x20
    29f2:	6e 8d       	ldd	r22, Y+30	; 0x1e
    29f4:	0e 94 df 07 	call	0xfbe	; 0xfbe <MDIO_u8ReadPinValue>
    29f8:	88 23       	and	r24, r24
    29fa:	d1 f3       	breq	.-12     	; 0x29f0 <HKP_u8GetValue+0x156>
    29fc:	80 e0       	ldi	r24, 0x00	; 0
    29fe:	90 e0       	ldi	r25, 0x00	; 0
    2a00:	a0 ea       	ldi	r26, 0xA0	; 160
    2a02:	b1 e4       	ldi	r27, 0x41	; 65
    2a04:	8b 87       	std	Y+11, r24	; 0x0b
    2a06:	9c 87       	std	Y+12, r25	; 0x0c
    2a08:	ad 87       	std	Y+13, r26	; 0x0d
    2a0a:	be 87       	std	Y+14, r27	; 0x0e
 */
void
_delay_ms(double __ms)
{
	uint16_t __ticks;
	double __tmp = ((F_CPU) / 4e3) * __ms;
    2a0c:	6b 85       	ldd	r22, Y+11	; 0x0b
    2a0e:	7c 85       	ldd	r23, Y+12	; 0x0c
    2a10:	8d 85       	ldd	r24, Y+13	; 0x0d
    2a12:	9e 85       	ldd	r25, Y+14	; 0x0e
    2a14:	20 e0       	ldi	r18, 0x00	; 0
    2a16:	30 e0       	ldi	r19, 0x00	; 0
    2a18:	4a ef       	ldi	r20, 0xFA	; 250
    2a1a:	54 e4       	ldi	r21, 0x44	; 68
    2a1c:	0e 94 1f 02 	call	0x43e	; 0x43e <__mulsf3>
    2a20:	dc 01       	movw	r26, r24
    2a22:	cb 01       	movw	r24, r22
    2a24:	8f 83       	std	Y+7, r24	; 0x07
    2a26:	98 87       	std	Y+8, r25	; 0x08
    2a28:	a9 87       	std	Y+9, r26	; 0x09
    2a2a:	ba 87       	std	Y+10, r27	; 0x0a
	if (__tmp < 1.0)
    2a2c:	6f 81       	ldd	r22, Y+7	; 0x07
    2a2e:	78 85       	ldd	r23, Y+8	; 0x08
    2a30:	89 85       	ldd	r24, Y+9	; 0x09
    2a32:	9a 85       	ldd	r25, Y+10	; 0x0a
    2a34:	20 e0       	ldi	r18, 0x00	; 0
    2a36:	30 e0       	ldi	r19, 0x00	; 0
    2a38:	40 e8       	ldi	r20, 0x80	; 128
    2a3a:	5f e3       	ldi	r21, 0x3F	; 63
    2a3c:	0e 94 79 03 	call	0x6f2	; 0x6f2 <__ltsf2>
    2a40:	88 23       	and	r24, r24
    2a42:	2c f4       	brge	.+10     	; 0x2a4e <HKP_u8GetValue+0x1b4>
		__ticks = 1;
    2a44:	81 e0       	ldi	r24, 0x01	; 1
    2a46:	90 e0       	ldi	r25, 0x00	; 0
    2a48:	9e 83       	std	Y+6, r25	; 0x06
    2a4a:	8d 83       	std	Y+5, r24	; 0x05
    2a4c:	3f c0       	rjmp	.+126    	; 0x2acc <HKP_u8GetValue+0x232>
	else if (__tmp > 65535)
    2a4e:	6f 81       	ldd	r22, Y+7	; 0x07
    2a50:	78 85       	ldd	r23, Y+8	; 0x08
    2a52:	89 85       	ldd	r24, Y+9	; 0x09
    2a54:	9a 85       	ldd	r25, Y+10	; 0x0a
    2a56:	20 e0       	ldi	r18, 0x00	; 0
    2a58:	3f ef       	ldi	r19, 0xFF	; 255
    2a5a:	4f e7       	ldi	r20, 0x7F	; 127
    2a5c:	57 e4       	ldi	r21, 0x47	; 71
    2a5e:	0e 94 19 03 	call	0x632	; 0x632 <__gtsf2>
    2a62:	18 16       	cp	r1, r24
    2a64:	4c f5       	brge	.+82     	; 0x2ab8 <HKP_u8GetValue+0x21e>
	{
		//	__ticks = requested delay in 1/10 ms
		__ticks = (uint16_t) (__ms * 10.0);
    2a66:	6b 85       	ldd	r22, Y+11	; 0x0b
    2a68:	7c 85       	ldd	r23, Y+12	; 0x0c
    2a6a:	8d 85       	ldd	r24, Y+13	; 0x0d
    2a6c:	9e 85       	ldd	r25, Y+14	; 0x0e
    2a6e:	20 e0       	ldi	r18, 0x00	; 0
    2a70:	30 e0       	ldi	r19, 0x00	; 0
    2a72:	40 e2       	ldi	r20, 0x20	; 32
    2a74:	51 e4       	ldi	r21, 0x41	; 65
    2a76:	0e 94 1f 02 	call	0x43e	; 0x43e <__mulsf3>
    2a7a:	dc 01       	movw	r26, r24
    2a7c:	cb 01       	movw	r24, r22
    2a7e:	bc 01       	movw	r22, r24
    2a80:	cd 01       	movw	r24, r26
    2a82:	0e 94 49 00 	call	0x92	; 0x92 <__fixunssfsi>
    2a86:	dc 01       	movw	r26, r24
    2a88:	cb 01       	movw	r24, r22
    2a8a:	9e 83       	std	Y+6, r25	; 0x06
    2a8c:	8d 83       	std	Y+5, r24	; 0x05
    2a8e:	0f c0       	rjmp	.+30     	; 0x2aae <HKP_u8GetValue+0x214>
    2a90:	88 ec       	ldi	r24, 0xC8	; 200
    2a92:	90 e0       	ldi	r25, 0x00	; 0
    2a94:	9c 83       	std	Y+4, r25	; 0x04
    2a96:	8b 83       	std	Y+3, r24	; 0x03
    2a98:	8b 81       	ldd	r24, Y+3	; 0x03
    2a9a:	9c 81       	ldd	r25, Y+4	; 0x04
    2a9c:	01 97       	sbiw	r24, 0x01	; 1
    2a9e:	f1 f7       	brne	.-4      	; 0x2a9c <HKP_u8GetValue+0x202>
    2aa0:	9c 83       	std	Y+4, r25	; 0x04
    2aa2:	8b 83       	std	Y+3, r24	; 0x03
		while(__ticks)
		{
			// wait 1/10 ms
			_delay_loop_2(((F_CPU) / 4e3) / 10);
			__ticks --;
    2aa4:	8d 81       	ldd	r24, Y+5	; 0x05
    2aa6:	9e 81       	ldd	r25, Y+6	; 0x06
    2aa8:	01 97       	sbiw	r24, 0x01	; 1
    2aaa:	9e 83       	std	Y+6, r25	; 0x06
    2aac:	8d 83       	std	Y+5, r24	; 0x05
		__ticks = 1;
	else if (__tmp > 65535)
	{
		//	__ticks = requested delay in 1/10 ms
		__ticks = (uint16_t) (__ms * 10.0);
		while(__ticks)
    2aae:	8d 81       	ldd	r24, Y+5	; 0x05
    2ab0:	9e 81       	ldd	r25, Y+6	; 0x06
    2ab2:	00 97       	sbiw	r24, 0x00	; 0
    2ab4:	69 f7       	brne	.-38     	; 0x2a90 <HKP_u8GetValue+0x1f6>
    2ab6:	14 c0       	rjmp	.+40     	; 0x2ae0 <HKP_u8GetValue+0x246>
			__ticks --;
		}
		return;
	}
	else
		__ticks = (uint16_t)__tmp;
    2ab8:	6f 81       	ldd	r22, Y+7	; 0x07
    2aba:	78 85       	ldd	r23, Y+8	; 0x08
    2abc:	89 85       	ldd	r24, Y+9	; 0x09
    2abe:	9a 85       	ldd	r25, Y+10	; 0x0a
    2ac0:	0e 94 49 00 	call	0x92	; 0x92 <__fixunssfsi>
    2ac4:	dc 01       	movw	r26, r24
    2ac6:	cb 01       	movw	r24, r22
    2ac8:	9e 83       	std	Y+6, r25	; 0x06
    2aca:	8d 83       	std	Y+5, r24	; 0x05
    2acc:	8d 81       	ldd	r24, Y+5	; 0x05
    2ace:	9e 81       	ldd	r25, Y+6	; 0x06
    2ad0:	9a 83       	std	Y+2, r25	; 0x02
    2ad2:	89 83       	std	Y+1, r24	; 0x01
    2ad4:	89 81       	ldd	r24, Y+1	; 0x01
    2ad6:	9a 81       	ldd	r25, Y+2	; 0x02
    2ad8:	01 97       	sbiw	r24, 0x01	; 1
    2ada:	f1 f7       	brne	.-4      	; 0x2ad8 <HKP_u8GetValue+0x23e>
    2adc:	9a 83       	std	Y+2, r25	; 0x02
    2ade:	89 83       	std	Y+1, r24	; 0x01
					_delay_ms(20) ;
					MDIO_voidSetPinValue(A_u8KpPort, L_u8Col + 4, DIO_HIGH);
    2ae0:	8f 8d       	ldd	r24, Y+31	; 0x1f
    2ae2:	98 2f       	mov	r25, r24
    2ae4:	9c 5f       	subi	r25, 0xFC	; 252
    2ae6:	88 a1       	ldd	r24, Y+32	; 0x20
    2ae8:	69 2f       	mov	r22, r25
    2aea:	41 e0       	ldi	r20, 0x01	; 1
    2aec:	0e 94 ed 06 	call	0xdda	; 0xdda <MDIO_voidSetPinValue>
					return L_u8KpPressedValue ;
    2af0:	8d 8d       	ldd	r24, Y+29	; 0x1d
    2af2:	89 a3       	std	Y+33, r24	; 0x21
    2af4:	1d c0       	rjmp	.+58     	; 0x2b30 <HKP_u8GetValue+0x296>
				}
				else
				{
					L_u8KpPressedValue = 255 ;
    2af6:	8f ef       	ldi	r24, 0xFF	; 255
    2af8:	8d 8f       	std	Y+29, r24	; 0x1d
    2afa:	02 c0       	rjmp	.+4      	; 0x2b00 <HKP_u8GetValue+0x266>
				}
			}
			else
			{
				L_u8KpPressedValue = 255 ;
    2afc:	8f ef       	ldi	r24, 0xFF	; 255
    2afe:	8d 8f       	std	Y+29, r24	; 0x1d
	u8 L_u8Col , L_u8Row ;
	u8 L_u8KpPressedValue = 255 ;
	for (L_u8Col = 0 ; L_u8Col < 4 ; L_u8Col ++)
	{
		MDIO_voidSetPinValue(A_u8KpPort, L_u8Col + 4, DIO_LOW) ;
		for (L_u8Row = 0 ; L_u8Row < 4 ; L_u8Row ++)
    2b00:	8e 8d       	ldd	r24, Y+30	; 0x1e
    2b02:	8f 5f       	subi	r24, 0xFF	; 255
    2b04:	8e 8f       	std	Y+30, r24	; 0x1e
    2b06:	8e 8d       	ldd	r24, Y+30	; 0x1e
    2b08:	84 30       	cpi	r24, 0x04	; 4
    2b0a:	08 f4       	brcc	.+2      	; 0x2b0e <HKP_u8GetValue+0x274>
    2b0c:	df ce       	rjmp	.-578    	; 0x28cc <HKP_u8GetValue+0x32>
			else
			{
				L_u8KpPressedValue = 255 ;
			}
		}
		MDIO_voidSetPinValue(A_u8KpPort, L_u8Col + 4, DIO_HIGH) ;
    2b0e:	8f 8d       	ldd	r24, Y+31	; 0x1f
    2b10:	98 2f       	mov	r25, r24
    2b12:	9c 5f       	subi	r25, 0xFC	; 252
    2b14:	88 a1       	ldd	r24, Y+32	; 0x20
    2b16:	69 2f       	mov	r22, r25
    2b18:	41 e0       	ldi	r20, 0x01	; 1
    2b1a:	0e 94 ed 06 	call	0xdda	; 0xdda <MDIO_voidSetPinValue>
}
u8   HKP_u8GetValue (u8 A_u8KpPort)
{
	u8 L_u8Col , L_u8Row ;
	u8 L_u8KpPressedValue = 255 ;
	for (L_u8Col = 0 ; L_u8Col < 4 ; L_u8Col ++)
    2b1e:	8f 8d       	ldd	r24, Y+31	; 0x1f
    2b20:	8f 5f       	subi	r24, 0xFF	; 255
    2b22:	8f 8f       	std	Y+31, r24	; 0x1f
    2b24:	8f 8d       	ldd	r24, Y+31	; 0x1f
    2b26:	84 30       	cpi	r24, 0x04	; 4
    2b28:	08 f4       	brcc	.+2      	; 0x2b2c <HKP_u8GetValue+0x292>
    2b2a:	c6 ce       	rjmp	.-628    	; 0x28b8 <HKP_u8GetValue+0x1e>
				L_u8KpPressedValue = 255 ;
			}
		}
		MDIO_voidSetPinValue(A_u8KpPort, L_u8Col + 4, DIO_HIGH) ;
	}
	return L_u8KpPressedValue ;
    2b2c:	8d 8d       	ldd	r24, Y+29	; 0x1d
    2b2e:	89 a3       	std	Y+33, r24	; 0x21
    2b30:	89 a1       	ldd	r24, Y+33	; 0x21
}
    2b32:	a1 96       	adiw	r28, 0x21	; 33
    2b34:	0f b6       	in	r0, 0x3f	; 63
    2b36:	f8 94       	cli
    2b38:	de bf       	out	0x3e, r29	; 62
    2b3a:	0f be       	out	0x3f, r0	; 63
    2b3c:	cd bf       	out	0x3d, r28	; 61
    2b3e:	cf 91       	pop	r28
    2b40:	df 91       	pop	r29
    2b42:	08 95       	ret

00002b44 <APP_u8GetKey>:


/*Get one key from keypad*/

static u8 APP_u8GetKey(void)
{
    2b44:	df 93       	push	r29
    2b46:	cf 93       	push	r28
    2b48:	0f 92       	push	r0
    2b4a:	cd b7       	in	r28, 0x3d	; 61
    2b4c:	de b7       	in	r29, 0x3e	; 62
    u8 L_u8Key;

    do
    {
        L_u8Key = HKP_u8GetValue(LOGIN_KP_PORT);
    2b4e:	83 e0       	ldi	r24, 0x03	; 3
    2b50:	0e 94 4d 14 	call	0x289a	; 0x289a <HKP_u8GetValue>
    2b54:	89 83       	std	Y+1, r24	; 0x01

    } while (L_u8Key == 255);
    2b56:	89 81       	ldd	r24, Y+1	; 0x01
    2b58:	8f 3f       	cpi	r24, 0xFF	; 255
    2b5a:	c9 f3       	breq	.-14     	; 0x2b4e <APP_u8GetKey+0xa>

    return L_u8Key;
    2b5c:	89 81       	ldd	r24, Y+1	; 0x01
}
    2b5e:	0f 90       	pop	r0
    2b60:	cf 91       	pop	r28
    2b62:	df 91       	pop	r29
    2b64:	08 95       	ret

00002b66 <APP_voidReadPassword>:


/*Read password until '=' is pressed*/

static void APP_voidReadPassword(u8 *A_u8Password)
{
    2b66:	df 93       	push	r29
    2b68:	cf 93       	push	r28
    2b6a:	00 d0       	rcall	.+0      	; 0x2b6c <APP_voidReadPassword+0x6>
    2b6c:	00 d0       	rcall	.+0      	; 0x2b6e <APP_voidReadPassword+0x8>
    2b6e:	cd b7       	in	r28, 0x3d	; 61
    2b70:	de b7       	in	r29, 0x3e	; 62
    2b72:	9c 83       	std	Y+4, r25	; 0x04
    2b74:	8b 83       	std	Y+3, r24	; 0x03
    u8 L_u8Index = 0;
    2b76:	1a 82       	std	Y+2, r1	; 0x02
    u8 L_u8Key;

    while (1)
    {
        L_u8Key = APP_u8GetKey();
    2b78:	0e 94 a2 15 	call	0x2b44	; 0x2b44 <APP_u8GetKey>
    2b7c:	89 83       	std	Y+1, r24	; 0x01

        /* Accept digits only */
        if ((L_u8Key >= '0') && (L_u8Key <= '9'))
    2b7e:	89 81       	ldd	r24, Y+1	; 0x01
    2b80:	80 33       	cpi	r24, 0x30	; 48
    2b82:	b8 f0       	brcs	.+46     	; 0x2bb2 <APP_voidReadPassword+0x4c>
    2b84:	89 81       	ldd	r24, Y+1	; 0x01
    2b86:	8a 33       	cpi	r24, 0x3A	; 58
    2b88:	a0 f4       	brcc	.+40     	; 0x2bb2 <APP_voidReadPassword+0x4c>
        {
            if (L_u8Index < PASSWORD_LENGTH)
    2b8a:	8a 81       	ldd	r24, Y+2	; 0x02
    2b8c:	84 30       	cpi	r24, 0x04	; 4
    2b8e:	a0 f7       	brcc	.-24     	; 0x2b78 <APP_voidReadPassword+0x12>
            {
                A_u8Password[L_u8Index] = L_u8Key;
    2b90:	8a 81       	ldd	r24, Y+2	; 0x02
    2b92:	28 2f       	mov	r18, r24
    2b94:	30 e0       	ldi	r19, 0x00	; 0
    2b96:	8b 81       	ldd	r24, Y+3	; 0x03
    2b98:	9c 81       	ldd	r25, Y+4	; 0x04
    2b9a:	fc 01       	movw	r30, r24
    2b9c:	e2 0f       	add	r30, r18
    2b9e:	f3 1f       	adc	r31, r19
    2ba0:	89 81       	ldd	r24, Y+1	; 0x01
    2ba2:	80 83       	st	Z, r24

                HLCd_voidSendData('*');
    2ba4:	8a e2       	ldi	r24, 0x2A	; 42
    2ba6:	0e 94 60 0d 	call	0x1ac0	; 0x1ac0 <HLCd_voidSendData>

                L_u8Index++;
    2baa:	8a 81       	ldd	r24, Y+2	; 0x02
    2bac:	8f 5f       	subi	r24, 0xFF	; 255
    2bae:	8a 83       	std	Y+2, r24	; 0x02
    2bb0:	e3 cf       	rjmp	.-58     	; 0x2b78 <APP_voidReadPassword+0x12>
            }
        }

        /* '=' acts as ENTER */
        else if (L_u8Key == '=')
    2bb2:	89 81       	ldd	r24, Y+1	; 0x01
    2bb4:	8d 33       	cpi	r24, 0x3D	; 61
    2bb6:	21 f4       	brne	.+8      	; 0x2bc0 <APP_voidReadPassword+0x5a>
        {
            /* Accept only if exactly 4 digits were entered */
            if (L_u8Index == PASSWORD_LENGTH)
    2bb8:	8a 81       	ldd	r24, Y+2	; 0x02
    2bba:	84 30       	cpi	r24, 0x04	; 4
    2bbc:	91 f0       	breq	.+36     	; 0x2be2 <APP_voidReadPassword+0x7c>
    2bbe:	dc cf       	rjmp	.-72     	; 0x2b78 <APP_voidReadPassword+0x12>
                break;
            }
        }

        /* 'ON/C' Button clears the current password */
        else if (L_u8Key == 'C')
    2bc0:	89 81       	ldd	r24, Y+1	; 0x01
    2bc2:	83 34       	cpi	r24, 0x43	; 67
    2bc4:	c9 f6       	brne	.-78     	; 0x2b78 <APP_voidReadPassword+0x12>
        {
            L_u8Index = 0;
    2bc6:	1a 82       	std	Y+2, r1	; 0x02

            HLCD_voidMoveCursor(LCD_ROW1, LCD_COL0);
    2bc8:	81 e0       	ldi	r24, 0x01	; 1
    2bca:	60 e0       	ldi	r22, 0x00	; 0
    2bcc:	0e 94 1d 14 	call	0x283a	; 0x283a <HLCD_voidMoveCursor>

            HLCD_voidDisplayStr((u8*)"                ");
    2bd0:	80 e6       	ldi	r24, 0x60	; 96
    2bd2:	90 e0       	ldi	r25, 0x00	; 0
    2bd4:	0e 94 5c 12 	call	0x24b8	; 0x24b8 <HLCD_voidDisplayStr>

            HLCD_voidMoveCursor(LCD_ROW1, LCD_COL0);
    2bd8:	81 e0       	ldi	r24, 0x01	; 1
    2bda:	60 e0       	ldi	r22, 0x00	; 0
    2bdc:	0e 94 1d 14 	call	0x283a	; 0x283a <HLCD_voidMoveCursor>
    2be0:	cb cf       	rjmp	.-106    	; 0x2b78 <APP_voidReadPassword+0x12>
        }
    }
}
    2be2:	0f 90       	pop	r0
    2be4:	0f 90       	pop	r0
    2be6:	0f 90       	pop	r0
    2be8:	0f 90       	pop	r0
    2bea:	cf 91       	pop	r28
    2bec:	df 91       	pop	r29
    2bee:	08 95       	ret

00002bf0 <APP_u8ComparePasswords>:
/*Comparing two passwords*/

static u8 APP_u8ComparePasswords(
        u8 *A_u8Password1,
        u8 *A_u8Password2)
{
    2bf0:	df 93       	push	r29
    2bf2:	cf 93       	push	r28
    2bf4:	00 d0       	rcall	.+0      	; 0x2bf6 <APP_u8ComparePasswords+0x6>
    2bf6:	00 d0       	rcall	.+0      	; 0x2bf8 <APP_u8ComparePasswords+0x8>
    2bf8:	00 d0       	rcall	.+0      	; 0x2bfa <APP_u8ComparePasswords+0xa>
    2bfa:	cd b7       	in	r28, 0x3d	; 61
    2bfc:	de b7       	in	r29, 0x3e	; 62
    2bfe:	9b 83       	std	Y+3, r25	; 0x03
    2c00:	8a 83       	std	Y+2, r24	; 0x02
    2c02:	7d 83       	std	Y+5, r23	; 0x05
    2c04:	6c 83       	std	Y+4, r22	; 0x04
    u8 L_u8Index;

    for (L_u8Index = 0;
    2c06:	19 82       	std	Y+1, r1	; 0x01
    2c08:	19 c0       	rjmp	.+50     	; 0x2c3c <APP_u8ComparePasswords+0x4c>
         L_u8Index < PASSWORD_LENGTH;
         L_u8Index++)
    {
        if (A_u8Password1[L_u8Index] !=
    2c0a:	89 81       	ldd	r24, Y+1	; 0x01
    2c0c:	28 2f       	mov	r18, r24
    2c0e:	30 e0       	ldi	r19, 0x00	; 0
    2c10:	8a 81       	ldd	r24, Y+2	; 0x02
    2c12:	9b 81       	ldd	r25, Y+3	; 0x03
    2c14:	fc 01       	movw	r30, r24
    2c16:	e2 0f       	add	r30, r18
    2c18:	f3 1f       	adc	r31, r19
    2c1a:	40 81       	ld	r20, Z
    2c1c:	89 81       	ldd	r24, Y+1	; 0x01
    2c1e:	28 2f       	mov	r18, r24
    2c20:	30 e0       	ldi	r19, 0x00	; 0
    2c22:	8c 81       	ldd	r24, Y+4	; 0x04
    2c24:	9d 81       	ldd	r25, Y+5	; 0x05
    2c26:	fc 01       	movw	r30, r24
    2c28:	e2 0f       	add	r30, r18
    2c2a:	f3 1f       	adc	r31, r19
    2c2c:	80 81       	ld	r24, Z
    2c2e:	48 17       	cp	r20, r24
    2c30:	11 f0       	breq	.+4      	; 0x2c36 <APP_u8ComparePasswords+0x46>
            A_u8Password2[L_u8Index])
        {
            return 0;
    2c32:	1e 82       	std	Y+6, r1	; 0x06
    2c34:	08 c0       	rjmp	.+16     	; 0x2c46 <APP_u8ComparePasswords+0x56>
{
    u8 L_u8Index;

    for (L_u8Index = 0;
         L_u8Index < PASSWORD_LENGTH;
         L_u8Index++)
    2c36:	89 81       	ldd	r24, Y+1	; 0x01
    2c38:	8f 5f       	subi	r24, 0xFF	; 255
    2c3a:	89 83       	std	Y+1, r24	; 0x01
        u8 *A_u8Password2)
{
    u8 L_u8Index;

    for (L_u8Index = 0;
         L_u8Index < PASSWORD_LENGTH;
    2c3c:	89 81       	ldd	r24, Y+1	; 0x01
    2c3e:	84 30       	cpi	r24, 0x04	; 4
    2c40:	20 f3       	brcs	.-56     	; 0x2c0a <APP_u8ComparePasswords+0x1a>
        {
            return 0;
        }
    }

    return 1;
    2c42:	81 e0       	ldi	r24, 0x01	; 1
    2c44:	8e 83       	std	Y+6, r24	; 0x06
    2c46:	8e 81       	ldd	r24, Y+6	; 0x06
}
    2c48:	26 96       	adiw	r28, 0x06	; 6
    2c4a:	0f b6       	in	r0, 0x3f	; 63
    2c4c:	f8 94       	cli
    2c4e:	de bf       	out	0x3e, r29	; 62
    2c50:	0f be       	out	0x3f, r0	; 63
    2c52:	cd bf       	out	0x3d, r28	; 61
    2c54:	cf 91       	pop	r28
    2c56:	df 91       	pop	r29
    2c58:	08 95       	ret

00002c5a <APP_voidSavePassword>:


/*Save password into EEPROM*/

static void APP_voidSavePassword(u8 *A_u8Password)
{
    2c5a:	df 93       	push	r29
    2c5c:	cf 93       	push	r28
    2c5e:	00 d0       	rcall	.+0      	; 0x2c60 <APP_voidSavePassword+0x6>
    2c60:	0f 92       	push	r0
    2c62:	cd b7       	in	r28, 0x3d	; 61
    2c64:	de b7       	in	r29, 0x3e	; 62
    2c66:	9b 83       	std	Y+3, r25	; 0x03
    2c68:	8a 83       	std	Y+2, r24	; 0x02
    u8 L_u8Index;

    for (L_u8Index = 0;
    2c6a:	19 82       	std	Y+1, r1	; 0x01
    2c6c:	15 c0       	rjmp	.+42     	; 0x2c98 <APP_voidSavePassword+0x3e>
         L_u8Index < PASSWORD_LENGTH;
         L_u8Index++)
    {
        MEEPROM_voidWriteData(
    2c6e:	89 81       	ldd	r24, Y+1	; 0x01
    2c70:	88 2f       	mov	r24, r24
    2c72:	90 e0       	ldi	r25, 0x00	; 0
    2c74:	01 96       	adiw	r24, 0x01	; 1
    2c76:	ac 01       	movw	r20, r24
    2c78:	89 81       	ldd	r24, Y+1	; 0x01
    2c7a:	28 2f       	mov	r18, r24
    2c7c:	30 e0       	ldi	r19, 0x00	; 0
    2c7e:	8a 81       	ldd	r24, Y+2	; 0x02
    2c80:	9b 81       	ldd	r25, Y+3	; 0x03
    2c82:	fc 01       	movw	r30, r24
    2c84:	e2 0f       	add	r30, r18
    2c86:	f3 1f       	adc	r31, r19
    2c88:	20 81       	ld	r18, Z
    2c8a:	ca 01       	movw	r24, r20
    2c8c:	62 2f       	mov	r22, r18
    2c8e:	0e 94 a3 05 	call	0xb46	; 0xb46 <MEEPROM_voidWriteData>
{
    u8 L_u8Index;

    for (L_u8Index = 0;
         L_u8Index < PASSWORD_LENGTH;
         L_u8Index++)
    2c92:	89 81       	ldd	r24, Y+1	; 0x01
    2c94:	8f 5f       	subi	r24, 0xFF	; 255
    2c96:	89 83       	std	Y+1, r24	; 0x01
static void APP_voidSavePassword(u8 *A_u8Password)
{
    u8 L_u8Index;

    for (L_u8Index = 0;
         L_u8Index < PASSWORD_LENGTH;
    2c98:	89 81       	ldd	r24, Y+1	; 0x01
    2c9a:	84 30       	cpi	r24, 0x04	; 4
    2c9c:	40 f3       	brcs	.-48     	; 0x2c6e <APP_voidSavePassword+0x14>
            A_u8Password[L_u8Index]
        );
    }

    /* Mark EEPROM as initialized */
    MEEPROM_voidWriteData(
    2c9e:	80 e0       	ldi	r24, 0x00	; 0
    2ca0:	90 e0       	ldi	r25, 0x00	; 0
    2ca2:	6a ea       	ldi	r22, 0xAA	; 170
    2ca4:	0e 94 a3 05 	call	0xb46	; 0xb46 <MEEPROM_voidWriteData>
        EEPROM_FLAG_ADDRESS,
        PASSWORD_SAVED
    );
}
    2ca8:	0f 90       	pop	r0
    2caa:	0f 90       	pop	r0
    2cac:	0f 90       	pop	r0
    2cae:	cf 91       	pop	r28
    2cb0:	df 91       	pop	r29
    2cb2:	08 95       	ret

00002cb4 <APP_voidFirstRun>:


/*First run*/

static void APP_voidFirstRun(void)
{
    2cb4:	df 93       	push	r29
    2cb6:	cf 93       	push	r28
    2cb8:	cd b7       	in	r28, 0x3d	; 61
    2cba:	de b7       	in	r29, 0x3e	; 62
    2cbc:	a4 97       	sbiw	r28, 0x24	; 36
    2cbe:	0f b6       	in	r0, 0x3f	; 63
    2cc0:	f8 94       	cli
    2cc2:	de bf       	out	0x3e, r29	; 62
    2cc4:	0f be       	out	0x3f, r0	; 63
    2cc6:	cd bf       	out	0x3d, r28	; 61
    u8 L_u8ConfirmPassword[PASSWORD_LENGTH];

    while (1)
    {
        /*Enter New Password*/
        HLCD_voidClrDisplay();
    2cc8:	0e 94 85 12 	call	0x250a	; 0x250a <HLCD_voidClrDisplay>

        HLCD_voidDisplayStr((u8*)"Enter New Pass");
    2ccc:	81 e7       	ldi	r24, 0x71	; 113
    2cce:	90 e0       	ldi	r25, 0x00	; 0
    2cd0:	0e 94 5c 12 	call	0x24b8	; 0x24b8 <HLCD_voidDisplayStr>

        HLCD_voidMoveCursor(
    2cd4:	81 e0       	ldi	r24, 0x01	; 1
    2cd6:	60 e0       	ldi	r22, 0x00	; 0
    2cd8:	0e 94 1d 14 	call	0x283a	; 0x283a <HLCD_voidMoveCursor>
            LCD_ROW1,
            LCD_COL0
        );

        APP_voidReadPassword(L_u8Password);
    2cdc:	ce 01       	movw	r24, r28
    2cde:	4d 96       	adiw	r24, 0x1d	; 29
    2ce0:	0e 94 b3 15 	call	0x2b66	; 0x2b66 <APP_voidReadPassword>


        /*Confirm Password*/
        HLCD_voidClrDisplay();
    2ce4:	0e 94 85 12 	call	0x250a	; 0x250a <HLCD_voidClrDisplay>

        HLCD_voidDisplayStr((u8*)"Confirm Pass");
    2ce8:	80 e8       	ldi	r24, 0x80	; 128
    2cea:	90 e0       	ldi	r25, 0x00	; 0
    2cec:	0e 94 5c 12 	call	0x24b8	; 0x24b8 <HLCD_voidDisplayStr>

        HLCD_voidMoveCursor(
    2cf0:	81 e0       	ldi	r24, 0x01	; 1
    2cf2:	60 e0       	ldi	r22, 0x00	; 0
    2cf4:	0e 94 1d 14 	call	0x283a	; 0x283a <HLCD_voidMoveCursor>
            LCD_ROW1,
            LCD_COL0
        );

        APP_voidReadPassword(L_u8ConfirmPassword);
    2cf8:	ce 01       	movw	r24, r28
    2cfa:	81 96       	adiw	r24, 0x21	; 33
    2cfc:	0e 94 b3 15 	call	0x2b66	; 0x2b66 <APP_voidReadPassword>


        /*Compare*/
        if (APP_u8ComparePasswords(
    2d00:	ce 01       	movw	r24, r28
    2d02:	4d 96       	adiw	r24, 0x1d	; 29
    2d04:	9e 01       	movw	r18, r28
    2d06:	2f 5d       	subi	r18, 0xDF	; 223
    2d08:	3f 4f       	sbci	r19, 0xFF	; 255
    2d0a:	b9 01       	movw	r22, r18
    2d0c:	0e 94 f8 15 	call	0x2bf0	; 0x2bf0 <APP_u8ComparePasswords>
    2d10:	88 23       	and	r24, r24
    2d12:	09 f4       	brne	.+2      	; 0x2d16 <APP_voidFirstRun+0x62>
    2d14:	7d c0       	rjmp	.+250    	; 0x2e10 <APP_voidFirstRun+0x15c>
                L_u8Password,
                L_u8ConfirmPassword))
        {
            /* Save only when both are identical */
            APP_voidSavePassword(L_u8Password);
    2d16:	ce 01       	movw	r24, r28
    2d18:	4d 96       	adiw	r24, 0x1d	; 29
    2d1a:	0e 94 2d 16 	call	0x2c5a	; 0x2c5a <APP_voidSavePassword>

            HLCD_voidClrDisplay();
    2d1e:	0e 94 85 12 	call	0x250a	; 0x250a <HLCD_voidClrDisplay>

            HLCD_voidDisplayStr(
    2d22:	8d e8       	ldi	r24, 0x8D	; 141
    2d24:	90 e0       	ldi	r25, 0x00	; 0
    2d26:	0e 94 5c 12 	call	0x24b8	; 0x24b8 <HLCD_voidDisplayStr>
    2d2a:	80 e0       	ldi	r24, 0x00	; 0
    2d2c:	90 e8       	ldi	r25, 0x80	; 128
    2d2e:	ab eb       	ldi	r26, 0xBB	; 187
    2d30:	b4 e4       	ldi	r27, 0x44	; 68
    2d32:	89 8f       	std	Y+25, r24	; 0x19
    2d34:	9a 8f       	std	Y+26, r25	; 0x1a
    2d36:	ab 8f       	std	Y+27, r26	; 0x1b
    2d38:	bc 8f       	std	Y+28, r27	; 0x1c
 */
void
_delay_ms(double __ms)
{
	uint16_t __ticks;
	double __tmp = ((F_CPU) / 4e3) * __ms;
    2d3a:	69 8d       	ldd	r22, Y+25	; 0x19
    2d3c:	7a 8d       	ldd	r23, Y+26	; 0x1a
    2d3e:	8b 8d       	ldd	r24, Y+27	; 0x1b
    2d40:	9c 8d       	ldd	r25, Y+28	; 0x1c
    2d42:	20 e0       	ldi	r18, 0x00	; 0
    2d44:	30 e0       	ldi	r19, 0x00	; 0
    2d46:	4a ef       	ldi	r20, 0xFA	; 250
    2d48:	54 e4       	ldi	r21, 0x44	; 68
    2d4a:	0e 94 1f 02 	call	0x43e	; 0x43e <__mulsf3>
    2d4e:	dc 01       	movw	r26, r24
    2d50:	cb 01       	movw	r24, r22
    2d52:	8d 8b       	std	Y+21, r24	; 0x15
    2d54:	9e 8b       	std	Y+22, r25	; 0x16
    2d56:	af 8b       	std	Y+23, r26	; 0x17
    2d58:	b8 8f       	std	Y+24, r27	; 0x18
	if (__tmp < 1.0)
    2d5a:	6d 89       	ldd	r22, Y+21	; 0x15
    2d5c:	7e 89       	ldd	r23, Y+22	; 0x16
    2d5e:	8f 89       	ldd	r24, Y+23	; 0x17
    2d60:	98 8d       	ldd	r25, Y+24	; 0x18
    2d62:	20 e0       	ldi	r18, 0x00	; 0
    2d64:	30 e0       	ldi	r19, 0x00	; 0
    2d66:	40 e8       	ldi	r20, 0x80	; 128
    2d68:	5f e3       	ldi	r21, 0x3F	; 63
    2d6a:	0e 94 79 03 	call	0x6f2	; 0x6f2 <__ltsf2>
    2d6e:	88 23       	and	r24, r24
    2d70:	2c f4       	brge	.+10     	; 0x2d7c <APP_voidFirstRun+0xc8>
		__ticks = 1;
    2d72:	81 e0       	ldi	r24, 0x01	; 1
    2d74:	90 e0       	ldi	r25, 0x00	; 0
    2d76:	9c 8b       	std	Y+20, r25	; 0x14
    2d78:	8b 8b       	std	Y+19, r24	; 0x13
    2d7a:	3f c0       	rjmp	.+126    	; 0x2dfa <APP_voidFirstRun+0x146>
	else if (__tmp > 65535)
    2d7c:	6d 89       	ldd	r22, Y+21	; 0x15
    2d7e:	7e 89       	ldd	r23, Y+22	; 0x16
    2d80:	8f 89       	ldd	r24, Y+23	; 0x17
    2d82:	98 8d       	ldd	r25, Y+24	; 0x18
    2d84:	20 e0       	ldi	r18, 0x00	; 0
    2d86:	3f ef       	ldi	r19, 0xFF	; 255
    2d88:	4f e7       	ldi	r20, 0x7F	; 127
    2d8a:	57 e4       	ldi	r21, 0x47	; 71
    2d8c:	0e 94 19 03 	call	0x632	; 0x632 <__gtsf2>
    2d90:	18 16       	cp	r1, r24
    2d92:	4c f5       	brge	.+82     	; 0x2de6 <APP_voidFirstRun+0x132>
	{
		//	__ticks = requested delay in 1/10 ms
		__ticks = (uint16_t) (__ms * 10.0);
    2d94:	69 8d       	ldd	r22, Y+25	; 0x19
    2d96:	7a 8d       	ldd	r23, Y+26	; 0x1a
    2d98:	8b 8d       	ldd	r24, Y+27	; 0x1b
    2d9a:	9c 8d       	ldd	r25, Y+28	; 0x1c
    2d9c:	20 e0       	ldi	r18, 0x00	; 0
    2d9e:	30 e0       	ldi	r19, 0x00	; 0
    2da0:	40 e2       	ldi	r20, 0x20	; 32
    2da2:	51 e4       	ldi	r21, 0x41	; 65
    2da4:	0e 94 1f 02 	call	0x43e	; 0x43e <__mulsf3>
    2da8:	dc 01       	movw	r26, r24
    2daa:	cb 01       	movw	r24, r22
    2dac:	bc 01       	movw	r22, r24
    2dae:	cd 01       	movw	r24, r26
    2db0:	0e 94 49 00 	call	0x92	; 0x92 <__fixunssfsi>
    2db4:	dc 01       	movw	r26, r24
    2db6:	cb 01       	movw	r24, r22
    2db8:	9c 8b       	std	Y+20, r25	; 0x14
    2dba:	8b 8b       	std	Y+19, r24	; 0x13
    2dbc:	0f c0       	rjmp	.+30     	; 0x2ddc <APP_voidFirstRun+0x128>
    2dbe:	88 ec       	ldi	r24, 0xC8	; 200
    2dc0:	90 e0       	ldi	r25, 0x00	; 0
    2dc2:	9a 8b       	std	Y+18, r25	; 0x12
    2dc4:	89 8b       	std	Y+17, r24	; 0x11
    2dc6:	89 89       	ldd	r24, Y+17	; 0x11
    2dc8:	9a 89       	ldd	r25, Y+18	; 0x12
    2dca:	01 97       	sbiw	r24, 0x01	; 1
    2dcc:	f1 f7       	brne	.-4      	; 0x2dca <APP_voidFirstRun+0x116>
    2dce:	9a 8b       	std	Y+18, r25	; 0x12
    2dd0:	89 8b       	std	Y+17, r24	; 0x11
		while(__ticks)
		{
			// wait 1/10 ms
			_delay_loop_2(((F_CPU) / 4e3) / 10);
			__ticks --;
    2dd2:	8b 89       	ldd	r24, Y+19	; 0x13
    2dd4:	9c 89       	ldd	r25, Y+20	; 0x14
    2dd6:	01 97       	sbiw	r24, 0x01	; 1
    2dd8:	9c 8b       	std	Y+20, r25	; 0x14
    2dda:	8b 8b       	std	Y+19, r24	; 0x13
		__ticks = 1;
	else if (__tmp > 65535)
	{
		//	__ticks = requested delay in 1/10 ms
		__ticks = (uint16_t) (__ms * 10.0);
		while(__ticks)
    2ddc:	8b 89       	ldd	r24, Y+19	; 0x13
    2dde:	9c 89       	ldd	r25, Y+20	; 0x14
    2de0:	00 97       	sbiw	r24, 0x00	; 0
    2de2:	69 f7       	brne	.-38     	; 0x2dbe <APP_voidFirstRun+0x10a>
    2de4:	8e c0       	rjmp	.+284    	; 0x2f02 <APP_voidFirstRun+0x24e>
			__ticks --;
		}
		return;
	}
	else
		__ticks = (uint16_t)__tmp;
    2de6:	6d 89       	ldd	r22, Y+21	; 0x15
    2de8:	7e 89       	ldd	r23, Y+22	; 0x16
    2dea:	8f 89       	ldd	r24, Y+23	; 0x17
    2dec:	98 8d       	ldd	r25, Y+24	; 0x18
    2dee:	0e 94 49 00 	call	0x92	; 0x92 <__fixunssfsi>
    2df2:	dc 01       	movw	r26, r24
    2df4:	cb 01       	movw	r24, r22
    2df6:	9c 8b       	std	Y+20, r25	; 0x14
    2df8:	8b 8b       	std	Y+19, r24	; 0x13
    2dfa:	8b 89       	ldd	r24, Y+19	; 0x13
    2dfc:	9c 89       	ldd	r25, Y+20	; 0x14
    2dfe:	98 8b       	std	Y+16, r25	; 0x10
    2e00:	8f 87       	std	Y+15, r24	; 0x0f
    2e02:	8f 85       	ldd	r24, Y+15	; 0x0f
    2e04:	98 89       	ldd	r25, Y+16	; 0x10
    2e06:	01 97       	sbiw	r24, 0x01	; 1
    2e08:	f1 f7       	brne	.-4      	; 0x2e06 <APP_voidFirstRun+0x152>
    2e0a:	98 8b       	std	Y+16, r25	; 0x10
    2e0c:	8f 87       	std	Y+15, r24	; 0x0f
    2e0e:	79 c0       	rjmp	.+242    	; 0x2f02 <APP_voidFirstRun+0x24e>

            break;
        }
        else
        {
            HLCD_voidClrDisplay();
    2e10:	0e 94 85 12 	call	0x250a	; 0x250a <HLCD_voidClrDisplay>

            HLCD_voidDisplayStr(
    2e14:	88 e9       	ldi	r24, 0x98	; 152
    2e16:	90 e0       	ldi	r25, 0x00	; 0
    2e18:	0e 94 5c 12 	call	0x24b8	; 0x24b8 <HLCD_voidDisplayStr>
    2e1c:	80 e0       	ldi	r24, 0x00	; 0
    2e1e:	90 e8       	ldi	r25, 0x80	; 128
    2e20:	ab eb       	ldi	r26, 0xBB	; 187
    2e22:	b4 e4       	ldi	r27, 0x44	; 68
    2e24:	8b 87       	std	Y+11, r24	; 0x0b
    2e26:	9c 87       	std	Y+12, r25	; 0x0c
    2e28:	ad 87       	std	Y+13, r26	; 0x0d
    2e2a:	be 87       	std	Y+14, r27	; 0x0e
 */
void
_delay_ms(double __ms)
{
	uint16_t __ticks;
	double __tmp = ((F_CPU) / 4e3) * __ms;
    2e2c:	6b 85       	ldd	r22, Y+11	; 0x0b
    2e2e:	7c 85       	ldd	r23, Y+12	; 0x0c
    2e30:	8d 85       	ldd	r24, Y+13	; 0x0d
    2e32:	9e 85       	ldd	r25, Y+14	; 0x0e
    2e34:	20 e0       	ldi	r18, 0x00	; 0
    2e36:	30 e0       	ldi	r19, 0x00	; 0
    2e38:	4a ef       	ldi	r20, 0xFA	; 250
    2e3a:	54 e4       	ldi	r21, 0x44	; 68
    2e3c:	0e 94 1f 02 	call	0x43e	; 0x43e <__mulsf3>
    2e40:	dc 01       	movw	r26, r24
    2e42:	cb 01       	movw	r24, r22
    2e44:	8f 83       	std	Y+7, r24	; 0x07
    2e46:	98 87       	std	Y+8, r25	; 0x08
    2e48:	a9 87       	std	Y+9, r26	; 0x09
    2e4a:	ba 87       	std	Y+10, r27	; 0x0a
	if (__tmp < 1.0)
    2e4c:	6f 81       	ldd	r22, Y+7	; 0x07
    2e4e:	78 85       	ldd	r23, Y+8	; 0x08
    2e50:	89 85       	ldd	r24, Y+9	; 0x09
    2e52:	9a 85       	ldd	r25, Y+10	; 0x0a
    2e54:	20 e0       	ldi	r18, 0x00	; 0
    2e56:	30 e0       	ldi	r19, 0x00	; 0
    2e58:	40 e8       	ldi	r20, 0x80	; 128
    2e5a:	5f e3       	ldi	r21, 0x3F	; 63
    2e5c:	0e 94 79 03 	call	0x6f2	; 0x6f2 <__ltsf2>
    2e60:	88 23       	and	r24, r24
    2e62:	2c f4       	brge	.+10     	; 0x2e6e <APP_voidFirstRun+0x1ba>
		__ticks = 1;
    2e64:	81 e0       	ldi	r24, 0x01	; 1
    2e66:	90 e0       	ldi	r25, 0x00	; 0
    2e68:	9e 83       	std	Y+6, r25	; 0x06
    2e6a:	8d 83       	std	Y+5, r24	; 0x05
    2e6c:	3f c0       	rjmp	.+126    	; 0x2eec <APP_voidFirstRun+0x238>
	else if (__tmp > 65535)
    2e6e:	6f 81       	ldd	r22, Y+7	; 0x07
    2e70:	78 85       	ldd	r23, Y+8	; 0x08
    2e72:	89 85       	ldd	r24, Y+9	; 0x09
    2e74:	9a 85       	ldd	r25, Y+10	; 0x0a
    2e76:	20 e0       	ldi	r18, 0x00	; 0
    2e78:	3f ef       	ldi	r19, 0xFF	; 255
    2e7a:	4f e7       	ldi	r20, 0x7F	; 127
    2e7c:	57 e4       	ldi	r21, 0x47	; 71
    2e7e:	0e 94 19 03 	call	0x632	; 0x632 <__gtsf2>
    2e82:	18 16       	cp	r1, r24
    2e84:	4c f5       	brge	.+82     	; 0x2ed8 <APP_voidFirstRun+0x224>
	{
		//	__ticks = requested delay in 1/10 ms
		__ticks = (uint16_t) (__ms * 10.0);
    2e86:	6b 85       	ldd	r22, Y+11	; 0x0b
    2e88:	7c 85       	ldd	r23, Y+12	; 0x0c
    2e8a:	8d 85       	ldd	r24, Y+13	; 0x0d
    2e8c:	9e 85       	ldd	r25, Y+14	; 0x0e
    2e8e:	20 e0       	ldi	r18, 0x00	; 0
    2e90:	30 e0       	ldi	r19, 0x00	; 0
    2e92:	40 e2       	ldi	r20, 0x20	; 32
    2e94:	51 e4       	ldi	r21, 0x41	; 65
    2e96:	0e 94 1f 02 	call	0x43e	; 0x43e <__mulsf3>
    2e9a:	dc 01       	movw	r26, r24
    2e9c:	cb 01       	movw	r24, r22
    2e9e:	bc 01       	movw	r22, r24
    2ea0:	cd 01       	movw	r24, r26
    2ea2:	0e 94 49 00 	call	0x92	; 0x92 <__fixunssfsi>
    2ea6:	dc 01       	movw	r26, r24
    2ea8:	cb 01       	movw	r24, r22
    2eaa:	9e 83       	std	Y+6, r25	; 0x06
    2eac:	8d 83       	std	Y+5, r24	; 0x05
    2eae:	0f c0       	rjmp	.+30     	; 0x2ece <APP_voidFirstRun+0x21a>
    2eb0:	88 ec       	ldi	r24, 0xC8	; 200
    2eb2:	90 e0       	ldi	r25, 0x00	; 0
    2eb4:	9c 83       	std	Y+4, r25	; 0x04
    2eb6:	8b 83       	std	Y+3, r24	; 0x03
    2eb8:	8b 81       	ldd	r24, Y+3	; 0x03
    2eba:	9c 81       	ldd	r25, Y+4	; 0x04
    2ebc:	01 97       	sbiw	r24, 0x01	; 1
    2ebe:	f1 f7       	brne	.-4      	; 0x2ebc <APP_voidFirstRun+0x208>
    2ec0:	9c 83       	std	Y+4, r25	; 0x04
    2ec2:	8b 83       	std	Y+3, r24	; 0x03
		while(__ticks)
		{
			// wait 1/10 ms
			_delay_loop_2(((F_CPU) / 4e3) / 10);
			__ticks --;
    2ec4:	8d 81       	ldd	r24, Y+5	; 0x05
    2ec6:	9e 81       	ldd	r25, Y+6	; 0x06
    2ec8:	01 97       	sbiw	r24, 0x01	; 1
    2eca:	9e 83       	std	Y+6, r25	; 0x06
    2ecc:	8d 83       	std	Y+5, r24	; 0x05
		__ticks = 1;
	else if (__tmp > 65535)
	{
		//	__ticks = requested delay in 1/10 ms
		__ticks = (uint16_t) (__ms * 10.0);
		while(__ticks)
    2ece:	8d 81       	ldd	r24, Y+5	; 0x05
    2ed0:	9e 81       	ldd	r25, Y+6	; 0x06
    2ed2:	00 97       	sbiw	r24, 0x00	; 0
    2ed4:	69 f7       	brne	.-38     	; 0x2eb0 <APP_voidFirstRun+0x1fc>
    2ed6:	f8 ce       	rjmp	.-528    	; 0x2cc8 <APP_voidFirstRun+0x14>
			__ticks --;
		}
		return;
	}
	else
		__ticks = (uint16_t)__tmp;
    2ed8:	6f 81       	ldd	r22, Y+7	; 0x07
    2eda:	78 85       	ldd	r23, Y+8	; 0x08
    2edc:	89 85       	ldd	r24, Y+9	; 0x09
    2ede:	9a 85       	ldd	r25, Y+10	; 0x0a
    2ee0:	0e 94 49 00 	call	0x92	; 0x92 <__fixunssfsi>
    2ee4:	dc 01       	movw	r26, r24
    2ee6:	cb 01       	movw	r24, r22
    2ee8:	9e 83       	std	Y+6, r25	; 0x06
    2eea:	8d 83       	std	Y+5, r24	; 0x05
    2eec:	8d 81       	ldd	r24, Y+5	; 0x05
    2eee:	9e 81       	ldd	r25, Y+6	; 0x06
    2ef0:	9a 83       	std	Y+2, r25	; 0x02
    2ef2:	89 83       	std	Y+1, r24	; 0x01
    2ef4:	89 81       	ldd	r24, Y+1	; 0x01
    2ef6:	9a 81       	ldd	r25, Y+2	; 0x02
    2ef8:	01 97       	sbiw	r24, 0x01	; 1
    2efa:	f1 f7       	brne	.-4      	; 0x2ef8 <APP_voidFirstRun+0x244>
    2efc:	9a 83       	std	Y+2, r25	; 0x02
    2efe:	89 83       	std	Y+1, r24	; 0x01
    2f00:	e3 ce       	rjmp	.-570    	; 0x2cc8 <APP_voidFirstRun+0x14>
            _delay_ms(1500);

            /* Repeat first-run process */
        }
    }
}
    2f02:	a4 96       	adiw	r28, 0x24	; 36
    2f04:	0f b6       	in	r0, 0x3f	; 63
    2f06:	f8 94       	cli
    2f08:	de bf       	out	0x3e, r29	; 62
    2f0a:	0f be       	out	0x3f, r0	; 63
    2f0c:	cd bf       	out	0x3d, r28	; 61
    2f0e:	cf 91       	pop	r28
    2f10:	df 91       	pop	r29
    2f12:	08 95       	ret

00002f14 <APP_voidLoadPassword>:


/*Load password from EEPROM*/

static void APP_voidLoadPassword(void)
{
    2f14:	0f 93       	push	r16
    2f16:	1f 93       	push	r17
    2f18:	df 93       	push	r29
    2f1a:	cf 93       	push	r28
    2f1c:	0f 92       	push	r0
    2f1e:	cd b7       	in	r28, 0x3d	; 61
    2f20:	de b7       	in	r29, 0x3e	; 62
    u8 L_u8Index;

    for (L_u8Index = 0;
    2f22:	19 82       	std	Y+1, r1	; 0x01
    2f24:	10 c0       	rjmp	.+32     	; 0x2f46 <APP_voidLoadPassword+0x32>
         L_u8Index < PASSWORD_LENGTH;
         L_u8Index++)
    {
        G_u8Password[L_u8Index] =
    2f26:	89 81       	ldd	r24, Y+1	; 0x01
    2f28:	08 2f       	mov	r16, r24
    2f2a:	10 e0       	ldi	r17, 0x00	; 0
    2f2c:	89 81       	ldd	r24, Y+1	; 0x01
    2f2e:	88 2f       	mov	r24, r24
    2f30:	90 e0       	ldi	r25, 0x00	; 0
    2f32:	01 96       	adiw	r24, 0x01	; 1
    2f34:	0e 94 d6 05 	call	0xbac	; 0xbac <MEEPROM_u8ReadData>
    2f38:	f8 01       	movw	r30, r16
    2f3a:	e4 52       	subi	r30, 0x24	; 36
    2f3c:	ff 4f       	sbci	r31, 0xFF	; 255
    2f3e:	80 83       	st	Z, r24
{
    u8 L_u8Index;

    for (L_u8Index = 0;
         L_u8Index < PASSWORD_LENGTH;
         L_u8Index++)
    2f40:	89 81       	ldd	r24, Y+1	; 0x01
    2f42:	8f 5f       	subi	r24, 0xFF	; 255
    2f44:	89 83       	std	Y+1, r24	; 0x01
static void APP_voidLoadPassword(void)
{
    u8 L_u8Index;

    for (L_u8Index = 0;
         L_u8Index < PASSWORD_LENGTH;
    2f46:	89 81       	ldd	r24, Y+1	; 0x01
    2f48:	84 30       	cpi	r24, 0x04	; 4
    2f4a:	68 f3       	brcs	.-38     	; 0x2f26 <APP_voidLoadPassword+0x12>
        G_u8Password[L_u8Index] =
            MEEPROM_u8ReadData(
                EEPROM_PASS_ADDRESS + L_u8Index
            );
    }
}
    2f4c:	0f 90       	pop	r0
    2f4e:	cf 91       	pop	r28
    2f50:	df 91       	pop	r29
    2f52:	1f 91       	pop	r17
    2f54:	0f 91       	pop	r16
    2f56:	08 95       	ret

00002f58 <APP_voidLogin>:


/*Normal Login*/

static void APP_voidLogin(void)
{
    2f58:	df 93       	push	r29
    2f5a:	cf 93       	push	r28
    2f5c:	cd b7       	in	r28, 0x3d	; 61
    2f5e:	de b7       	in	r29, 0x3e	; 62
    2f60:	a0 97       	sbiw	r28, 0x20	; 32
    2f62:	0f b6       	in	r0, 0x3f	; 63
    2f64:	f8 94       	cli
    2f66:	de bf       	out	0x3e, r29	; 62
    2f68:	0f be       	out	0x3f, r0	; 63
    2f6a:	cd bf       	out	0x3d, r28	; 61
    u8 L_u8EnteredPassword[PASSWORD_LENGTH];

    HLCD_voidClrDisplay();
    2f6c:	0e 94 85 12 	call	0x250a	; 0x250a <HLCD_voidClrDisplay>

    HLCD_voidDisplayStr(
    2f70:	82 ea       	ldi	r24, 0xA2	; 162
    2f72:	90 e0       	ldi	r25, 0x00	; 0
    2f74:	0e 94 5c 12 	call	0x24b8	; 0x24b8 <HLCD_voidDisplayStr>
        (u8*)"Enter Pass"
    );

    HLCD_voidMoveCursor(
    2f78:	81 e0       	ldi	r24, 0x01	; 1
    2f7a:	60 e0       	ldi	r22, 0x00	; 0
    2f7c:	0e 94 1d 14 	call	0x283a	; 0x283a <HLCD_voidMoveCursor>
        LCD_ROW1,
        LCD_COL0
    );

    APP_voidReadPassword(
    2f80:	ce 01       	movw	r24, r28
    2f82:	4d 96       	adiw	r24, 0x1d	; 29
    2f84:	0e 94 b3 15 	call	0x2b66	; 0x2b66 <APP_voidReadPassword>
        L_u8EnteredPassword
    );


    /*Compare with saved password*/
    if (APP_u8ComparePasswords(
    2f88:	8c ed       	ldi	r24, 0xDC	; 220
    2f8a:	90 e0       	ldi	r25, 0x00	; 0
    2f8c:	9e 01       	movw	r18, r28
    2f8e:	23 5e       	subi	r18, 0xE3	; 227
    2f90:	3f 4f       	sbci	r19, 0xFF	; 255
    2f92:	b9 01       	movw	r22, r18
    2f94:	0e 94 f8 15 	call	0x2bf0	; 0x2bf0 <APP_u8ComparePasswords>
    2f98:	88 23       	and	r24, r24
    2f9a:	09 f4       	brne	.+2      	; 0x2f9e <APP_voidLogin+0x46>
    2f9c:	79 c0       	rjmp	.+242    	; 0x3090 <APP_voidLogin+0x138>
            G_u8Password,
            L_u8EnteredPassword))
    {
        HLCD_voidClrDisplay();
    2f9e:	0e 94 85 12 	call	0x250a	; 0x250a <HLCD_voidClrDisplay>

        HLCD_voidDisplayStr(
    2fa2:	8d ea       	ldi	r24, 0xAD	; 173
    2fa4:	90 e0       	ldi	r25, 0x00	; 0
    2fa6:	0e 94 5c 12 	call	0x24b8	; 0x24b8 <HLCD_voidDisplayStr>
    2faa:	80 e0       	ldi	r24, 0x00	; 0
    2fac:	90 e8       	ldi	r25, 0x80	; 128
    2fae:	ab eb       	ldi	r26, 0xBB	; 187
    2fb0:	b4 e4       	ldi	r27, 0x44	; 68
    2fb2:	89 8f       	std	Y+25, r24	; 0x19
    2fb4:	9a 8f       	std	Y+26, r25	; 0x1a
    2fb6:	ab 8f       	std	Y+27, r26	; 0x1b
    2fb8:	bc 8f       	std	Y+28, r27	; 0x1c
 */
void
_delay_ms(double __ms)
{
	uint16_t __ticks;
	double __tmp = ((F_CPU) / 4e3) * __ms;
    2fba:	69 8d       	ldd	r22, Y+25	; 0x19
    2fbc:	7a 8d       	ldd	r23, Y+26	; 0x1a
    2fbe:	8b 8d       	ldd	r24, Y+27	; 0x1b
    2fc0:	9c 8d       	ldd	r25, Y+28	; 0x1c
    2fc2:	20 e0       	ldi	r18, 0x00	; 0
    2fc4:	30 e0       	ldi	r19, 0x00	; 0
    2fc6:	4a ef       	ldi	r20, 0xFA	; 250
    2fc8:	54 e4       	ldi	r21, 0x44	; 68
    2fca:	0e 94 1f 02 	call	0x43e	; 0x43e <__mulsf3>
    2fce:	dc 01       	movw	r26, r24
    2fd0:	cb 01       	movw	r24, r22
    2fd2:	8d 8b       	std	Y+21, r24	; 0x15
    2fd4:	9e 8b       	std	Y+22, r25	; 0x16
    2fd6:	af 8b       	std	Y+23, r26	; 0x17
    2fd8:	b8 8f       	std	Y+24, r27	; 0x18
	if (__tmp < 1.0)
    2fda:	6d 89       	ldd	r22, Y+21	; 0x15
    2fdc:	7e 89       	ldd	r23, Y+22	; 0x16
    2fde:	8f 89       	ldd	r24, Y+23	; 0x17
    2fe0:	98 8d       	ldd	r25, Y+24	; 0x18
    2fe2:	20 e0       	ldi	r18, 0x00	; 0
    2fe4:	30 e0       	ldi	r19, 0x00	; 0
    2fe6:	40 e8       	ldi	r20, 0x80	; 128
    2fe8:	5f e3       	ldi	r21, 0x3F	; 63
    2fea:	0e 94 79 03 	call	0x6f2	; 0x6f2 <__ltsf2>
    2fee:	88 23       	and	r24, r24
    2ff0:	2c f4       	brge	.+10     	; 0x2ffc <APP_voidLogin+0xa4>
		__ticks = 1;
    2ff2:	81 e0       	ldi	r24, 0x01	; 1
    2ff4:	90 e0       	ldi	r25, 0x00	; 0
    2ff6:	9c 8b       	std	Y+20, r25	; 0x14
    2ff8:	8b 8b       	std	Y+19, r24	; 0x13
    2ffa:	3f c0       	rjmp	.+126    	; 0x307a <APP_voidLogin+0x122>
	else if (__tmp > 65535)
    2ffc:	6d 89       	ldd	r22, Y+21	; 0x15
    2ffe:	7e 89       	ldd	r23, Y+22	; 0x16
    3000:	8f 89       	ldd	r24, Y+23	; 0x17
    3002:	98 8d       	ldd	r25, Y+24	; 0x18
    3004:	20 e0       	ldi	r18, 0x00	; 0
    3006:	3f ef       	ldi	r19, 0xFF	; 255
    3008:	4f e7       	ldi	r20, 0x7F	; 127
    300a:	57 e4       	ldi	r21, 0x47	; 71
    300c:	0e 94 19 03 	call	0x632	; 0x632 <__gtsf2>
    3010:	18 16       	cp	r1, r24
    3012:	4c f5       	brge	.+82     	; 0x3066 <APP_voidLogin+0x10e>
	{
		//	__ticks = requested delay in 1/10 ms
		__ticks = (uint16_t) (__ms * 10.0);
    3014:	69 8d       	ldd	r22, Y+25	; 0x19
    3016:	7a 8d       	ldd	r23, Y+26	; 0x1a
    3018:	8b 8d       	ldd	r24, Y+27	; 0x1b
    301a:	9c 8d       	ldd	r25, Y+28	; 0x1c
    301c:	20 e0       	ldi	r18, 0x00	; 0
    301e:	30 e0       	ldi	r19, 0x00	; 0
    3020:	40 e2       	ldi	r20, 0x20	; 32
    3022:	51 e4       	ldi	r21, 0x41	; 65
    3024:	0e 94 1f 02 	call	0x43e	; 0x43e <__mulsf3>
    3028:	dc 01       	movw	r26, r24
    302a:	cb 01       	movw	r24, r22
    302c:	bc 01       	movw	r22, r24
    302e:	cd 01       	movw	r24, r26
    3030:	0e 94 49 00 	call	0x92	; 0x92 <__fixunssfsi>
    3034:	dc 01       	movw	r26, r24
    3036:	cb 01       	movw	r24, r22
    3038:	9c 8b       	std	Y+20, r25	; 0x14
    303a:	8b 8b       	std	Y+19, r24	; 0x13
    303c:	0f c0       	rjmp	.+30     	; 0x305c <APP_voidLogin+0x104>
    303e:	88 ec       	ldi	r24, 0xC8	; 200
    3040:	90 e0       	ldi	r25, 0x00	; 0
    3042:	9a 8b       	std	Y+18, r25	; 0x12
    3044:	89 8b       	std	Y+17, r24	; 0x11
    3046:	89 89       	ldd	r24, Y+17	; 0x11
    3048:	9a 89       	ldd	r25, Y+18	; 0x12
    304a:	01 97       	sbiw	r24, 0x01	; 1
    304c:	f1 f7       	brne	.-4      	; 0x304a <APP_voidLogin+0xf2>
    304e:	9a 8b       	std	Y+18, r25	; 0x12
    3050:	89 8b       	std	Y+17, r24	; 0x11
		while(__ticks)
		{
			// wait 1/10 ms
			_delay_loop_2(((F_CPU) / 4e3) / 10);
			__ticks --;
    3052:	8b 89       	ldd	r24, Y+19	; 0x13
    3054:	9c 89       	ldd	r25, Y+20	; 0x14
    3056:	01 97       	sbiw	r24, 0x01	; 1
    3058:	9c 8b       	std	Y+20, r25	; 0x14
    305a:	8b 8b       	std	Y+19, r24	; 0x13
		__ticks = 1;
	else if (__tmp > 65535)
	{
		//	__ticks = requested delay in 1/10 ms
		__ticks = (uint16_t) (__ms * 10.0);
		while(__ticks)
    305c:	8b 89       	ldd	r24, Y+19	; 0x13
    305e:	9c 89       	ldd	r25, Y+20	; 0x14
    3060:	00 97       	sbiw	r24, 0x00	; 0
    3062:	69 f7       	brne	.-38     	; 0x303e <APP_voidLogin+0xe6>
    3064:	8d c0       	rjmp	.+282    	; 0x3180 <APP_voidLogin+0x228>
			__ticks --;
		}
		return;
	}
	else
		__ticks = (uint16_t)__tmp;
    3066:	6d 89       	ldd	r22, Y+21	; 0x15
    3068:	7e 89       	ldd	r23, Y+22	; 0x16
    306a:	8f 89       	ldd	r24, Y+23	; 0x17
    306c:	98 8d       	ldd	r25, Y+24	; 0x18
    306e:	0e 94 49 00 	call	0x92	; 0x92 <__fixunssfsi>
    3072:	dc 01       	movw	r26, r24
    3074:	cb 01       	movw	r24, r22
    3076:	9c 8b       	std	Y+20, r25	; 0x14
    3078:	8b 8b       	std	Y+19, r24	; 0x13
    307a:	8b 89       	ldd	r24, Y+19	; 0x13
    307c:	9c 89       	ldd	r25, Y+20	; 0x14
    307e:	98 8b       	std	Y+16, r25	; 0x10
    3080:	8f 87       	std	Y+15, r24	; 0x0f
    3082:	8f 85       	ldd	r24, Y+15	; 0x0f
    3084:	98 89       	ldd	r25, Y+16	; 0x10
    3086:	01 97       	sbiw	r24, 0x01	; 1
    3088:	f1 f7       	brne	.-4      	; 0x3086 <APP_voidLogin+0x12e>
    308a:	98 8b       	std	Y+16, r25	; 0x10
    308c:	8f 87       	std	Y+15, r24	; 0x0f
    308e:	78 c0       	rjmp	.+240    	; 0x3180 <APP_voidLogin+0x228>

        _delay_ms(1500);
    }
    else
    {
        HLCD_voidClrDisplay();
    3090:	0e 94 85 12 	call	0x250a	; 0x250a <HLCD_voidClrDisplay>

        HLCD_voidDisplayStr(
    3094:	88 eb       	ldi	r24, 0xB8	; 184
    3096:	90 e0       	ldi	r25, 0x00	; 0
    3098:	0e 94 5c 12 	call	0x24b8	; 0x24b8 <HLCD_voidDisplayStr>
    309c:	80 e0       	ldi	r24, 0x00	; 0
    309e:	90 e8       	ldi	r25, 0x80	; 128
    30a0:	ab eb       	ldi	r26, 0xBB	; 187
    30a2:	b4 e4       	ldi	r27, 0x44	; 68
    30a4:	8b 87       	std	Y+11, r24	; 0x0b
    30a6:	9c 87       	std	Y+12, r25	; 0x0c
    30a8:	ad 87       	std	Y+13, r26	; 0x0d
    30aa:	be 87       	std	Y+14, r27	; 0x0e
 */
void
_delay_ms(double __ms)
{
	uint16_t __ticks;
	double __tmp = ((F_CPU) / 4e3) * __ms;
    30ac:	6b 85       	ldd	r22, Y+11	; 0x0b
    30ae:	7c 85       	ldd	r23, Y+12	; 0x0c
    30b0:	8d 85       	ldd	r24, Y+13	; 0x0d
    30b2:	9e 85       	ldd	r25, Y+14	; 0x0e
    30b4:	20 e0       	ldi	r18, 0x00	; 0
    30b6:	30 e0       	ldi	r19, 0x00	; 0
    30b8:	4a ef       	ldi	r20, 0xFA	; 250
    30ba:	54 e4       	ldi	r21, 0x44	; 68
    30bc:	0e 94 1f 02 	call	0x43e	; 0x43e <__mulsf3>
    30c0:	dc 01       	movw	r26, r24
    30c2:	cb 01       	movw	r24, r22
    30c4:	8f 83       	std	Y+7, r24	; 0x07
    30c6:	98 87       	std	Y+8, r25	; 0x08
    30c8:	a9 87       	std	Y+9, r26	; 0x09
    30ca:	ba 87       	std	Y+10, r27	; 0x0a
	if (__tmp < 1.0)
    30cc:	6f 81       	ldd	r22, Y+7	; 0x07
    30ce:	78 85       	ldd	r23, Y+8	; 0x08
    30d0:	89 85       	ldd	r24, Y+9	; 0x09
    30d2:	9a 85       	ldd	r25, Y+10	; 0x0a
    30d4:	20 e0       	ldi	r18, 0x00	; 0
    30d6:	30 e0       	ldi	r19, 0x00	; 0
    30d8:	40 e8       	ldi	r20, 0x80	; 128
    30da:	5f e3       	ldi	r21, 0x3F	; 63
    30dc:	0e 94 79 03 	call	0x6f2	; 0x6f2 <__ltsf2>
    30e0:	88 23       	and	r24, r24
    30e2:	2c f4       	brge	.+10     	; 0x30ee <APP_voidLogin+0x196>
		__ticks = 1;
    30e4:	81 e0       	ldi	r24, 0x01	; 1
    30e6:	90 e0       	ldi	r25, 0x00	; 0
    30e8:	9e 83       	std	Y+6, r25	; 0x06
    30ea:	8d 83       	std	Y+5, r24	; 0x05
    30ec:	3f c0       	rjmp	.+126    	; 0x316c <APP_voidLogin+0x214>
	else if (__tmp > 65535)
    30ee:	6f 81       	ldd	r22, Y+7	; 0x07
    30f0:	78 85       	ldd	r23, Y+8	; 0x08
    30f2:	89 85       	ldd	r24, Y+9	; 0x09
    30f4:	9a 85       	ldd	r25, Y+10	; 0x0a
    30f6:	20 e0       	ldi	r18, 0x00	; 0
    30f8:	3f ef       	ldi	r19, 0xFF	; 255
    30fa:	4f e7       	ldi	r20, 0x7F	; 127
    30fc:	57 e4       	ldi	r21, 0x47	; 71
    30fe:	0e 94 19 03 	call	0x632	; 0x632 <__gtsf2>
    3102:	18 16       	cp	r1, r24
    3104:	4c f5       	brge	.+82     	; 0x3158 <APP_voidLogin+0x200>
	{
		//	__ticks = requested delay in 1/10 ms
		__ticks = (uint16_t) (__ms * 10.0);
    3106:	6b 85       	ldd	r22, Y+11	; 0x0b
    3108:	7c 85       	ldd	r23, Y+12	; 0x0c
    310a:	8d 85       	ldd	r24, Y+13	; 0x0d
    310c:	9e 85       	ldd	r25, Y+14	; 0x0e
    310e:	20 e0       	ldi	r18, 0x00	; 0
    3110:	30 e0       	ldi	r19, 0x00	; 0
    3112:	40 e2       	ldi	r20, 0x20	; 32
    3114:	51 e4       	ldi	r21, 0x41	; 65
    3116:	0e 94 1f 02 	call	0x43e	; 0x43e <__mulsf3>
    311a:	dc 01       	movw	r26, r24
    311c:	cb 01       	movw	r24, r22
    311e:	bc 01       	movw	r22, r24
    3120:	cd 01       	movw	r24, r26
    3122:	0e 94 49 00 	call	0x92	; 0x92 <__fixunssfsi>
    3126:	dc 01       	movw	r26, r24
    3128:	cb 01       	movw	r24, r22
    312a:	9e 83       	std	Y+6, r25	; 0x06
    312c:	8d 83       	std	Y+5, r24	; 0x05
    312e:	0f c0       	rjmp	.+30     	; 0x314e <APP_voidLogin+0x1f6>
    3130:	88 ec       	ldi	r24, 0xC8	; 200
    3132:	90 e0       	ldi	r25, 0x00	; 0
    3134:	9c 83       	std	Y+4, r25	; 0x04
    3136:	8b 83       	std	Y+3, r24	; 0x03
    3138:	8b 81       	ldd	r24, Y+3	; 0x03
    313a:	9c 81       	ldd	r25, Y+4	; 0x04
    313c:	01 97       	sbiw	r24, 0x01	; 1
    313e:	f1 f7       	brne	.-4      	; 0x313c <APP_voidLogin+0x1e4>
    3140:	9c 83       	std	Y+4, r25	; 0x04
    3142:	8b 83       	std	Y+3, r24	; 0x03
		while(__ticks)
		{
			// wait 1/10 ms
			_delay_loop_2(((F_CPU) / 4e3) / 10);
			__ticks --;
    3144:	8d 81       	ldd	r24, Y+5	; 0x05
    3146:	9e 81       	ldd	r25, Y+6	; 0x06
    3148:	01 97       	sbiw	r24, 0x01	; 1
    314a:	9e 83       	std	Y+6, r25	; 0x06
    314c:	8d 83       	std	Y+5, r24	; 0x05
		__ticks = 1;
	else if (__tmp > 65535)
	{
		//	__ticks = requested delay in 1/10 ms
		__ticks = (uint16_t) (__ms * 10.0);
		while(__ticks)
    314e:	8d 81       	ldd	r24, Y+5	; 0x05
    3150:	9e 81       	ldd	r25, Y+6	; 0x06
    3152:	00 97       	sbiw	r24, 0x00	; 0
    3154:	69 f7       	brne	.-38     	; 0x3130 <APP_voidLogin+0x1d8>
    3156:	14 c0       	rjmp	.+40     	; 0x3180 <APP_voidLogin+0x228>
			__ticks --;
		}
		return;
	}
	else
		__ticks = (uint16_t)__tmp;
    3158:	6f 81       	ldd	r22, Y+7	; 0x07
    315a:	78 85       	ldd	r23, Y+8	; 0x08
    315c:	89 85       	ldd	r24, Y+9	; 0x09
    315e:	9a 85       	ldd	r25, Y+10	; 0x0a
    3160:	0e 94 49 00 	call	0x92	; 0x92 <__fixunssfsi>
    3164:	dc 01       	movw	r26, r24
    3166:	cb 01       	movw	r24, r22
    3168:	9e 83       	std	Y+6, r25	; 0x06
    316a:	8d 83       	std	Y+5, r24	; 0x05
    316c:	8d 81       	ldd	r24, Y+5	; 0x05
    316e:	9e 81       	ldd	r25, Y+6	; 0x06
    3170:	9a 83       	std	Y+2, r25	; 0x02
    3172:	89 83       	std	Y+1, r24	; 0x01
    3174:	89 81       	ldd	r24, Y+1	; 0x01
    3176:	9a 81       	ldd	r25, Y+2	; 0x02
    3178:	01 97       	sbiw	r24, 0x01	; 1
    317a:	f1 f7       	brne	.-4      	; 0x3178 <APP_voidLogin+0x220>
    317c:	9a 83       	std	Y+2, r25	; 0x02
    317e:	89 83       	std	Y+1, r24	; 0x01
            (u8*)"Wrong Pass"
        );

        _delay_ms(1500);
    }
}
    3180:	a0 96       	adiw	r28, 0x20	; 32
    3182:	0f b6       	in	r0, 0x3f	; 63
    3184:	f8 94       	cli
    3186:	de bf       	out	0x3e, r29	; 62
    3188:	0f be       	out	0x3f, r0	; 63
    318a:	cd bf       	out	0x3d, r28	; 61
    318c:	cf 91       	pop	r28
    318e:	df 91       	pop	r29
    3190:	08 95       	ret

00003192 <APP_voidLoginInit>:


/*Initialize Login System*/

void APP_voidLoginInit(void)
{
    3192:	df 93       	push	r29
    3194:	cf 93       	push	r28
    3196:	cd b7       	in	r28, 0x3d	; 61
    3198:	de b7       	in	r29, 0x3e	; 62
    HLCD_voidInit();
    319a:	0e 94 15 0a 	call	0x142a	; 0x142a <HLCD_voidInit>

    HKP_voidInit(LOGIN_KP_PORT);
    319e:	83 e0       	ldi	r24, 0x03	; 3
    31a0:	0e 94 3b 14 	call	0x2876	; 0x2876 <HKP_voidInit>
}
    31a4:	cf 91       	pop	r28
    31a6:	df 91       	pop	r29
    31a8:	08 95       	ret

000031aa <APP_voidLoginStart>:


/*Start Login System*/

void APP_voidLoginStart(void)
{
    31aa:	df 93       	push	r29
    31ac:	cf 93       	push	r28
    31ae:	0f 92       	push	r0
    31b0:	cd b7       	in	r28, 0x3d	; 61
    31b2:	de b7       	in	r29, 0x3e	; 62
    u8 L_u8Flag;

    /* Read initialization flag */
    L_u8Flag =
    31b4:	80 e0       	ldi	r24, 0x00	; 0
    31b6:	90 e0       	ldi	r25, 0x00	; 0
    31b8:	0e 94 d6 05 	call	0xbac	; 0xbac <MEEPROM_u8ReadData>
    31bc:	89 83       	std	Y+1, r24	; 0x01
            EEPROM_FLAG_ADDRESS
        );


    /*First run*/
    if (L_u8Flag != PASSWORD_SAVED)
    31be:	89 81       	ldd	r24, Y+1	; 0x01
    31c0:	8a 3a       	cpi	r24, 0xAA	; 170
    31c2:	11 f0       	breq	.+4      	; 0x31c8 <APP_voidLoginStart+0x1e>
    {
        APP_voidFirstRun();
    31c4:	0e 94 5a 16 	call	0x2cb4	; 0x2cb4 <APP_voidFirstRun>
    }


    /*Password already exists*/
    APP_voidLoadPassword();
    31c8:	0e 94 8a 17 	call	0x2f14	; 0x2f14 <APP_voidLoadPassword>


    /*Login loop*/
    while (1)
    {
        APP_voidLogin();
    31cc:	0e 94 ac 17 	call	0x2f58	; 0x2f58 <APP_voidLogin>
    31d0:	fd cf       	rjmp	.-6      	; 0x31cc <APP_voidLoginStart+0x22>

000031d2 <main>:
 *      Author: youss
 */
#include "APP/Login.h"

int main(void)
{
    31d2:	df 93       	push	r29
    31d4:	cf 93       	push	r28
    31d6:	cd b7       	in	r28, 0x3d	; 61
    31d8:	de b7       	in	r29, 0x3e	; 62
    APP_voidLoginInit();
    31da:	0e 94 c9 18 	call	0x3192	; 0x3192 <APP_voidLoginInit>

    APP_voidLoginStart();
    31de:	0e 94 d5 18 	call	0x31aa	; 0x31aa <APP_voidLoginStart>

    return 0;
    31e2:	80 e0       	ldi	r24, 0x00	; 0
    31e4:	90 e0       	ldi	r25, 0x00	; 0
}
    31e6:	cf 91       	pop	r28
    31e8:	df 91       	pop	r29
    31ea:	08 95       	ret

000031ec <__prologue_saves__>:
    31ec:	2f 92       	push	r2
    31ee:	3f 92       	push	r3
    31f0:	4f 92       	push	r4
    31f2:	5f 92       	push	r5
    31f4:	6f 92       	push	r6
    31f6:	7f 92       	push	r7
    31f8:	8f 92       	push	r8
    31fa:	9f 92       	push	r9
    31fc:	af 92       	push	r10
    31fe:	bf 92       	push	r11
    3200:	cf 92       	push	r12
    3202:	df 92       	push	r13
    3204:	ef 92       	push	r14
    3206:	ff 92       	push	r15
    3208:	0f 93       	push	r16
    320a:	1f 93       	push	r17
    320c:	cf 93       	push	r28
    320e:	df 93       	push	r29
    3210:	cd b7       	in	r28, 0x3d	; 61
    3212:	de b7       	in	r29, 0x3e	; 62
    3214:	ca 1b       	sub	r28, r26
    3216:	db 0b       	sbc	r29, r27
    3218:	0f b6       	in	r0, 0x3f	; 63
    321a:	f8 94       	cli
    321c:	de bf       	out	0x3e, r29	; 62
    321e:	0f be       	out	0x3f, r0	; 63
    3220:	cd bf       	out	0x3d, r28	; 61
    3222:	09 94       	ijmp

00003224 <__epilogue_restores__>:
    3224:	2a 88       	ldd	r2, Y+18	; 0x12
    3226:	39 88       	ldd	r3, Y+17	; 0x11
    3228:	48 88       	ldd	r4, Y+16	; 0x10
    322a:	5f 84       	ldd	r5, Y+15	; 0x0f
    322c:	6e 84       	ldd	r6, Y+14	; 0x0e
    322e:	7d 84       	ldd	r7, Y+13	; 0x0d
    3230:	8c 84       	ldd	r8, Y+12	; 0x0c
    3232:	9b 84       	ldd	r9, Y+11	; 0x0b
    3234:	aa 84       	ldd	r10, Y+10	; 0x0a
    3236:	b9 84       	ldd	r11, Y+9	; 0x09
    3238:	c8 84       	ldd	r12, Y+8	; 0x08
    323a:	df 80       	ldd	r13, Y+7	; 0x07
    323c:	ee 80       	ldd	r14, Y+6	; 0x06
    323e:	fd 80       	ldd	r15, Y+5	; 0x05
    3240:	0c 81       	ldd	r16, Y+4	; 0x04
    3242:	1b 81       	ldd	r17, Y+3	; 0x03
    3244:	aa 81       	ldd	r26, Y+2	; 0x02
    3246:	b9 81       	ldd	r27, Y+1	; 0x01
    3248:	ce 0f       	add	r28, r30
    324a:	d1 1d       	adc	r29, r1
    324c:	0f b6       	in	r0, 0x3f	; 63
    324e:	f8 94       	cli
    3250:	de bf       	out	0x3e, r29	; 62
    3252:	0f be       	out	0x3f, r0	; 63
    3254:	cd bf       	out	0x3d, r28	; 61
    3256:	ed 01       	movw	r28, r26
    3258:	08 95       	ret

0000325a <_exit>:
    325a:	f8 94       	cli

0000325c <__stop_program>:
    325c:	ff cf       	rjmp	.-2      	; 0x325c <__stop_program>
